tournament,stage,matchday,player,player_id,team,team_id,kills,kill_share,raw_kill_share,team_average_placement,raw_team_average_placement,games,team_games,team_total_kills,lobby_kills,individual_lobby_placement,team_lobby_placements,team_lobby_kills,matchday_placement,player_matchday_rank,lobby_1_kills,lobby_2_kills,lobby_3_kills,individual_lobby_1_placement,individual_lobby_2_placement,individual_lobby_3_placement,team_lobby_1_placement,team_lobby_2_placement,team_lobby_3_placement,team_lobby_1_kills,team_lobby_2_kills,team_lobby_3_kills,ign,player_class,total_placement_points,total_kill_points,team_bonus_points,team_total_points,average_kills_per_game,raw_average_kills_per_game,total_damage,average_damage_per_game,average_accuracy
FRIENDS OR FOES,Standard,1,POISON,QZIn6rAU2CGPFbGbQu4v,GOAT ESPORT,tm_ws9x2fl5b,37,38.5,38.54166666666667,6.33,6.333333333333333,3,3,96,"{""1"":7,""2"":18,""3"":12}","{""1"":16,""2"":2,""3"":1}","{""1"":16,""2"":2,""3"":1}","{""1"":14,""2"":45,""3"":37}",1,1,7,18,12,16,2,1,16,2,1,14,45,37,毒GOAT SHUSH,Class 1,105,384,0,489,12.33,12.333333333333334,0,0,0
FRIENDS OR FOES,Standard,1,ICONIC,Bupc8GCd3yBuLtWbFou4,KYZON ALLIANCE,tm_3fapr2cz9,32,42.1,42.10526315789473,10,10,3,3,76,"{""1"":6,""2"":14,""3"":12}","{""1"":15,""2"":13,""3"":2}","{""1"":15,""2"":13,""3"":2}","{""1"":14,""2"":30,""3"":32}",6,2,6,14,12,15,13,2,15,13,2,14,30,32,KZ GIANNA,Class 1,75,304,0,379,10.67,10.666666666666666,0,0,0
FRIENDS OR FOES,Standard,1,ANDREW,zccOX3iQQuevsZAxcr4f,REMEDIUM INVICTUS,tm_kdh97vkx3,30,38.5,38.46153846153847,9.67,9.666666666666666,3,3,78,"{""1"":16,""2"":7,""3"":7}","{""1"":2,""2"":12,""3"":15}","{""1"":2,""2"":12,""3"":15}","{""1"":34,""2"":25,""3"":19}",5,3,16,7,7,2,12,15,2,12,15,34,25,19,水RDM・XAKII,Class 1,75,312,0,387,10,10,0,0,0
FRIENDS OR FOES,Standard,1,COLDSKI,ZMq7kz2SSMfPugtDW1dB,KYZON ESPORTS,tm_yvpteelv4,29,35.4,35.36585365853659,7.67,7.666666666666667,3,3,82,"{""1"":11,""2"":9,""3"":9}","{""1"":5,""2"":14,""3"":4}","{""1"":5,""2"":14,""3"":4}","{""1"":24,""2"":31,""3"":27}",3,4,11,9,9,5,14,4,5,14,4,24,31,27,ҞZ・COLDSKI,Class 1,80,328,0,408,9.67,9.666666666666666,0,0,0
FRIENDS OR FOES,Standard,1,DERAZ,pPvCKKzMoO9wgFzAq0sd,DEVELOPERS,tm_w0a02yn8h,29,43.9,43.93939393939394,10.67,10.666666666666666,3,3,66,"{""1"":13,""2"":4,""3"":12}","{""1"":4,""2"":19,""3"":9}","{""1"":4,""2"":19,""3"":9}","{""1"":34,""2"":9,""3"":23}",8,5,13,4,12,4,19,9,4,19,9,34,9,23,DERAZYT.DXV,Class 1,65,264,0,329,9.67,9.666666666666666,0,0,0
FRIENDS OR FOES,Standard,1,SWAYZE,qefoLXaT9gaO2ycKQocy,Narcissist,ukMz1QObm2RORWQOa9dc,28,31.8,31.818181818181817,7,7,3,3,88,"{""1"":7,""2"":7,""3"":14}","{""1"":10,""2"":5,""3"":6}","{""1"":10,""2"":5,""3"":6}","{""1"":22,""2"":33,""3"":33}",2,6,7,7,14,10,5,6,10,5,6,22,33,33,口ISWAYZETT,Class 1,70,352,0,422,9.33,9.333333333333334,0,0,0
FRIENDS OR FOES,Standard,1,SENÕR J,ycTWfDj2OJDBcpjn5DKa,MAIN CHARACTERS OG,tm_mgol0xhrx,26,52,52,14,14,3,3,50,"{""1"":0,""2"":23,""3"":3}","{""1"":21,""2"":3,""3"":18}","{""1"":21,""2"":3,""3"":18}","{""1"":1,""2"":36,""3"":13}",10,7,0,23,3,21,3,18,21,3,18,1,36,13,MC丨DELYNA,Class 1,55,200,0,255,8.67,8.666666666666666,0,0,0
FRIENDS OR FOES,Standard,1,ZINOPLAYS,yWni6juo4WjqiGJF3jyo,CIAO GUARDIANS,xZgUbwrDC2TK3wcpPUY3,25,30.9,30.864197530864196,7,7,3,3,81,"{""1"":3,""2"":13,""3"":9}","{""1"":12,""2"":6,""3"":3}","{""1"":12,""2"":6,""3"":3}","{""1"":16,""2"":27,""3"":38}",4,8,3,13,9,12,6,3,12,6,3,16,27,38,ZPYT۶.CHX,Class 1,75,324,0,399,8.33,8.333333333333334,0,0,0
FRIENDS OR FOES,Standard,1,H,1p147F2F2H3SBlfhv9jn,Marines Cartel,o7Dp7knjVTxhemRjJF7R,25,156.3,156.25,16,16,3,3,16,"{""1"":6,""2"":8,""3"":11}","{""1"":17,""2"":18,""3"":13}","{""1"":17,""2"":18,""3"":13}","{""1"":10,""2"":5,""3"":1}",21,9,6,8,11,17,18,13,17,18,13,10,5,1,ƝW~H | ¹LT,Class 1,35,64,0,99,8.33,8.333333333333334,0,0,0
FRIENDS OR FOES,Standard,1,GB CRYPTO,OxMhCUSkyAT0LrziaNDP,GOAT ESPORT,tm_ws9x2fl5b,24,25,25,6.33,6.333333333333333,3,3,96,"{""1"":1,""2"":8,""3"":15}","{""1"":16,""2"":2,""3"":1}","{""1"":16,""2"":2,""3"":1}","{""1"":14,""2"":45,""3"":37}",1,10,1,8,15,16,2,1,16,2,1,14,45,37,毒GOAT CRYPTO,Class 1,105,384,0,489,8,8,0,0,0
FRIENDS OR FOES,Standard,1,REMO,dYruCjqNO7qAYaIBjTDt,Narcissist,ukMz1QObm2RORWQOa9dc,23,26.1,26.136363636363637,7,7,3,3,88,"{""1"":7,""2"":8,""3"":8}","{""1"":10,""2"":5,""3"":6}","{""1"":10,""2"":5,""3"":6}","{""1"":22,""2"":33,""3"":33}",2,11,7,8,8,10,5,6,10,5,6,22,33,33,口SWEATYREREﻬ,Class 1,70,352,0,422,7.67,7.666666666666667,0,0,0
FRIENDS OR FOES,Standard,1,CODGHOST,AZdZ5MvPMJMZep4m3bBN,Narcissist,ukMz1QObm2RORWQOa9dc,22,25,25,7,7,3,3,88,"{""1"":6,""2"":12,""3"":4}","{""1"":10,""2"":5,""3"":6}","{""1"":10,""2"":5,""3"":6}","{""1"":22,""2"":33,""3"":33}",2,12,6,12,4,10,5,6,10,5,6,22,33,33,口7,Class 1,70,352,0,422,7.33,7.333333333333333,0,0,0
FRIENDS OR FOES,Standard,1,ASUMA,CKMVsD0SVtvVAI3ggnjR,BROTHERHOOD,ORtlxzvsOKPEjdtaekig,21,52.5,52.5,5.67,5.666666666666667,3,3,40,"{""1"":8,""2"":8,""3"":5}","{""1"":6,""2"":1,""3"":10}","{""1"":6,""2"":1,""3"":10}","{""1"":15,""2"":15,""3"":10}",11,13,8,8,5,6,1,10,6,1,10,15,15,10,BH ASUMA,Class 1,90,160,0,250,7,7,0,0,0
FRIENDS OR FOES,Standard,1,FATHERALI,lQ3oUgLHQF7EsyPL3mFJ,VORTEX ONE,tm_4oss9tizq,21,30.4,30.434782608695656,8.33,8.333333333333334,3,3,69,"{""1"":11,""2"":3,""3"":7}","{""1"":1,""2"":8,""3"":16}","{""1"":1,""2"":8,""3"":16}","{""1"":33,""2"":19,""3"":17}",7,14,11,3,7,1,8,16,1,8,16,33,19,17,DEMON.VRX,Class 1,80,276,0,356,7,7,0,0,0
FRIENDS OR FOES,Standard,1,GENIUS,uuEZBl8ygzwctHZbKjGV,KYZON ESPORTS,tm_yvpteelv4,20,24.4,24.390243902439025,7.67,7.666666666666667,3,3,82,"{""1"":5,""2"":7,""3"":8}","{""1"":5,""2"":14,""3"":4}","{""1"":5,""2"":14,""3"":4}","{""1"":24,""2"":31,""3"":27}",3,15,5,7,8,5,14,4,5,14,4,24,31,27,ҞZ • GENIUS ২,Class 1,80,328,0,408,6.67,6.666666666666667,0,0,0
FRIENDS OR FOES,Standard,1,AIMBOTONIPAD,bNNoVfpqP2dN4eICglng,KYZON ALLIANCE,tm_3fapr2cz9,20,26.3,26.31578947368421,10,10,3,3,76,"{""1"":3,""2"":8,""3"":9}","{""1"":15,""2"":13,""3"":2}","{""1"":15,""2"":13,""3"":2}","{""1"":14,""2"":30,""3"":32}",6,16,3,8,9,15,13,2,15,13,2,14,30,32,ҞZ GRYPHON,Class 1,75,304,0,379,6.67,6.666666666666667,0,0,0
FRIENDS OR FOES,Standard,1,JOJO,T2sK7jSZkJqKgLswvF1g,REMEDIUM INVICTUS,tm_kdh97vkx3,20,25.6,25.64102564102564,9.67,9.666666666666666,3,3,78,"{""1"":8,""2"":4,""3"":8}","{""1"":2,""2"":12,""3"":15}","{""1"":2,""2"":12,""3"":15}","{""1"":34,""2"":25,""3"":19}",5,17,8,4,8,2,12,15,2,12,15,34,25,19,水RDM・JOJO,Class 1,75,312,0,387,6.67,6.666666666666667,0,0,0
FRIENDS OR FOES,Standard,1,SAMMY,CRgmZpi6YPL39TOInRBz,REMEDIUM INVICTUS,tm_kdh97vkx3,19,24.4,24.358974358974358,9.67,9.666666666666666,3,3,78,"{""1"":7,""2"":11,""3"":1}","{""1"":2,""2"":12,""3"":15}","{""1"":2,""2"":12,""3"":15}","{""1"":34,""2"":25,""3"":19}",5,18,7,11,1,2,12,15,2,12,15,34,25,19,水RDM • SAMMY.+,Class 1,75,312,0,387,6.33,6.333333333333333,0,0,0
FRIENDS OR FOES,Standard,1,JOZZY,FdJ3rIlmedcTFhzRruvA,DEVELOPERS,tm_w0a02yn8h,19,28.8,28.78787878787879,10.67,10.666666666666666,3,3,66,"{""1"":7,""2"":1,""3"":11}","{""1"":4,""2"":19,""3"":9}","{""1"":4,""2"":19,""3"":9}","{""1"":34,""2"":9,""3"":23}",8,19,7,1,11,4,19,9,4,19,9,34,9,23,BLADE.DXV,Class 1,65,264,0,329,6.33,6.333333333333333,0,0,0
FRIENDS OR FOES,Standard,1,APOSTLE,L1LKfVKd47rwlshv2vY1,CIAO HUNTERS X,tm_twhkzzdmf,19,31.7,31.666666666666664,6,6,3,3,60,"{""1"":6,""2"":6,""3"":7}","{""1"":3,""2"":7,""3"":8}","{""1"":3,""2"":7,""3"":8}","{""1"":17,""2"":20,""3"":23}",9,20,6,6,7,3,7,8,3,7,8,17,20,23,APOSTLEOP.CHX,Class 1,80,240,0,320,6.33,6.333333333333333,0,0,0
FRIENDS OR FOES,Standard,1,NANAYAW,tX7GCLJJ61u8bLkRroBP,GOAT ESPORT,tm_ws9x2fl5b,18,18.8,18.75,6.33,6.333333333333333,3,3,96,"{""1"":2,""2"":10,""3"":6}","{""1"":16,""2"":2,""3"":1}","{""1"":16,""2"":2,""3"":1}","{""1"":14,""2"":45,""3"":37}",1,21,2,10,6,16,2,1,16,2,1,14,45,37,毒GOAT GOAT,Class 1,105,384,0,489,6,6,0,0,0
FRIENDS OR FOES,Standard,1,FLUFFY,zJzKvUNu4k0ilGg2ocCY,KYZON ESPORTS,tm_yvpteelv4,18,22,21.951219512195124,7.67,7.666666666666667,3,3,82,"{""1"":3,""2"":9,""3"":6}","{""1"":5,""2"":14,""3"":4}","{""1"":5,""2"":14,""3"":4}","{""1"":24,""2"":31,""3"":27}",3,22,3,9,6,5,14,4,5,14,4,24,31,27,ҞZ・MONKEY,Class 1,80,328,0,408,6,6,0,0,0
FRIENDS OR FOES,Standard,1,NURUTA,UiCvqj6uu4EoGsvi2kLs,CIAO HUNTERS X,tm_twhkzzdmf,17,28.3,28.333333333333332,6,6,3,3,60,"{""1"":4,""2"":5,""3"":8}","{""1"":3,""2"":7,""3"":8}","{""1"":3,""2"":7,""3"":8}","{""1"":17,""2"":20,""3"":23}",9,23,4,5,8,3,7,8,3,7,8,17,20,23,NURUTA.CHX,Class 1,80,240,0,320,5.67,5.666666666666667,0,0,0
FRIENDS OR FOES,Standard,1,YAGAMI,Bx7S0iZlMNevEE4eXnqz,VORTEX ONE,tm_4oss9tizq,17,24.6,24.637681159420293,8.33,8.333333333333334,3,3,69,"{""1"":9,""2"":8,""3"":0}","{""1"":1,""2"":8,""3"":16}","{""1"":1,""2"":8,""3"":16}","{""1"":33,""2"":19,""3"":17}",7,24,9,8,0,1,8,16,1,8,16,33,19,17,QTR YAGA.VRX,Class 1,80,276,0,356,5.67,5.666666666666667,0,0,0
FRIENDS OR FOES,Standard,1,TOLU MARTINS,qiDPTJl18fmW4r6n11Pr,CIAO HUNTERS X,tm_twhkzzdmf,17,28.3,28.333333333333332,6,6,3,3,60,"{""1"":6,""2"":6,""3"":5}","{""1"":3,""2"":7,""3"":8}","{""1"":3,""2"":7,""3"":8}","{""1"":17,""2"":20,""3"":23}",9,25,6,6,5,3,7,8,3,7,8,17,20,23,ROMANS1:18.CHX,Class 1,80,240,0,320,5.67,5.666666666666667,0,0,0
FRIENDS OR FOES,Standard,1,LARRYCODM,IsJGFwRijyY55ezUgJMG,VORTEX ONE,tm_4oss9tizq,17,24.6,24.637681159420293,8.33,8.333333333333334,3,3,69,"{""1"":8,""2"":5,""3"":4}","{""1"":1,""2"":8,""3"":16}","{""1"":1,""2"":8,""3"":16}","{""1"":33,""2"":19,""3"":17}",7,26,8,5,4,1,8,16,1,8,16,33,19,17,RARRI.VRX,Class 1,80,276,0,356,5.67,5.666666666666667,0,0,0
FRIENDS OR FOES,Standard,1,CHIKE,WP7wn4jjPa6n4busZVnT,GOAT ESPORT,tm_ws9x2fl5b,17,17.7,17.708333333333336,6.33,6.333333333333333,3,3,96,"{""1"":4,""2"":9,""3"":4}","{""1"":16,""2"":2,""3"":1}","{""1"":16,""2"":2,""3"":1}","{""1"":14,""2"":45,""3"":37}",1,27,4,9,4,16,2,1,16,2,1,14,45,37,毒GOAT CHIKE,Class 1,105,384,0,489,5.67,5.666666666666667,0,0,0
FRIENDS OR FOES,Standard,1,SOG,B9K5pOOLE39QnCqnDNHY,ENVY 7 ONE,tm_ubz3oae5j,17,36.2,36.17021276595745,12.67,12.666666666666666,3,3,47,"{""1"":6,""2"":3,""3"":8}","{""1"":8,""2"":16,""3"":14}","{""1"":8,""2"":16,""3"":14}","{""1"":13,""2"":18,""3"":16}",12,28,6,3,8,8,16,14,8,16,14,13,18,16,SOG.SVN¹,Class 1,45,188,0,233,5.67,5.666666666666667,0,0,0
FRIENDS OR FOES,Standard,1,TRYING,PoZ1r7UYNb4ferMN4h0R,YVL ZENITH,9QcWKHtOAOLOrVMJNE0C,16,36.4,36.36363636363637,11,11,3,3,44,"{""1"":2,""2"":7,""3"":7}","{""1"":11,""2"":10,""3"":12}","{""1"":11,""2"":10,""3"":12}","{""1"":13,""2"":17,""3"":14}",13,29,2,7,7,11,10,12,11,10,12,13,17,14,٧VLゝOLA,Class 1,50,176,0,226,5.33,5.333333333333333,0,0,0
FRIENDS OR FOES,Standard,1,REACHER,wyrK9RX0czI2aidGBDd3,YVL ZENITH,9QcWKHtOAOLOrVMJNE0C,16,36.4,36.36363636363637,11,11,3,3,44,"{""1"":9,""2"":3,""3"":4}","{""1"":11,""2"":10,""3"":12}","{""1"":11,""2"":10,""3"":12}","{""1"":13,""2"":17,""3"":14}",13,30,9,3,4,11,10,12,11,10,12,13,17,14,YVLゝREACHER,Class 1,50,176,0,226,5.33,5.333333333333333,0,0,0
FRIENDS OR FOES,Standard,1,VENOM,STmUpiwkCk5ybUeJJAAW,CIAO GUARDIANS,xZgUbwrDC2TK3wcpPUY3,15,18.5,18.51851851851852,7,7,3,3,81,"{""1"":2,""2"":6,""3"":7}","{""1"":12,""2"":6,""3"":3}","{""1"":12,""2"":6,""3"":3}","{""1"":16,""2"":27,""3"":38}",4,31,2,6,7,12,6,3,12,6,3,16,27,38,VENOMYT.CHX,Class 1,75,324,0,399,5,5,0,0,0
FRIENDS OR FOES,Standard,1,ODOGWU,EL0jkB2u1HR36UhBAUWa,DEVELOPERS,tm_w0a02yn8h,15,22.7,22.727272727272727,10.67,10.666666666666666,3,3,66,"{""1"":6,""2"":2,""3"":7}","{""1"":4,""2"":19,""3"":9}","{""1"":4,""2"":19,""3"":9}","{""1"":34,""2"":9,""3"":23}",8,32,6,2,7,4,19,9,4,19,9,34,9,23,AALIYAH.DXV,Class 1,65,264,0,329,5,5,0,0,0
FRIENDS OR FOES,Standard,1,SANTA,vDhcxuukJqexMKfneLxv,KYZON ALLIANCE,tm_3fapr2cz9,15,19.7,19.736842105263158,10,10,3,3,76,"{""1"":3,""2"":3,""3"":9}","{""1"":15,""2"":13,""3"":2}","{""1"":15,""2"":13,""3"":2}","{""1"":14,""2"":30,""3"":32}",6,33,3,3,9,15,13,2,15,13,2,14,30,32,ҞZ STAR,Class 1,75,304,0,379,5,5,0,0,0
FRIENDS OR FOES,Standard,1,MAYHEM,w0TDikwzq62t4ST2ZjeZ,KYZON ESPORTS,tm_yvpteelv4,15,18.3,18.29268292682927,7.67,7.666666666666667,3,3,82,"{""1"":5,""2"":6,""3"":4}","{""1"":5,""2"":14,""3"":4}","{""1"":5,""2"":14,""3"":4}","{""1"":24,""2"":31,""3"":27}",3,34,5,6,4,5,14,4,5,14,4,24,31,27,ҞZ・APE২,Class 1,80,328,0,408,5,5,0,0,0
FRIENDS OR FOES,Standard,1,SAVAGE,Hq5gw6eD9HnU8lTr2RHZ,FEARLESS WARRIORS,tm_rgqdo8wje,14,43.8,43.75,13.33,13.333333333333334,3,3,32,"{""1"":3,""2"":3,""3"":8}","{""1"":18,""2"":17,""3"":5}","{""1"":18,""2"":17,""3"":5}","{""1"":7,""2"":8,""3"":17}",16,35,3,3,8,18,17,5,18,17,5,7,8,17,ƑW・SAVAGEYT,Class 1,50,128,0,178,4.67,4.666666666666667,0,0,0
FRIENDS OR FOES,Standard,1,CODGOD,dqr1RKopXDu3zfgmOqcY,VORTEX ONE,tm_4oss9tizq,14,20.3,20.28985507246377,8.33,8.333333333333334,3,3,69,"{""1"":5,""2"":3,""3"":6}","{""1"":1,""2"":8,""3"":16}","{""1"":1,""2"":8,""3"":16}","{""1"":33,""2"":19,""3"":17}",7,36,5,3,6,1,8,16,1,8,16,33,19,17,CODGOD.VRX,Class 1,80,276,0,356,4.67,4.666666666666667,0,0,0
FRIENDS OR FOES,Standard,1,MOVEMENT,zbgasCEzQ3XBmq26KwCr,DEVELOPERS,tm_w0a02yn8h,14,21.2,21.21212121212121,10.67,10.666666666666666,3,3,66,"{""1"":8,""2"":2,""3"":4}","{""1"":4,""2"":19,""3"":9}","{""1"":4,""2"":19,""3"":9}","{""1"":34,""2"":9,""3"":23}",8,37,8,2,4,4,19,9,4,19,9,34,9,23,MOVEMENT..DXV,Class 1,65,264,0,329,4.67,4.666666666666667,0,0,0
FRIENDS OR FOES,Standard,1,YUSUF,qKQQ85V7nwqlL2KDXoGl,ENVY 7 ONE,tm_ubz3oae5j,13,27.7,27.659574468085108,12.67,12.666666666666666,3,3,47,"{""1"":4,""2"":5,""3"":4}","{""1"":8,""2"":16,""3"":14}","{""1"":8,""2"":16,""3"":14}","{""1"":13,""2"":18,""3"":16}",12,38,4,5,4,8,16,14,8,16,14,13,18,16,YUSUF.SVN¹,Class 1,45,188,0,233,4.33,4.333333333333333,0,0,0
FRIENDS OR FOES,Standard,1,ALLFATHER,eZr86KcPlEoSTarsNbR0,TEAM X,D2dU5QVY9U6g9t3bKk9C,12,29.3,29.268292682926827,10.67,10.666666666666666,3,3,41,"{""1"":3,""2"":3,""3"":6}","{""1"":14,""2"":11,""3"":7}","{""1"":14,""2"":11,""3"":7}","{""1"":6,""2"":15,""3"":20}",14,39,3,3,6,14,11,7,14,11,7,6,15,20,叶°MP-0,Class 1,50,164,0,214,4,4,0,0,0
FRIENDS OR FOES,Standard,1,CEEJAY,p_q0z253rna,⁠FAZE RAIDERS,VBWUGsiSMKIkkTYb3TSn,12,35.3,35.294117647058826,14.33,14.333333333333334,3,3,34,"{""1"":0,""2"":7,""3"":5}","{""1"":19,""2"":4,""3"":20}","{""1"":19,""2"":4,""3"":20}","{""1"":2,""2"":17,""3"":15}",15,40,0,7,5,19,4,20,19,4,20,2,17,15,ҒZ JAPAN,Class 1,55,136,0,191,4,4,0,0,0
FRIENDS OR FOES,Standard,1,DEMON,NiT6GePQhD8XyqSCmuMI,PREACHER X,tm_c0yc4xjf4,11,45.8,45.83333333333333,19,19,3,3,24,"{""1"":3,""2"":3,""3"":5}","{""1"":20,""2"":20,""3"":17}","{""1"":20,""2"":20,""3"":17}","{""1"":5,""2"":4,""3"":15}",19,41,3,3,5,20,20,17,20,20,17,5,4,15,PЯX・OLUOMO,Class 1,30,96,0,126,3.67,3.6666666666666665,0,0,0
FRIENDS OR FOES,Standard,1,TRAUMA,mRdFfQB7p8thuw53PwWL,TEAM X,D2dU5QVY9U6g9t3bKk9C,11,26.8,26.82926829268293,10.67,10.666666666666666,3,3,41,"{""1"":1,""2"":4,""3"":6}","{""1"":14,""2"":11,""3"":7}","{""1"":14,""2"":11,""3"":7}","{""1"":6,""2"":15,""3"":20}",14,42,1,4,6,14,11,7,14,11,7,6,15,20,叶°TRAUMA,Class 1,50,164,0,214,3.67,3.6666666666666665,0,0,0
FRIENDS OR FOES,Standard,1,WINDIGO,Y3hmYqIvBg07ApvAvtRu,MAIN CHARACTERS OG,tm_mgol0xhrx,11,22,22,14,14,3,3,50,"{""1"":1,""2"":4,""3"":6}","{""1"":21,""2"":3,""3"":18}","{""1"":21,""2"":3,""3"":18}","{""1"":1,""2"":36,""3"":13}",10,43,1,4,6,21,3,18,21,3,18,1,36,13,MC丨NASTYA,Class 1,55,200,0,255,3.67,3.6666666666666665,0,0,0
FRIENDS OR FOES,Standard,1,RUSTY,GQC099yRTvpPKG2zBXZD,⁠FAZE RAIDERS,VBWUGsiSMKIkkTYb3TSn,10,29.4,29.411764705882355,14.33,14.333333333333334,3,3,34,"{""1"":0,""2"":4,""3"":6}","{""1"":19,""2"":4,""3"":20}","{""1"":19,""2"":4,""3"":20}","{""1"":2,""2"":17,""3"":15}",15,44,0,4,6,19,4,20,19,4,20,2,17,15,ҒZ HEKI,Class 1,55,136,0,191,3.33,3.3333333333333335,0,0,0
FRIENDS OR FOES,Standard,1,PAGANINI,APlTtB3VKt0P7QlbaYHA,ENVY 7 ONE,tm_ubz3oae5j,10,21.3,21.27659574468085,12.67,12.666666666666666,3,3,47,"{""1"":2,""2"":5,""3"":3}","{""1"":8,""2"":16,""3"":14}","{""1"":8,""2"":16,""3"":14}","{""1"":13,""2"":18,""3"":16}",12,45,2,5,3,8,16,14,8,16,14,13,18,16,SIX.SVN,Class 1,45,188,0,233,3.33,3.3333333333333335,0,0,0
FRIENDS OR FOES,Standard,1,DANIEL,2hoGdFkIX9KrsMSafUIB,FEARLESS ULTIMATE,QXr3HX0HM3Rf35A0UKUN,9,32.1,32.142857142857146,12.33,12.333333333333334,3,3,28,"{""1"":3,""2"":4,""3"":2}","{""1"":9,""2"":9,""3"":19}","{""1"":9,""2"":9,""3"":19}","{""1"":12,""2"":10,""3"":6}",17,46,3,4,2,9,9,19,9,9,19,12,10,6,ƑW・X TA C,Class 1,50,112,0,162,3,3,0,0,0
FRIENDS OR FOES,Standard,1,DELETE,yXsVHpZGIDJoF3CpeME2,MAIN CHARACTERS OG,tm_mgol0xhrx,9,18,18,14,14,3,3,50,"{""1"":0,""2"":6,""3"":3}","{""1"":21,""2"":3,""3"":18}","{""1"":21,""2"":3,""3"":18}","{""1"":1,""2"":36,""3"":13}",10,47,0,6,3,21,3,18,21,3,18,1,36,13,MC丨IFɅ,Class 1,55,200,0,255,3,3,0,0,0
FRIENDS OR FOES,Standard,1,OMEGA,5yx4Bj2tFtb311znF0Np,FEARLESS ULTIMATE,QXr3HX0HM3Rf35A0UKUN,9,32.1,32.142857142857146,12.33,12.333333333333334,3,3,28,"{""1"":6,""2"":2,""3"":1}","{""1"":9,""2"":9,""3"":19}","{""1"":9,""2"":9,""3"":19}","{""1"":12,""2"":10,""3"":6}",17,48,6,2,1,9,9,19,9,9,19,12,10,6,ƑW・NOOB,Class 1,50,112,0,162,3,3,0,0,0
FRIENDS OR FOES,Standard,1,MAUS,kUOdoGK7ff8eYeZgwvXq,TEAM X,D2dU5QVY9U6g9t3bKk9C,9,22,21.951219512195124,10.67,10.666666666666666,3,3,41,"{""1"":0,""2"":4,""3"":5}","{""1"":14,""2"":11,""3"":7}","{""1"":14,""2"":11,""3"":7}","{""1"":6,""2"":15,""3"":20}",14,49,0,4,5,14,11,7,14,11,7,6,15,20,叶°MAUS,Class 1,50,164,0,214,3,3,0,0,0
FRIENDS OR FOES,Standard,1,MAMI GREY,Wxiw1DKhlXTXvayohYTt,REMEDIUM INVICTUS,tm_kdh97vkx3,9,11.5,11.538461538461538,9.67,9.666666666666666,3,3,78,"{""1"":3,""2"":3,""3"":3}","{""1"":2,""2"":12,""3"":15}","{""1"":2,""2"":12,""3"":15}","{""1"":34,""2"":25,""3"":19}",5,50,3,3,3,2,12,15,2,12,15,34,25,19,水RDM・GREY,Registered,75,312,0,387,3,3,0,0,0
FRIENDS OR FOES,Standard,1,BIGTULA,qj6FOc1Z8aeEWmqUk84v,KYZON ALLIANCE,tm_3fapr2cz9,9,11.8,11.842105263157894,10,10,3,3,76,"{""1"":2,""2"":5,""3"":2}","{""1"":15,""2"":13,""3"":2}","{""1"":15,""2"":13,""3"":2}","{""1"":14,""2"":30,""3"":32}",6,51,2,5,2,15,13,2,15,13,2,14,30,32,KZ GILLIFANT,Class 1,75,304,0,379,3,3,0,0,0
FRIENDS OR FOES,Standard,1,SLY,j39wPvPuSoMq1TOb78Ih,TEAM X,D2dU5QVY9U6g9t3bKk9C,9,22,21.951219512195124,10.67,10.666666666666666,3,3,41,"{""1"":2,""2"":4,""3"":3}","{""1"":14,""2"":11,""3"":7}","{""1"":14,""2"":11,""3"":7}","{""1"":6,""2"":15,""3"":20}",14,52,2,4,3,14,11,7,14,11,7,6,15,20,叶°SLY,Class 1,50,164,0,214,3,3,0,0,0
FRIENDS OR FOES,Standard,1,BRANDON,rrHKtFIklquwAlLsk8vF,Narcissist,ukMz1QObm2RORWQOa9dc,8,9.1,9.090909090909092,7,7,2,3,88,"{""1"":2,""2"":6}","{""1"":10,""2"":5}","{""1"":10,""2"":5,""3"":6}","{""1"":22,""2"":33,""3"":33}",2,53,2,6,,10,5,,10,5,6,22,33,33,口PANCAKE,Class 1,70,352,0,422,4,4,0,0,0
FRIENDS OR FOES,Standard,1,TORUSKI,JS1VnLDlLbM6yIBFzo0u,YVL ZENITH,9QcWKHtOAOLOrVMJNE0C,8,18.2,18.181818181818183,11,11,3,3,44,"{""1"":1,""2"":4,""3"":3}","{""1"":11,""2"":10,""3"":12}","{""1"":11,""2"":10,""3"":12}","{""1"":13,""2"":17,""3"":14}",13,54,1,4,3,11,10,12,11,10,12,13,17,14,YVLゝDГ. Ƭ,Class 1,50,176,0,226,2.67,2.6666666666666665,0,0,0
FRIENDS OR FOES,Standard,1,BH GREY,9WczEt0mrYEQoeKfntMO,BROTHERHOOD,ORtlxzvsOKPEjdtaekig,7,17.5,17.5,5.67,5.666666666666667,3,3,40,"{""1"":3,""2"":1,""3"":3}","{""1"":6,""2"":1,""3"":10}","{""1"":6,""2"":1,""3"":10}","{""1"":15,""2"":15,""3"":10}",11,55,3,1,3,6,1,10,6,1,10,15,15,10,BH GREY,Registered,90,160,0,250,2.33,2.3333333333333335,0,0,0
FRIENDS OR FOES,Standard,1,KEKE,Qwl2vRUJbA6CWBqKcZ1O,⁠FAZE RAIDERS,VBWUGsiSMKIkkTYb3TSn,7,20.6,20.588235294117645,14.33,14.333333333333334,3,3,34,"{""1"":1,""2"":3,""3"":3}","{""1"":19,""2"":4,""3"":20}","{""1"":19,""2"":4,""3"":20}","{""1"":2,""2"":17,""3"":15}",15,56,1,3,3,19,4,20,19,4,20,2,17,15,ҒZ SYNA,Class 1,55,136,0,191,2.33,2.3333333333333335,0,0,0
FRIENDS OR FOES,Standard,1,LXST,AiwEpwWBvqiSpmaA7Huh,MERCILESS ESPORTS,tm_sip25jqm7,7,36.8,36.84210526315789,16.33,16.333333333333332,3,3,19,"{""1"":7,""2"":0,""3"":0}","{""1"":7,""2"":21,""3"":21}","{""1"":7,""2"":21,""3"":21}","{""1"":12,""2"":5,""3"":2}",20,57,7,0,0,7,21,21,7,21,21,12,5,2,MŁ・LXST,Class 1,30,76,0,106,2.33,2.3333333333333335,0,0,0
FRIENDS OR FOES,Standard,1,YOURBALLS,DEP0DMTu1Bn8IsMenRxs,Narcissist,ukMz1QObm2RORWQOa9dc,7,8,7.954545454545454,7,7,1,3,88,"{""3"":7}","{""3"":6}","{""1"":10,""2"":5,""3"":6}","{""1"":22,""2"":33,""3"":33}",2,58,,,7,,,6,10,5,6,22,33,33,YOURBALLS??口,Class 1,70,352,0,422,7,7,0,0,0
FRIENDS OR FOES,Standard,1,LUDGER,PQAripc5A3a7tOZ5qHrY,FEARLESS WARRIORS,tm_rgqdo8wje,7,21.9,21.875,13.33,13.333333333333334,3,3,32,"{""1"":1,""2"":3,""3"":3}","{""1"":18,""2"":17,""3"":5}","{""1"":18,""2"":17,""3"":5}","{""1"":7,""2"":8,""3"":17}",16,59,1,3,3,18,17,5,18,17,5,7,8,17,ZN SKY・ƑW,Class 1,50,128,0,178,2.33,2.3333333333333335,0,0,0
FRIENDS OR FOES,Standard,1,GAARA,frAw1ZokwwidsPGWguSM,ENVY 7 ONE,tm_ubz3oae5j,7,14.9,14.893617021276595,12.67,12.666666666666666,3,3,47,"{""1"":1,""2"":5,""3"":1}","{""1"":8,""2"":16,""3"":14}","{""1"":8,""2"":16,""3"":14}","{""1"":13,""2"":18,""3"":16}",12,60,1,5,1,8,16,14,8,16,14,13,18,16,GAARA.SVN¹,Class 1,45,188,0,233,2.33,2.3333333333333335,0,0,0
FRIENDS OR FOES,Standard,1,KWEKU,S0nVxhtza8Lcoeyu4hwb,CIAO HUNTERS X,tm_twhkzzdmf,7,11.7,11.666666666666666,6,6,3,3,60,"{""1"":1,""2"":3,""3"":3}","{""1"":3,""2"":7,""3"":8}","{""1"":3,""2"":7,""3"":8}","{""1"":17,""2"":20,""3"":23}",9,61,1,3,3,3,7,8,3,7,8,17,20,23,KWEKU.CHX,Class 1,80,240,0,320,2.33,2.3333333333333335,0,0,0
FRIENDS OR FOES,Standard,1,LIONFACE,PMOZmTbjtV7Jea8FMW8Y,Marines Cartel,o7Dp7knjVTxhemRjJF7R,7,43.8,43.75,16,16,3,3,16,"{""1"":3,""2"":4,""3"":0}","{""1"":17,""2"":18,""3"":13}","{""1"":17,""2"":18,""3"":13}","{""1"":10,""2"":5,""3"":1}",21,62,3,4,0,17,18,13,17,18,13,10,5,1,¹LT丨DADYLION,Class 1,35,64,0,99,2.33,2.3333333333333335,0,0,0
FRIENDS OR FOES,Standard,1,OLATOMI,9JIRvwr8nFeyEXR4as0b,7G NEW TAKERS,NpKzXoJZdBhUMOLnmCxj,6,26.1,26.08695652173913,13,13,3,3,23,"{""1"":3,""2"":2,""3"":1}","{""1"":13,""2"":15,""3"":11}","{""1"":13,""2"":15,""3"":11}","{""1"":6,""2"":10,""3"":7}",18,63,3,2,1,13,15,11,13,15,11,6,10,7,7Ɠ・丨¹KXRMA,Class 1,45,92,0,137,2,2,0,0,0
FRIENDS OR FOES,Standard,1,ITXNY,Q0fJtKuQbSeRP1X3TvMA,BROTHERHOOD,ORtlxzvsOKPEjdtaekig,6,15,15,5.67,5.666666666666667,3,3,40,"{""1"":3,""2"":2,""3"":1}","{""1"":6,""2"":1,""3"":10}","{""1"":6,""2"":1,""3"":10}","{""1"":15,""2"":15,""3"":10}",11,64,3,2,1,6,1,10,6,1,10,15,15,10,BH MESSI,Class 1,90,160,0,250,2,2,0,0,0
FRIENDS OR FOES,Standard,1,MICHAEL,8hYOt0XXhRZHBESjFoAH,BROTHERHOOD,ORtlxzvsOKPEjdtaekig,6,15,15,5.67,5.666666666666667,3,3,40,"{""1"":1,""2"":4,""3"":1}","{""1"":6,""2"":1,""3"":10}","{""1"":6,""2"":1,""3"":10}","{""1"":15,""2"":15,""3"":10}",11,65,1,4,1,6,1,10,6,1,10,15,15,10,BH | MR MIKE,Class 1,90,160,0,250,2,2,0,0,0
FRIENDS OR FOES,Standard,1,PHILIP MELO,gybDsWbwIY4s0wRh2Nj4,FEARLESS WARRIORS,tm_rgqdo8wje,6,18.8,18.75,13.33,13.333333333333334,3,3,32,"{""1"":1,""2"":1,""3"":4}","{""1"":18,""2"":17,""3"":5}","{""1"":18,""2"":17,""3"":5}","{""1"":7,""2"":8,""3"":17}",16,66,1,1,4,18,17,5,18,17,5,7,8,17,ƑW・MELO,Class 1,50,128,0,178,2,2,0,0,0
FRIENDS OR FOES,Standard,1,INDIGO,zp3jg9OOxd217vbYIoBu,7G NEW TAKERS,NpKzXoJZdBhUMOLnmCxj,5,21.7,21.73913043478261,13,13,3,3,23,"{""1"":2,""2"":3,""3"":0}","{""1"":13,""2"":15,""3"":11}","{""1"":13,""2"":15,""3"":11}","{""1"":6,""2"":10,""3"":7}",18,67,2,3,0,13,15,11,13,15,11,6,10,7,7Ɠ・INÐIGØ,Class 1,45,92,0,137,1.67,1.6666666666666667,0,0,0
FRIENDS OR FOES,Standard,1,MXNIAC,TbGmnsma5nuwWfiUl3FL,FEARLESS ULTIMATE,QXr3HX0HM3Rf35A0UKUN,5,17.9,17.857142857142858,12.33,12.333333333333334,3,3,28,"{""1"":2,""2"":2,""3"":1}","{""1"":9,""2"":9,""3"":19}","{""1"":9,""2"":9,""3"":19}","{""1"":12,""2"":10,""3"":6}",17,68,2,2,1,9,9,19,9,9,19,12,10,6,ƑW・MXNIAC,Class 1,50,112,0,162,1.67,1.6666666666666667,0,0,0
FRIENDS OR FOES,Standard,1,ROGUE,r7ePhyqUmojwCVE0MNwB,FEARLESS ULTIMATE,QXr3HX0HM3Rf35A0UKUN,5,17.9,17.857142857142858,12.33,12.333333333333334,3,3,28,"{""1"":1,""2"":2,""3"":2}","{""1"":9,""2"":9,""3"":19}","{""1"":9,""2"":9,""3"":19}","{""1"":12,""2"":10,""3"":6}",17,69,1,2,2,9,9,19,9,9,19,12,10,6,ƑW・ওSHADOW,Class 1,50,112,0,162,1.67,1.6666666666666667,0,0,0
FRIENDS OR FOES,Standard,1,ATTIEKE,0ZiIKcgXBKZnIVK3RY5b,Marines Cartel,o7Dp7knjVTxhemRjJF7R,5,31.3,31.25,16,16,3,3,16,"{""1"":3,""2"":1,""3"":1}","{""1"":17,""2"":18,""3"":13}","{""1"":17,""2"":18,""3"":13}","{""1"":10,""2"":5,""3"":1}",21,70,3,1,1,17,18,13,17,18,13,10,5,1,M7・DAVE | ¹LT,Class 1,35,64,0,99,1.67,1.6666666666666667,0,0,0
FRIENDS OR FOES,Standard,1,RELAX OG,OKrAHDFNWaCteQUIc2bK,FEARLESS WARRIORS,tm_rgqdo8wje,5,15.6,15.625,13.33,13.333333333333334,3,3,32,"{""1"":2,""2"":1,""3"":2}","{""1"":18,""2"":17,""3"":5}","{""1"":18,""2"":17,""3"":5}","{""1"":7,""2"":8,""3"":17}",16,71,2,1,2,18,17,5,18,17,5,7,8,17,ƑW・ƦELAXOG۶,Class 1,50,128,0,178,1.67,1.6666666666666667,0,0,0
FRIENDS OR FOES,Standard,1,NAGATO,4drN06J7VhcUWU1ydASK,⁠FAZE RAIDERS,VBWUGsiSMKIkkTYb3TSn,5,14.7,14.705882352941178,14.33,14.333333333333334,3,3,34,"{""1"":1,""2"":3,""3"":1}","{""1"":19,""2"":4,""3"":20}","{""1"":19,""2"":4,""3"":20}","{""1"":2,""2"":17,""3"":15}",15,72,1,3,1,19,4,20,19,4,20,2,17,15,ҒZ ANIZ,Class 1,55,136,0,191,1.67,1.6666666666666667,0,0,0
FRIENDS OR FOES,Standard,1,SNAKE,Cd8QlNwfF9c1FQo5dC2l,MERCILESS ESPORTS,tm_sip25jqm7,5,26.3,26.31578947368421,16.33,16.333333333333332,3,3,19,"{""1"":3,""2"":2,""3"":0}","{""1"":7,""2"":21,""3"":21}","{""1"":7,""2"":21,""3"":21}","{""1"":12,""2"":5,""3"":2}",20,73,3,2,0,7,21,21,7,21,21,12,5,2,ML • SNAKE,Class 1,30,76,0,106,1.67,1.6666666666666667,0,0,0
FRIENDS OR FOES,Standard,1,ITACHI,8GOX41vVXHYB1HR3LSNi,YVL ZENITH,9QcWKHtOAOLOrVMJNE0C,4,9.1,9.090909090909092,11,11,3,3,44,"{""1"":1,""2"":3,""3"":0}","{""1"":11,""2"":10,""3"":12}","{""1"":11,""2"":10,""3"":12}","{""1"":13,""2"":17,""3"":14}",13,74,1,3,0,11,10,12,11,10,12,13,17,14,YVLゝIOS,Class 1,50,176,0,226,1.33,1.3333333333333333,0,0,0
FRIENDS OR FOES,Standard,1,ISCO,Ju9oBCWQSs6kfDYixRZK,MAIN CHARACTERS OG,tm_mgol0xhrx,4,8,8,14,14,3,3,50,"{""1"":0,""2"":3,""3"":1}","{""1"":21,""2"":3,""3"":18}","{""1"":21,""2"":3,""3"":18}","{""1"":1,""2"":36,""3"":13}",10,75,0,3,1,21,3,18,21,3,18,1,36,13,ZN ISCO MC,Class 1,55,200,0,255,1.33,1.3333333333333333,0,0,0
FRIENDS OR FOES,Standard,1,TOM,hxHrnWldh81VX3Ygl3kw,PREACHER X,tm_c0yc4xjf4,4,16.7,16.666666666666664,19,19,3,3,24,"{""1"":1,""2"":0,""3"":3}","{""1"":20,""2"":20,""3"":17}","{""1"":20,""2"":20,""3"":17}","{""1"":5,""2"":4,""3"":15}",19,76,1,0,3,20,20,17,20,20,17,5,4,15,PЯX・TOMSKI,Class 1,30,96,0,126,1.33,1.3333333333333333,0,0,0
FRIENDS OR FOES,Standard,1,MO,p7NXVZszmKHPcyymmjED,MERCILESS ESPORTS,tm_sip25jqm7,4,21.1,21.052631578947366,16.33,16.333333333333332,3,3,19,"{""1"":0,""2"":2,""3"":2}","{""1"":7,""2"":21,""3"":21}","{""1"":7,""2"":21,""3"":21}","{""1"":12,""2"":5,""3"":2}",20,77,0,2,2,7,21,21,7,21,21,12,5,2,MŁ • MO,Class 1,30,76,0,106,1.33,1.3333333333333333,0,0,0
FRIENDS OR FOES,Standard,1,STIMRUSKI,p5EHMys5nSlc36BtJXoK,PREACHER X,tm_c0yc4xjf4,4,16.7,16.666666666666664,19,19,1,3,24,"{""3"":4}","{""3"":17}","{""1"":20,""2"":20,""3"":17}","{""1"":5,""2"":4,""3"":15}",19,78,,,4,,,17,20,20,17,5,4,15,PЯX・ STIMRUSKI,Class 1,30,96,0,126,4,4,0,0,0
FRIENDS OR FOES,Standard,1,FAZZY,AHbzUpq8xHnx1391KBuT,Marines Cartel,o7Dp7knjVTxhemRjJF7R,3,18.8,18.75,16,16,3,3,16,"{""1"":3,""2"":0,""3"":0}","{""1"":17,""2"":18,""3"":13}","{""1"":17,""2"":18,""3"":13}","{""1"":10,""2"":5,""3"":1}",21,79,3,0,0,17,18,13,17,18,13,10,5,1,¹LT | FAZZY,Class 1,35,64,0,99,1,1,0,0,0
FRIENDS OR FOES,Standard,1,NIEL,HllRAi3xdKU7I8tCNB6B,7G NEW TAKERS,NpKzXoJZdBhUMOLnmCxj,3,13,13.043478260869565,13,13,2,3,23,"{""1"":0,""2"":3}","{""1"":13,""2"":15}","{""1"":13,""2"":15,""3"":11}","{""1"":6,""2"":10,""3"":7}",18,80,0,3,,13,15,,13,15,11,6,10,7,7Ɠ・NIEL?,Class 1,45,92,0,137,1.5,1.5,0,0,0
FRIENDS OR FOES,Standard,1,CHEF PUNK,1LO5N9nzQfk09XHoISVW,PREACHER X,tm_c0yc4xjf4,3,12.5,12.5,19,19,3,3,24,"{""1"":0,""2"":0,""3"":3}","{""1"":20,""2"":20,""3"":17}","{""1"":20,""2"":20,""3"":17}","{""1"":5,""2"":4,""3"":15}",19,81,0,0,3,20,20,17,20,20,17,5,4,15,PЯX・OBTAINER,Class 1,30,96,0,126,1,1,0,0,0
FRIENDS OR FOES,Standard,1,A1,VOElYffXxZkcpmPLe4T4,MERCILESS ESPORTS,tm_sip25jqm7,3,15.8,15.789473684210526,16.33,16.333333333333332,3,3,19,"{""1"":2,""2"":1,""3"":0}","{""1"":7,""2"":21,""3"":21}","{""1"":7,""2"":21,""3"":21}","{""1"":12,""2"":5,""3"":2}",20,82,2,1,0,7,21,21,7,21,21,12,5,2,MŁ • A1,Class 1,30,76,0,106,1,1,0,0,0
FRIENDS OR FOES,Standard,1,YAMII,JEnWA5TkFzeJpFKvyVQA,PREACHER X,tm_c0yc4xjf4,2,8.3,8.333333333333332,19,19,2,3,24,"{""1"":1,""2"":1}","{""1"":20,""2"":20}","{""1"":20,""2"":20,""3"":17}","{""1"":5,""2"":4,""3"":15}",19,83,1,1,,20,20,,20,20,17,5,4,15,PЯX・YAMII,Class 1,30,96,0,126,1,1,0,0,0
FRIENDS OR FOES,Standard,1,SHINIGAMI,WFVAap5uGud4aOIhxsKI,7G NEW TAKERS,NpKzXoJZdBhUMOLnmCxj,2,8.7,8.695652173913043,13,13,1,3,23,"{""3"":2}","{""3"":11}","{""1"":13,""2"":15,""3"":11}","{""1"":6,""2"":10,""3"":7}",18,84,,,2,,,11,13,15,11,6,10,7,7Ɠ・FUJIMOTO,Class 1,45,92,0,137,2,2,0,0,0
FRIENDS OR FOES,Standard,2,SENÕR J,ycTWfDj2OJDBcpjn5DKa,MAIN CHARACTERS OG,tm_mgol0xhrx,31,42.5,42.465753424657535,10.67,10.666666666666666,3,3,73,"{""1"":7,""2"":17,""3"":7}","{""1"":9,""2"":4,""3"":19}","{""1"":9,""2"":4,""3"":19}","{""1"":28,""2"":35,""3"":10}",5,1,7,17,7,9,4,19,9,4,19,28,35,10,MC丨DELYNA,Class 1,65,292,0,357,10.33,10.333333333333334,0,0,0
FRIENDS OR FOES,Standard,2,SAVAGE,Hq5gw6eD9HnU8lTr2RHZ,FEARLESS WARRIORS,tm_rgqdo8wje,25,44.6,44.642857142857146,3.67,3.6666666666666665,3,3,56,"{""1"":10,""2"":10,""3"":5}","{""1"":6,""2"":2,""3"":3}","{""1"":6,""2"":2,""3"":3}","{""1"":23,""2"":24,""3"":9}",7,2,10,10,5,6,2,3,6,2,3,23,24,9,ƑW・SAVAGEYT,Class 1,105,224,0,329,8.33,8.333333333333334,0,0,0
FRIENDS OR FOES,Standard,2,SOG,B9K5pOOLE39QnCqnDNHY,ENVY 7 ONE,tm_ubz3oae5j,24,28.2,28.235294117647058,8.33,8.333333333333334,3,3,85,"{""1"":8,""2"":6,""3"":10}","{""1"":3,""2"":6,""3"":16}","{""1"":3,""2"":6,""3"":16}","{""1"":31,""2"":26,""3"":28}",2,3,8,6,10,3,6,16,3,6,16,31,26,28,SOG.SVN¹,Class 1,70,340,0,410,8,8,0,0,0
FRIENDS OR FOES,Standard,2,APOSTLE,L1LKfVKd47rwlshv2vY1,CIAO HUNTERS X,tm_twhkzzdmf,24,32.4,32.432432432432435,8.33,8.333333333333334,3,3,74,"{""1"":7,""2"":8,""3"":9}","{""1"":10,""2"":1,""3"":14}","{""1"":10,""2"":1,""3"":14}","{""1"":17,""2"":36,""3"":21}",3,4,7,8,9,10,1,14,10,1,14,17,36,21,APOSTLEOP.CHX,Class 1,85,296,0,381,8,8,0,0,0
FRIENDS OR FOES,Standard,2,CODGHOST,AZdZ5MvPMJMZep4m3bBN,Narcissist,ukMz1QObm2RORWQOa9dc,23,29.5,29.48717948717949,4.67,4.666666666666667,3,3,78,"{""1"":9,""2"":5,""3"":9}","{""1"":1,""2"":8,""3"":5}","{""1"":1,""2"":8,""3"":5}","{""1"":22,""2"":21,""3"":35}",1,5,9,5,9,1,8,5,1,8,5,22,21,35,口7,Class 1,100,312,0,412,7.67,7.666666666666667,0,0,0
FRIENDS OR FOES,Standard,2,ANDREW,zccOX3iQQuevsZAxcr4f,REMEDIUM INVICTUS,tm_kdh97vkx3,23,35.9,35.9375,13.67,13.666666666666666,3,3,64,"{""1"":13,""2"":1,""3"":9}","{""1"":14,""2"":15,""3"":12}","{""1"":14,""2"":15,""3"":12}","{""1"":32,""2"":7,""3"":25}",8,6,13,1,9,14,15,12,14,15,12,32,7,25,水RDM・XAKII,Class 1,45,256,0,301,7.67,7.666666666666667,0,0,0
FRIENDS OR FOES,Standard,2,CHIKE,WP7wn4jjPa6n4busZVnT,GOAT ESPORT,tm_ws9x2fl5b,22,31.9,31.88405797101449,8.33,8.333333333333334,3,3,69,"{""1"":12,""2"":2,""3"":8}","{""1"":5,""2"":16,""3"":4}","{""1"":5,""2"":16,""3"":4}","{""1"":34,""2"":7,""3"":28}",6,7,12,2,8,5,16,4,5,16,4,34,7,28,毒GOAT CHIKE,Class 1,75,276,0,351,7.33,7.333333333333333,0,0,0
FRIENDS OR FOES,Standard,2,TRYING,PoZ1r7UYNb4ferMN4h0R,YVL ZENITH,9QcWKHtOAOLOrVMJNE0C,22,42.3,42.30769230769231,10,10,3,3,52,"{""1"":7,""2"":9,""3"":6}","{""1"":16,""2"":12,""3"":2}","{""1"":16,""2"":12,""3"":2}","{""1"":19,""2"":17,""3"":16}",12,8,7,9,6,16,12,2,16,12,2,19,17,16,٧VLゝOLA,Class 1,70,208,0,278,7.33,7.333333333333333,0,0,0
FRIENDS OR FOES,Standard,2,BRANDON,rrHKtFIklquwAlLsk8vF,Narcissist,ukMz1QObm2RORWQOa9dc,21,26.9,26.923076923076923,4.67,4.666666666666667,3,3,78,"{""1"":4,""2"":6,""3"":11}","{""1"":1,""2"":8,""3"":5}","{""1"":1,""2"":8,""3"":5}","{""1"":22,""2"":21,""3"":35}",1,9,4,6,11,1,8,5,1,8,5,22,21,35,口PANCAKE,Class 1,100,312,0,412,7,7,0,0,0
FRIENDS OR FOES,Standard,2,YUSUF,qKQQ85V7nwqlL2KDXoGl,ENVY 7 ONE,tm_ubz3oae5j,21,24.7,24.705882352941178,8.33,8.333333333333334,3,3,85,"{""1"":7,""2"":8,""3"":6}","{""1"":3,""2"":6,""3"":16}","{""1"":3,""2"":6,""3"":16}","{""1"":31,""2"":26,""3"":28}",2,10,7,8,6,3,6,16,3,6,16,31,26,28,YUSUF.SVN¹,Class 1,70,340,0,410,7,7,0,0,0
FRIENDS OR FOES,Standard,2,NANAYAW,tX7GCLJJ61u8bLkRroBP,GOAT ESPORT,tm_ws9x2fl5b,20,29,28.985507246376812,8.33,8.333333333333334,3,3,69,"{""1"":10,""2"":1,""3"":9}","{""1"":5,""2"":16,""3"":4}","{""1"":5,""2"":16,""3"":4}","{""1"":34,""2"":7,""3"":28}",6,11,10,1,9,5,16,4,5,16,4,34,7,28,毒GOAT GOAT,Class 1,75,276,0,351,6.67,6.666666666666667,0,0,0
FRIENDS OR FOES,Standard,2,DELETE,yXsVHpZGIDJoF3CpeME2,MAIN CHARACTERS OG,tm_mgol0xhrx,20,27.4,27.397260273972602,10.67,10.666666666666666,3,3,73,"{""1"":10,""2"":8,""3"":2}","{""1"":9,""2"":4,""3"":19}","{""1"":9,""2"":4,""3"":19}","{""1"":28,""2"":35,""3"":10}",5,12,10,8,2,9,4,19,9,4,19,28,35,10,MC丨IFɅ,Class 1,65,292,0,357,6.67,6.666666666666667,0,0,0
FRIENDS OR FOES,Standard,2,GAARA,frAw1ZokwwidsPGWguSM,ENVY 7 ONE,tm_ubz3oae5j,20,23.5,23.52941176470588,8.33,8.333333333333334,3,3,85,"{""1"":5,""2"":8,""3"":7}","{""1"":3,""2"":6,""3"":16}","{""1"":3,""2"":6,""3"":16}","{""1"":31,""2"":26,""3"":28}",2,13,5,8,7,3,6,16,3,6,16,31,26,28,GAARA.SVN¹,Class 1,70,340,0,410,6.67,6.666666666666667,0,0,0
FRIENDS OR FOES,Standard,2,PAGANINI,APlTtB3VKt0P7QlbaYHA,ENVY 7 ONE,tm_ubz3oae5j,20,23.5,23.52941176470588,8.33,8.333333333333334,3,3,85,"{""1"":11,""2"":4,""3"":5}","{""1"":3,""2"":6,""3"":16}","{""1"":3,""2"":6,""3"":16}","{""1"":31,""2"":26,""3"":28}",2,14,11,4,5,3,6,16,3,6,16,31,26,28,SIX.SVN,Class 1,70,340,0,410,6.67,6.666666666666667,0,0,0
FRIENDS OR FOES,Standard,2,FATHERALI,lQ3oUgLHQF7EsyPL3mFJ,VORTEX ONE,tm_4oss9tizq,19,27.9,27.941176470588236,9,9,3,3,68,"{""1"":1,""2"":5,""3"":13}","{""1"":21,""2"":5,""3"":1}","{""1"":21,""2"":5,""3"":1}","{""1"":1,""2"":34,""3"":33}",4,15,1,5,13,21,5,1,21,5,1,1,34,33,DEMON.VRX,Class 1,85,272,0,357,6.33,6.333333333333333,0,0,0
FRIENDS OR FOES,Standard,2,DFW,n72Tu2HiBOwdIesxFG6d,PREACHER X,tm_c0yc4xjf4,19,34.5,34.54545454545455,13,13,2,3,55,"{""2"":12,""3"":7}","{""2"":3,""3"":17}","{""1"":19,""2"":3,""3"":17}","{""1"":5,""2"":29,""3"":21}",11,16,,12,7,,3,17,19,3,17,5,29,21,PЯX・DFW,Class 1,60,220,0,280,9.5,9.5,0,0,0
FRIENDS OR FOES,Standard,2,LARRYCODM,IsJGFwRijyY55ezUgJMG,VORTEX ONE,tm_4oss9tizq,18,26.5,26.47058823529412,9,9,3,3,68,"{""1"":0,""2"":9,""3"":9}","{""1"":21,""2"":5,""3"":1}","{""1"":21,""2"":5,""3"":1}","{""1"":1,""2"":34,""3"":33}",4,17,0,9,9,21,5,1,21,5,1,1,34,33,RARRI.VRX,Class 1,85,272,0,357,6,6,0,0,0
FRIENDS OR FOES,Standard,2,ODOGWU,EL0jkB2u1HR36UhBAUWa,DEVELOPERS,tm_w0a02yn8h,18,29,29.03225806451613,13,13,3,3,62,"{""1"":6,""2"":5,""3"":7}","{""1"":13,""2"":18,""3"":8}","{""1"":13,""2"":18,""3"":8}","{""1"":22,""2"":14,""3"":26}",9,18,6,5,7,13,18,8,13,18,8,22,14,26,AALIYAH.DXV,Class 1,45,248,0,293,6,6,0,0,0
FRIENDS OR FOES,Standard,2,CODGOD,dqr1RKopXDu3zfgmOqcY,VORTEX ONE,tm_4oss9tizq,18,26.5,26.47058823529412,9,9,3,3,68,"{""1"":0,""2"":12,""3"":6}","{""1"":21,""2"":5,""3"":1}","{""1"":21,""2"":5,""3"":1}","{""1"":1,""2"":34,""3"":33}",4,19,0,12,6,21,5,1,21,5,1,1,34,33,CODGOD.VRX,Class 1,85,272,0,357,6,6,0,0,0
FRIENDS OR FOES,Standard,2,TOM,hxHrnWldh81VX3Ygl3kw,PREACHER X,tm_c0yc4xjf4,18,32.7,32.72727272727273,13,13,3,3,55,"{""1"":2,""2"":8,""3"":8}","{""1"":19,""2"":3,""3"":17}","{""1"":19,""2"":3,""3"":17}","{""1"":5,""2"":29,""3"":21}",11,20,2,8,8,19,3,17,19,3,17,5,29,21,PЯX・TOMSKI,Class 1,60,220,0,280,6,6,0,0,0
FRIENDS OR FOES,Standard,2,MAUS,kUOdoGK7ff8eYeZgwvXq,TEAM X,D2dU5QVY9U6g9t3bKk9C,17,32.7,32.69230769230769,9.33,9.333333333333334,3,3,52,"{""1"":5,""2"":5,""3"":7}","{""1"":7,""2"":10,""3"":11}","{""1"":7,""2"":10,""3"":11}","{""1"":24,""2"":9,""3"":19}",13,21,5,5,7,7,10,11,7,10,11,24,9,19,叶°MAUS,Class 1,55,208,0,263,5.67,5.666666666666667,0,0,0
FRIENDS OR FOES,Standard,2,REMO,dYruCjqNO7qAYaIBjTDt,Narcissist,ukMz1QObm2RORWQOa9dc,17,21.8,21.794871794871796,4.67,4.666666666666667,3,3,78,"{""1"":6,""2"":6,""3"":5}","{""1"":1,""2"":8,""3"":5}","{""1"":1,""2"":8,""3"":5}","{""1"":22,""2"":21,""3"":35}",1,22,6,6,5,1,8,5,1,8,5,22,21,35,口SWEATYREREﻬ,Class 1,100,312,0,412,5.67,5.666666666666667,0,0,0
FRIENDS OR FOES,Standard,2,NURUTA,UiCvqj6uu4EoGsvi2kLs,CIAO HUNTERS X,tm_twhkzzdmf,17,23,22.972972972972975,8.33,8.333333333333334,3,3,74,"{""1"":3,""2"":11,""3"":3}","{""1"":10,""2"":1,""3"":14}","{""1"":10,""2"":1,""3"":14}","{""1"":17,""2"":36,""3"":21}",3,23,3,11,3,10,1,14,10,1,14,17,36,21,NURUTA.CHX,Class 1,85,296,0,381,5.67,5.666666666666667,0,0,0
FRIENDS OR FOES,Standard,2,COLDSKI,ZMq7kz2SSMfPugtDW1dB,KYZON ESPORTS,tm_yvpteelv4,17,28.3,28.333333333333332,12.33,12.333333333333334,3,3,60,"{""1"":7,""2"":2,""3"":8}","{""1"":8,""2"":20,""3"":9}","{""1"":8,""2"":20,""3"":9}","{""1"":29,""2"":5,""3"":26}",10,24,7,2,8,8,20,9,8,20,9,29,5,26,ҞZ・COLDSKI,Class 1,50,240,0,290,5.67,5.666666666666667,0,0,0
FRIENDS OR FOES,Standard,2,JOJO,T2sK7jSZkJqKgLswvF1g,REMEDIUM INVICTUS,tm_kdh97vkx3,17,26.6,26.5625,13.67,13.666666666666666,3,3,64,"{""1"":7,""2"":4,""3"":6}","{""1"":14,""2"":15,""3"":12}","{""1"":14,""2"":15,""3"":12}","{""1"":32,""2"":7,""3"":25}",8,25,7,4,6,14,15,12,14,15,12,32,7,25,水RDM・JOJO,Class 1,45,256,0,301,5.67,5.666666666666667,0,0,0
FRIENDS OR FOES,Standard,2,POPE,EHyRjfeTvbYD9VvE9H1H,CIAO HUNTERS X,tm_twhkzzdmf,17,23,22.972972972972975,8.33,8.333333333333334,3,3,74,"{""1"":4,""2"":11,""3"":2}","{""1"":10,""2"":1,""3"":14}","{""1"":10,""2"":1,""3"":14}","{""1"":17,""2"":36,""3"":21}",3,26,4,11,2,10,1,14,10,1,14,17,36,21,GENESIS¹.CHX,Class 1,85,296,0,381,5.67,5.666666666666667,0,0,0
FRIENDS OR FOES,Standard,2,SWAYZE,qefoLXaT9gaO2ycKQocy,Narcissist,ukMz1QObm2RORWQOa9dc,17,21.8,21.794871794871796,4.67,4.666666666666667,3,3,78,"{""1"":3,""2"":4,""3"":10}","{""1"":1,""2"":8,""3"":5}","{""1"":1,""2"":8,""3"":5}","{""1"":22,""2"":21,""3"":35}",1,27,3,4,10,1,8,5,1,8,5,22,21,35,口ISWAYZETT,Class 1,100,312,0,412,5.67,5.666666666666667,0,0,0
FRIENDS OR FOES,Standard,2,ASUMA,CKMVsD0SVtvVAI3ggnjR,BROTHERHOOD,ORtlxzvsOKPEjdtaekig,16,50,50,11.67,11.666666666666666,3,3,32,"{""1"":9,""2"":4,""3"":3}","{""1"":18,""2"":7,""3"":10}","{""1"":18,""2"":7,""3"":10}","{""1"":15,""2"":10,""3"":7}",15,28,9,4,3,18,7,10,18,7,10,15,10,7,BH ASUMA,Class 1,50,128,0,178,5.33,5.333333333333333,0,0,0
FRIENDS OR FOES,Standard,2,FLUFFY,zJzKvUNu4k0ilGg2ocCY,KYZON ESPORTS,tm_yvpteelv4,16,26.7,26.666666666666668,12.33,12.333333333333334,3,3,60,"{""1"":7,""2"":2,""3"":7}","{""1"":8,""2"":20,""3"":9}","{""1"":8,""2"":20,""3"":9}","{""1"":29,""2"":5,""3"":26}",10,29,7,2,7,8,20,9,8,20,9,29,5,26,ҞZ・MONKEY,Class 1,50,240,0,290,5.33,5.333333333333333,0,0,0
FRIENDS OR FOES,Standard,2,TOLU MARTINS,qiDPTJl18fmW4r6n11Pr,CIAO HUNTERS X,tm_twhkzzdmf,16,21.6,21.62162162162162,8.33,8.333333333333334,3,3,74,"{""1"":3,""2"":6,""3"":7}","{""1"":10,""2"":1,""3"":14}","{""1"":10,""2"":1,""3"":14}","{""1"":17,""2"":36,""3"":21}",3,30,3,6,7,10,1,14,10,1,14,17,36,21,ROMANS1:18.CHX,Class 1,85,296,0,381,5.33,5.333333333333333,0,0,0
FRIENDS OR FOES,Standard,2,MAYHEM,w0TDikwzq62t4ST2ZjeZ,KYZON ESPORTS,tm_yvpteelv4,15,25,25,12.33,12.333333333333334,3,3,60,"{""1"":9,""2"":1,""3"":5}","{""1"":8,""2"":20,""3"":9}","{""1"":8,""2"":20,""3"":9}","{""1"":29,""2"":5,""3"":26}",10,31,9,1,5,8,20,9,8,20,9,29,5,26,ҞZ・APE২,Class 1,50,240,0,290,5,5,0,0,0
FRIENDS OR FOES,Standard,2,PHILIP MELO,gybDsWbwIY4s0wRh2Nj4,FEARLESS WARRIORS,tm_rgqdo8wje,15,26.8,26.785714285714285,3.67,3.6666666666666665,3,3,56,"{""1"":4,""2"":7,""3"":4}","{""1"":6,""2"":2,""3"":3}","{""1"":6,""2"":2,""3"":3}","{""1"":23,""2"":24,""3"":9}",7,32,4,7,4,6,2,3,6,2,3,23,24,9,ƑW・MELO,Class 1,105,224,0,329,5,5,0,0,0
FRIENDS OR FOES,Standard,2,MR P,kl2hoTAKjBPgfOMMvkKH,DEVELOPERS,tm_w0a02yn8h,15,24.2,24.193548387096776,13,13,3,3,62,"{""1"":3,""2"":5,""3"":7}","{""1"":13,""2"":18,""3"":8}","{""1"":13,""2"":18,""3"":8}","{""1"":22,""2"":14,""3"":26}",9,33,3,5,7,13,18,8,13,18,8,22,14,26,ARTETA.DXV,Class 1,45,248,0,293,5,5,0,0,0
FRIENDS OR FOES,Standard,2,SAMMY,CRgmZpi6YPL39TOInRBz,REMEDIUM INVICTUS,tm_kdh97vkx3,15,23.4,23.4375,13.67,13.666666666666666,3,3,64,"{""1"":7,""2"":2,""3"":6}","{""1"":14,""2"":15,""3"":12}","{""1"":14,""2"":15,""3"":12}","{""1"":32,""2"":7,""3"":25}",8,34,7,2,6,14,15,12,14,15,12,32,7,25,水RDM • SAMMY.+,Class 1,45,256,0,301,5,5,0,0,0
FRIENDS OR FOES,Standard,2,GB CRYPTO,OxMhCUSkyAT0LrziaNDP,GOAT ESPORT,tm_ws9x2fl5b,14,20.3,20.28985507246377,8.33,8.333333333333334,3,3,69,"{""1"":6,""2"":2,""3"":6}","{""1"":5,""2"":16,""3"":4}","{""1"":5,""2"":16,""3"":4}","{""1"":34,""2"":7,""3"":28}",6,35,6,2,6,5,16,4,5,16,4,34,7,28,毒GOAT CRYPTO,Class 1,75,276,0,351,4.67,4.666666666666667,0,0,0
FRIENDS OR FOES,Standard,2,MOVEMENT,zbgasCEzQ3XBmq26KwCr,DEVELOPERS,tm_w0a02yn8h,14,22.6,22.58064516129032,13,13,3,3,62,"{""1"":9,""2"":1,""3"":4}","{""1"":13,""2"":18,""3"":8}","{""1"":13,""2"":18,""3"":8}","{""1"":22,""2"":14,""3"":26}",9,36,9,1,4,13,18,8,13,18,8,22,14,26,MOVEMENT..DXV,Class 1,45,248,0,293,4.67,4.666666666666667,0,0,0
FRIENDS OR FOES,Standard,2,ALLFATHER,eZr86KcPlEoSTarsNbR0,TEAM X,D2dU5QVY9U6g9t3bKk9C,14,26.9,26.923076923076923,9.33,9.333333333333334,3,3,52,"{""1"":8,""2"":2,""3"":4}","{""1"":7,""2"":10,""3"":11}","{""1"":7,""2"":10,""3"":11}","{""1"":24,""2"":9,""3"":19}",13,37,8,2,4,7,10,11,7,10,11,24,9,19,叶°MP-0,Class 1,55,208,0,263,4.67,4.666666666666667,0,0,0
FRIENDS OR FOES,Standard,2,YAGAMI,Bx7S0iZlMNevEE4eXnqz,VORTEX ONE,tm_4oss9tizq,13,19.1,19.11764705882353,9,9,3,3,68,"{""1"":0,""2"":8,""3"":5}","{""1"":21,""2"":5,""3"":1}","{""1"":21,""2"":5,""3"":1}","{""1"":1,""2"":34,""3"":33}",4,38,0,8,5,21,5,1,21,5,1,1,34,33,QTR YAGA.VRX,Class 1,85,272,0,357,4.33,4.333333333333333,0,0,0
FRIENDS OR FOES,Standard,2,POISON,QZIn6rAU2CGPFbGbQu4v,GOAT ESPORT,tm_ws9x2fl5b,13,18.8,18.84057971014493,8.33,8.333333333333334,3,3,69,"{""1"":6,""2"":2,""3"":5}","{""1"":5,""2"":16,""3"":4}","{""1"":5,""2"":16,""3"":4}","{""1"":34,""2"":7,""3"":28}",6,39,6,2,5,5,16,4,5,16,4,34,7,28,毒GOAT SHUSH,Class 1,75,276,0,351,4.33,4.333333333333333,0,0,0
FRIENDS OR FOES,Standard,2,TORUSKI,JS1VnLDlLbM6yIBFzo0u,YVL ZENITH,9QcWKHtOAOLOrVMJNE0C,13,25,25,10,10,3,3,52,"{""1"":5,""2"":6,""3"":2}","{""1"":16,""2"":12,""3"":2}","{""1"":16,""2"":12,""3"":2}","{""1"":19,""2"":17,""3"":16}",12,40,5,6,2,16,12,2,16,12,2,19,17,16,YVLゝDГ. Ƭ,Class 1,70,208,0,278,4.33,4.333333333333333,0,0,0
FRIENDS OR FOES,Standard,2,ISCO,Ju9oBCWQSs6kfDYixRZK,MAIN CHARACTERS OG,tm_mgol0xhrx,13,17.8,17.80821917808219,10.67,10.666666666666666,3,3,73,"{""1"":9,""2"":4,""3"":0}","{""1"":9,""2"":4,""3"":19}","{""1"":9,""2"":4,""3"":19}","{""1"":28,""2"":35,""3"":10}",5,41,9,4,0,9,4,19,9,4,19,28,35,10,ZN ISCO MC,Class 1,65,292,0,357,4.33,4.333333333333333,0,0,0
FRIENDS OR FOES,Standard,2,DEMON,NiT6GePQhD8XyqSCmuMI,PREACHER X,tm_c0yc4xjf4,12,21.8,21.818181818181817,13,13,3,3,55,"{""1"":0,""2"":7,""3"":5}","{""1"":19,""2"":3,""3"":17}","{""1"":19,""2"":3,""3"":17}","{""1"":5,""2"":29,""3"":21}",11,42,0,7,5,19,3,17,19,3,17,5,29,21,PЯX・OLUOMO,Class 1,60,220,0,280,4,4,0,0,0
FRIENDS OR FOES,Standard,2,GENIUS,uuEZBl8ygzwctHZbKjGV,KYZON ESPORTS,tm_yvpteelv4,12,20,20,12.33,12.333333333333334,3,3,60,"{""1"":6,""2"":0,""3"":6}","{""1"":8,""2"":20,""3"":9}","{""1"":8,""2"":20,""3"":9}","{""1"":29,""2"":5,""3"":26}",10,43,6,0,6,8,20,9,8,20,9,29,5,26,ҞZ • GENIUS ২,Class 1,50,240,0,290,4,4,0,0,0
FRIENDS OR FOES,Standard,2,VENOM,STmUpiwkCk5ybUeJJAAW,CIAO GUARDIANS,xZgUbwrDC2TK3wcpPUY3,11,29.7,29.72972972972973,10.67,10.666666666666666,3,3,37,"{""1"":5,""2"":4,""3"":2}","{""1"":2,""2"":17,""3"":13}","{""1"":2,""2"":17,""3"":13}","{""1"":17,""2"":10,""3"":10}",14,44,5,4,2,2,17,13,2,17,13,17,10,10,VENOMYT.CHX,Class 1,70,148,0,218,3.67,3.6666666666666665,0,0,0
FRIENDS OR FOES,Standard,2,DERAZ,pPvCKKzMoO9wgFzAq0sd,DEVELOPERS,tm_w0a02yn8h,11,17.7,17.741935483870968,13,13,2,3,62,"{""2"":3,""3"":8}","{""2"":18,""3"":8}","{""1"":13,""2"":18,""3"":8}","{""1"":22,""2"":14,""3"":26}",9,45,,3,8,,18,8,13,18,8,22,14,26,DERAZYT.DXV,Class 1,45,248,0,293,5.5,5.5,0,0,0
FRIENDS OR FOES,Standard,2,UMBRELLA,ZbDtqKyjWc2uCQ1Iu3Xg,TEAM X,D2dU5QVY9U6g9t3bKk9C,11,21.2,21.153846153846153,9.33,9.333333333333334,3,3,52,"{""1"":6,""2"":0,""3"":5}","{""1"":7,""2"":10,""3"":11}","{""1"":7,""2"":10,""3"":11}","{""1"":24,""2"":9,""3"":19}",13,46,6,0,5,7,10,11,7,10,11,24,9,19,叶°ALLFATHER,Class 1,55,208,0,263,3.67,3.6666666666666665,0,0,0
FRIENDS OR FOES,Standard,2,APOLLO,tHmxoGylXYBAT5j7XhRQ,CIAO GUARDIANS,xZgUbwrDC2TK3wcpPUY3,11,29.7,29.72972972972973,10.67,10.666666666666666,3,3,37,"{""1"":4,""2"":3,""3"":4}","{""1"":2,""2"":17,""3"":13}","{""1"":2,""2"":17,""3"":13}","{""1"":17,""2"":10,""3"":10}",14,47,4,3,4,2,17,13,2,17,13,17,10,10,APOLLOYT.CHX,Class 1,70,148,0,218,3.67,3.6666666666666665,0,0,0
FRIENDS OR FOES,Standard,2,OMEGA,5yx4Bj2tFtb311znF0Np,FEARLESS ULTIMATE,QXr3HX0HM3Rf35A0UKUN,10,31.3,31.25,14,14,3,3,32,"{""1"":5,""2"":4,""3"":1}","{""1"":11,""2"":11,""3"":20}","{""1"":11,""2"":11,""3"":20}","{""1"":16,""2"":11,""3"":5}",16,48,5,4,1,11,11,20,11,11,20,16,11,5,ƑW・NOOB,Class 1,40,128,0,168,3.33,3.3333333333333335,0,0,0
FRIENDS OR FOES,Standard,2,RUSTY,GQC099yRTvpPKG2zBXZD,⁠FAZE RAIDERS,VBWUGsiSMKIkkTYb3TSn,10,32.3,32.25806451612903,15.33,15.333333333333334,3,3,31,"{""1"":4,""2"":0,""3"":6}","{""1"":12,""2"":19,""3"":15}","{""1"":12,""2"":19,""3"":15}","{""1"":12,""2"":1,""3"":18}",17,49,4,0,6,12,19,15,12,19,15,12,1,18,ҒZ HEKI,Class 1,40,124,0,164,3.33,3.3333333333333335,0,0,0
FRIENDS OR FOES,Standard,2,LUDGER,PQAripc5A3a7tOZ5qHrY,FEARLESS WARRIORS,tm_rgqdo8wje,10,17.9,17.857142857142858,3.67,3.6666666666666665,3,3,56,"{""1"":5,""2"":5,""3"":0}","{""1"":6,""2"":2,""3"":3}","{""1"":6,""2"":2,""3"":3}","{""1"":23,""2"":24,""3"":9}",7,50,5,5,0,6,2,3,6,2,3,23,24,9,ZN SKY・ƑW,Class 1,105,224,0,329,3.33,3.3333333333333335,0,0,0
FRIENDS OR FOES,Standard,2,SLY,j39wPvPuSoMq1TOb78Ih,TEAM X,D2dU5QVY9U6g9t3bKk9C,10,19.2,19.230769230769234,9.33,9.333333333333334,3,3,52,"{""1"":5,""2"":2,""3"":3}","{""1"":7,""2"":10,""3"":11}","{""1"":7,""2"":10,""3"":11}","{""1"":24,""2"":9,""3"":19}",13,51,5,2,3,7,10,11,7,10,11,24,9,19,叶°SLY,Class 1,55,208,0,263,3.33,3.3333333333333335,0,0,0
FRIENDS OR FOES,Standard,2,MXNIAC,TbGmnsma5nuwWfiUl3FL,FEARLESS ULTIMATE,QXr3HX0HM3Rf35A0UKUN,10,31.3,31.25,14,14,3,3,32,"{""1"":6,""2"":2,""3"":2}","{""1"":11,""2"":11,""3"":20}","{""1"":11,""2"":11,""3"":20}","{""1"":16,""2"":11,""3"":5}",16,52,6,2,2,11,11,20,11,11,20,16,11,5,ƑW・MXNIAC,Class 1,40,128,0,168,3.33,3.3333333333333335,0,0,0
FRIENDS OR FOES,Standard,2,LIONFACE,PMOZmTbjtV7Jea8FMW8Y,Marines Cartel,o7Dp7knjVTxhemRjJF7R,9,56.3,56.25,10.33,10.333333333333334,3,3,16,"{""1"":2,""2"":4,""3"":3}","{""1"":15,""2"":9,""3"":7}","{""1"":15,""2"":9,""3"":7}","{""1"":3,""2"":5,""3"":8}",19,53,2,4,3,15,9,7,15,9,7,3,5,8,¹LT丨DADYLION,Class 1,55,64,0,119,3,3,0,0,0
FRIENDS OR FOES,Standard,2,WINDIGO,Y3hmYqIvBg07ApvAvtRu,MAIN CHARACTERS OG,tm_mgol0xhrx,9,12.3,12.32876712328767,10.67,10.666666666666666,3,3,73,"{""1"":2,""2"":6,""3"":1}","{""1"":9,""2"":4,""3"":19}","{""1"":9,""2"":4,""3"":19}","{""1"":28,""2"":35,""3"":10}",5,54,2,6,1,9,4,19,9,4,19,28,35,10,MC丨NASTYA,Class 1,65,292,0,357,3,3,0,0,0
FRIENDS OR FOES,Standard,2,CEEJAY,p_q0z253rna,⁠FAZE RAIDERS,VBWUGsiSMKIkkTYb3TSn,9,29,29.03225806451613,15.33,15.333333333333334,3,3,31,"{""1"":5,""2"":0,""3"":4}","{""1"":12,""2"":19,""3"":15}","{""1"":12,""2"":19,""3"":15}","{""1"":12,""2"":1,""3"":18}",17,55,5,0,4,12,19,15,12,19,15,12,1,18,ҒZ JAPAN,Class 1,40,124,0,164,3,3,0,0,0
FRIENDS OR FOES,Standard,2,BETROWOLF,ZE8R7Mty1GmpwwhIBgxF,CIAO GUARDIANS,xZgUbwrDC2TK3wcpPUY3,9,24.3,24.324324324324326,10.67,10.666666666666666,3,3,37,"{""1"":3,""2"":3,""3"":3}","{""1"":2,""2"":17,""3"":13}","{""1"":2,""2"":17,""3"":13}","{""1"":17,""2"":10,""3"":10}",14,56,3,3,3,2,17,13,2,17,13,17,10,10,BETROYT۶.CHX,Class 1,70,148,0,218,3,3,0,0,0
FRIENDS OR FOES,Standard,2,7TH,SCo9f8lLE7kRP4halrwo,FEARLESS ULTIMATE,QXr3HX0HM3Rf35A0UKUN,9,28.1,28.125,14,14,3,3,32,"{""1"":4,""2"":3,""3"":2}","{""1"":11,""2"":11,""3"":20}","{""1"":11,""2"":11,""3"":20}","{""1"":16,""2"":11,""3"":5}",16,57,4,3,2,11,11,20,11,11,20,16,11,5,ƑW・7TH,Class 1,40,128,0,168,3,3,0,0,0
FRIENDS OR FOES,Standard,2,REACHER,wyrK9RX0czI2aidGBDd3,YVL ZENITH,9QcWKHtOAOLOrVMJNE0C,9,17.3,17.307692307692307,10,10,3,3,52,"{""1"":4,""2"":2,""3"":3}","{""1"":16,""2"":12,""3"":2}","{""1"":16,""2"":12,""3"":2}","{""1"":19,""2"":17,""3"":16}",12,58,4,2,3,16,12,2,16,12,2,19,17,16,YVLゝREACHER,Class 1,70,208,0,278,3,3,0,0,0
FRIENDS OR FOES,Standard,2,LAZY,Tmdfj4k7UPoE2wFXGHxJ,REMEDIUM INVICTUS,tm_kdh97vkx3,9,14.1,14.0625,13.67,13.666666666666666,3,3,64,"{""1"":5,""2"":0,""3"":4}","{""1"":14,""2"":15,""3"":12}","{""1"":14,""2"":15,""3"":12}","{""1"":32,""2"":7,""3"":25}",8,59,5,0,4,14,15,12,14,15,12,32,7,25,水RDM・LAZY,Class 1,45,256,0,301,3,3,0,0,0
FRIENDS OR FOES,Standard,2,LXST,AiwEpwWBvqiSpmaA7Huh,MERCILESS ESPORTS,tm_sip25jqm7,8,34.8,34.78260869565217,17,17,3,3,23,"{""1"":4,""2"":4,""3"":0}","{""1"":17,""2"":13,""3"":21}","{""1"":17,""2"":13,""3"":21}","{""1"":10,""2"":11,""3"":2}",18,60,4,4,0,17,13,21,17,13,21,10,11,2,MŁ・LXST,Class 1,30,92,0,122,2.67,2.6666666666666665,0,0,0
FRIENDS OR FOES,Standard,2,STAR,x8eXTa7LZz6eHWTdvM7v,YVL ZENITH,9QcWKHtOAOLOrVMJNE0C,8,15.4,15.384615384615385,10,10,3,3,52,"{""1"":3,""2"":0,""3"":5}","{""1"":16,""2"":12,""3"":2}","{""1"":16,""2"":12,""3"":2}","{""1"":19,""2"":17,""3"":16}",12,61,3,0,5,16,12,2,16,12,2,19,17,16,YVLゝSTXR,Class 1,70,208,0,278,2.67,2.6666666666666665,0,0,0
FRIENDS OR FOES,Standard,2,MICHAEL,8hYOt0XXhRZHBESjFoAH,BROTHERHOOD,ORtlxzvsOKPEjdtaekig,7,21.9,21.875,11.67,11.666666666666666,3,3,32,"{""1"":2,""2"":2,""3"":3}","{""1"":18,""2"":7,""3"":10}","{""1"":18,""2"":7,""3"":10}","{""1"":15,""2"":10,""3"":7}",15,62,2,2,3,18,7,10,18,7,10,15,10,7,BH | MR MIKE,Class 1,50,128,0,178,2.33,2.3333333333333335,0,0,0
FRIENDS OR FOES,Standard,2,MO,p7NXVZszmKHPcyymmjED,MERCILESS ESPORTS,tm_sip25jqm7,7,30.4,30.434782608695656,17,17,3,3,23,"{""1"":2,""2"":4,""3"":1}","{""1"":17,""2"":13,""3"":21}","{""1"":17,""2"":13,""3"":21}","{""1"":10,""2"":11,""3"":2}",18,63,2,4,1,17,13,21,17,13,21,10,11,2,MŁ • MO,Class 1,30,92,0,122,2.33,2.3333333333333335,0,0,0
FRIENDS OR FOES,Standard,2,EXO,t1pXFna2KVG1XJ4PkMfx,FEARLESS WARRIORS,tm_rgqdo8wje,6,10.7,10.714285714285714,3.67,3.6666666666666665,3,3,56,"{""1"":4,""2"":2,""3"":0}","{""1"":6,""2"":2,""3"":3}","{""1"":6,""2"":2,""3"":3}","{""1"":23,""2"":24,""3"":9}",7,64,4,2,0,6,2,3,6,2,3,23,24,9,ƑW・EXO,Class 1,105,224,0,329,2,2,0,0,0
FRIENDS OR FOES,Standard,2,KEKE,Qwl2vRUJbA6CWBqKcZ1O,⁠FAZE RAIDERS,VBWUGsiSMKIkkTYb3TSn,6,19.4,19.35483870967742,15.33,15.333333333333334,3,3,31,"{""1"":2,""2"":0,""3"":4}","{""1"":12,""2"":19,""3"":15}","{""1"":12,""2"":19,""3"":15}","{""1"":12,""2"":1,""3"":18}",17,65,2,0,4,12,19,15,12,19,15,12,1,18,ҒZ SYNA,Class 1,40,124,0,164,2,2,0,0,0
FRIENDS OR FOES,Standard,2,ZINOPLAYS,yWni6juo4WjqiGJF3jyo,CIAO GUARDIANS,xZgUbwrDC2TK3wcpPUY3,6,16.2,16.216216216216218,10.67,10.666666666666666,3,3,37,"{""1"":5,""2"":0,""3"":1}","{""1"":2,""2"":17,""3"":13}","{""1"":2,""2"":17,""3"":13}","{""1"":17,""2"":10,""3"":10}",14,66,5,0,1,2,17,13,2,17,13,17,10,10,ZPYT۶.CHX,Class 1,70,148,0,218,2,2,0,0,0
FRIENDS OR FOES,Standard,2,CHEF PUNK,1LO5N9nzQfk09XHoISVW,PREACHER X,tm_c0yc4xjf4,6,10.9,10.909090909090908,13,13,3,3,55,"{""1"":3,""2"":2,""3"":1}","{""1"":19,""2"":3,""3"":17}","{""1"":19,""2"":3,""3"":17}","{""1"":5,""2"":29,""3"":21}",11,67,3,2,1,19,3,17,19,3,17,5,29,21,PЯX・OBTAINER,Class 1,60,220,0,280,2,2,0,0,0
FRIENDS OR FOES,Standard,2,NAGATO,4drN06J7VhcUWU1ydASK,⁠FAZE RAIDERS,VBWUGsiSMKIkkTYb3TSn,6,19.4,19.35483870967742,15.33,15.333333333333334,3,3,31,"{""1"":1,""2"":1,""3"":4}","{""1"":12,""2"":19,""3"":15}","{""1"":12,""2"":19,""3"":15}","{""1"":12,""2"":1,""3"":18}",17,68,1,1,4,12,19,15,12,19,15,12,1,18,ҒZ ANIZ,Class 1,40,124,0,164,2,2,0,0,0
FRIENDS OR FOES,Standard,2,ITXNY,Q0fJtKuQbSeRP1X3TvMA,BROTHERHOOD,ORtlxzvsOKPEjdtaekig,5,15.6,15.625,11.67,11.666666666666666,3,3,32,"{""1"":2,""2"":2,""3"":1}","{""1"":18,""2"":7,""3"":10}","{""1"":18,""2"":7,""3"":10}","{""1"":15,""2"":10,""3"":7}",15,69,2,2,1,18,7,10,18,7,10,15,10,7,BH MESSI,Class 1,50,128,0,178,1.67,1.6666666666666667,0,0,0
FRIENDS OR FOES,Standard,2,OLATOMI,9JIRvwr8nFeyEXR4as0b,7G NEW TAKERS,NpKzXoJZdBhUMOLnmCxj,5,55.6,55.55555555555556,8,8,3,3,9,"{""1"":2,""2"":2,""3"":1}","{""1"":4,""2"":14,""3"":6}","{""1"":4,""2"":14,""3"":6}","{""1"":2,""2"":4,""3"":3}",20,70,2,2,1,4,14,6,4,14,6,2,4,3,7Ɠ・丨¹KXRMA,Class 1,70,36,0,106,1.67,1.6666666666666667,0,0,0
FRIENDS OR FOES,Standard,2,ATTIEKE,0ZiIKcgXBKZnIVK3RY5b,Marines Cartel,o7Dp7knjVTxhemRjJF7R,5,31.3,31.25,10.33,10.333333333333334,3,3,16,"{""1"":1,""2"":1,""3"":3}","{""1"":15,""2"":9,""3"":7}","{""1"":15,""2"":9,""3"":7}","{""1"":3,""2"":5,""3"":8}",19,71,1,1,3,15,9,7,15,9,7,3,5,8,M7・DAVE | ¹LT,Class 1,55,64,0,119,1.67,1.6666666666666667,0,0,0
FRIENDS OR FOES,Standard,2,SNAKE,Cd8QlNwfF9c1FQo5dC2l,MERCILESS ESPORTS,tm_sip25jqm7,5,21.7,21.73913043478261,17,17,3,3,23,"{""1"":3,""2"":1,""3"":1}","{""1"":17,""2"":13,""3"":21}","{""1"":17,""2"":13,""3"":21}","{""1"":10,""2"":11,""3"":2}",18,72,3,1,1,17,13,21,17,13,21,10,11,2,ML • SNAKE,Class 1,30,92,0,122,1.67,1.6666666666666667,0,0,0
FRIENDS OR FOES,Standard,2,LYON,rsul2CWwdEzEvzuOnnFu,DEVELOPERS,tm_w0a02yn8h,4,6.5,6.451612903225806,13,13,1,3,62,"{""1"":4}","{""1"":13}","{""1"":13,""2"":18,""3"":8}","{""1"":22,""2"":14,""3"":26}",9,73,4,,,13,,,13,18,8,22,14,26,CHASE.DXV,Class 1,45,248,0,293,4,4,0,0,0
FRIENDS OR FOES,Standard,2,GRINDER,wl39tvfMLWADTnQOjkTP,BROTHERHOOD,ORtlxzvsOKPEjdtaekig,4,12.5,12.5,11.67,11.666666666666666,3,3,32,"{""1"":2,""2"":2,""3"":0}","{""1"":18,""2"":7,""3"":10}","{""1"":18,""2"":7,""3"":10}","{""1"":15,""2"":10,""3"":7}",15,74,2,2,0,18,7,10,18,7,10,15,10,7,BH GRINDER,Class 1,50,128,0,178,1.33,1.3333333333333333,0,0,0
FRIENDS OR FOES,Standard,2,A1,VOElYffXxZkcpmPLe4T4,MERCILESS ESPORTS,tm_sip25jqm7,3,13,13.043478260869565,17,17,3,3,23,"{""1"":1,""2"":2,""3"":0}","{""1"":17,""2"":13,""3"":21}","{""1"":17,""2"":13,""3"":21}","{""1"":10,""2"":11,""3"":2}",18,75,1,2,0,17,13,21,17,13,21,10,11,2,MŁ • A1,Class 1,30,92,0,122,1,1,0,0,0
FRIENDS OR FOES,Standard,2,DANIEL,2hoGdFkIX9KrsMSafUIB,FEARLESS ULTIMATE,QXr3HX0HM3Rf35A0UKUN,3,9.4,9.375,14,14,3,3,32,"{""1"":1,""2"":2,""3"":0}","{""1"":11,""2"":11,""3"":20}","{""1"":11,""2"":11,""3"":20}","{""1"":16,""2"":11,""3"":5}",16,76,1,2,0,11,11,20,11,11,20,16,11,5,ƑW・X TA C,Class 1,40,128,0,168,1,1,0,0,0
FRIENDS OR FOES,Standard,2,NIEL,HllRAi3xdKU7I8tCNB6B,7G NEW TAKERS,NpKzXoJZdBhUMOLnmCxj,2,22.2,22.22222222222222,8,8,3,3,9,"{""1"":0,""2"":1,""3"":1}","{""1"":4,""2"":14,""3"":6}","{""1"":4,""2"":14,""3"":6}","{""1"":2,""2"":4,""3"":3}",20,77,0,1,1,4,14,6,4,14,6,2,4,3,7Ɠ・NIEL?,Class 1,70,36,0,106,0.67,0.6666666666666666,0,0,0
FRIENDS OR FOES,Standard,2,AIMBOTONIPAD,bNNoVfpqP2dN4eICglng,KYZON ALLIANCE,tm_3fapr2cz9,2,33.3,33.33333333333333,19.67,19.666666666666668,3,3,6,"{""1"":0,""2"":0,""3"":2}","{""1"":20,""2"":21,""3"":18}","{""1"":20,""2"":21,""3"":18}","{""1"":0,""2"":0,""3"":6}",21,78,0,0,2,20,21,18,20,21,18,0,0,6,ҞZ GRYPHON,Class 1,25,24,0,49,0.67,0.6666666666666666,0,0,0
FRIENDS OR FOES,Standard,2,BIGTULA,qj6FOc1Z8aeEWmqUk84v,KYZON ALLIANCE,tm_3fapr2cz9,2,33.3,33.33333333333333,19.67,19.666666666666668,3,3,6,"{""1"":0,""2"":0,""3"":2}","{""1"":20,""2"":21,""3"":18}","{""1"":20,""2"":21,""3"":18}","{""1"":0,""2"":0,""3"":6}",21,79,0,0,2,20,21,18,20,21,18,0,0,6,KZ GILLIFANT,Class 1,25,24,0,49,0.67,0.6666666666666666,0,0,0
FRIENDS OR FOES,Standard,2,RAYSARK,8FLaRdZhys6KFQ4Ds2YV,7G NEW TAKERS,NpKzXoJZdBhUMOLnmCxj,2,22.2,22.22222222222222,8,8,3,3,9,"{""1"":0,""2"":1,""3"":1}","{""1"":4,""2"":14,""3"":6}","{""1"":4,""2"":14,""3"":6}","{""1"":2,""2"":4,""3"":3}",20,80,0,1,1,4,14,6,4,14,6,2,4,3,7Ɠ・0,Class 1,70,36,0,106,0.67,0.6666666666666666,0,0,0
FRIENDS OR FOES,Standard,2,FAZZY,AHbzUpq8xHnx1391KBuT,Marines Cartel,o7Dp7knjVTxhemRjJF7R,2,12.5,12.5,10.33,10.333333333333334,3,3,16,"{""1"":0,""2"":0,""3"":2}","{""1"":15,""2"":9,""3"":7}","{""1"":15,""2"":9,""3"":7}","{""1"":3,""2"":5,""3"":8}",19,81,0,0,2,15,9,7,15,9,7,3,5,8,¹LT | FAZZY,Class 1,55,64,0,119,0.67,0.6666666666666666,0,0,0
FRIENDS OR FOES,Standard,2,ICONIC,Bupc8GCd3yBuLtWbFou4,KYZON ALLIANCE,tm_3fapr2cz9,0,0,0,19.67,19.666666666666668,3,3,6,"{""1"":0,""2"":0,""3"":0}","{""1"":20,""2"":21,""3"":18}","{""1"":20,""2"":21,""3"":18}","{""1"":0,""2"":0,""3"":6}",21,82,0,0,0,20,21,18,20,21,18,0,0,6,KZ GIANNA,Class 1,25,24,0,49,0,0,0,0,0
FRIENDS OR FOES,Standard,2,SANTA,vDhcxuukJqexMKfneLxv,KYZON ALLIANCE,tm_3fapr2cz9,0,0,0,19.67,19.666666666666668,3,3,6,"{""1"":0,""2"":0,""3"":0}","{""1"":20,""2"":21,""3"":18}","{""1"":20,""2"":21,""3"":18}","{""1"":0,""2"":0,""3"":6}",21,83,0,0,0,20,21,18,20,21,18,0,0,6,ҞZ STAR,Class 1,25,24,0,49,0,0,0,0,0
FRIENDS OR FOES,Standard,2,YAMII,JEnWA5TkFzeJpFKvyVQA,PREACHER X,tm_c0yc4xjf4,0,0,0,13,13,1,3,55,"{""1"":0}","{""1"":19}","{""1"":19,""2"":3,""3"":17}","{""1"":5,""2"":29,""3"":21}",11,84,0,,,19,,,19,3,17,5,29,21,PЯX・YAMII,Class 1,60,220,0,280,0,0,0,0,0
FRIENDS OR FOES,Standard,2,INDIGO,zp3jg9OOxd217vbYIoBu,7G NEW TAKERS,NpKzXoJZdBhUMOLnmCxj,0,0,0,8,8,3,3,9,"{""1"":0,""2"":0,""3"":0}","{""1"":4,""2"":14,""3"":6}","{""1"":4,""2"":14,""3"":6}","{""1"":2,""2"":4,""3"":3}",20,85,0,0,0,4,14,6,4,14,6,2,4,3,7Ɠ・INÐIGØ,Class 1,70,36,0,106,0,0,0,0,0
FRIENDS OR FOES,Standard,3,CODGOD,dqr1RKopXDu3zfgmOqcY,VORTEX ONE,tm_4oss9tizq,49,39.8,39.83739837398374,4,4,3,3,123,"{""1"":17,""2"":15,""3"":17}","{""1"":9,""2"":2,""3"":1}","{""1"":9,""2"":2,""3"":1}","{""1"":38,""2"":37,""3"":48}",1,1,17,15,17,9,2,1,9,2,1,38,37,48,CODGOD.VRX,Class 1,115,492,0,607,16.33,16.333333333333332,0,0,0
FRIENDS OR FOES,Standard,3,TOM,hxHrnWldh81VX3Ygl3kw,PREACHER X,tm_c0yc4xjf4,35,33.7,33.65384615384615,2,2,3,3,104,"{""1"":10,""2"":15,""3"":10}","{""1"":3,""2"":1,""3"":2}","{""1"":3,""2"":1,""3"":2}","{""1"":37,""2"":42,""3"":25}",2,2,10,15,10,3,1,2,3,1,2,37,42,25,PЯX・TOMSKI,Class 1,135,416,0,551,11.67,11.666666666666666,0,0,0
FRIENDS OR FOES,Standard,3,FATHERALI,lQ3oUgLHQF7EsyPL3mFJ,VORTEX ONE,tm_4oss9tizq,33,26.8,26.82926829268293,4,4,3,3,123,"{""1"":10,""2"":5,""3"":18}","{""1"":9,""2"":2,""3"":1}","{""1"":9,""2"":2,""3"":1}","{""1"":38,""2"":37,""3"":48}",1,3,10,5,18,9,2,1,9,2,1,38,37,48,DEMON.VRX,Class 1,115,492,0,607,11,11,0,0,0
FRIENDS OR FOES,Standard,3,GB CRYPTO,OxMhCUSkyAT0LrziaNDP,GOAT ESPORT,tm_ws9x2fl5b,32,39.5,39.50617283950617,13,13,3,3,81,"{""1"":9,""2"":9,""3"":14}","{""1"":17,""2"":11,""3"":11}","{""1"":17,""2"":11,""3"":11}","{""1"":21,""2"":28,""3"":32}",4,4,9,9,14,17,11,11,17,11,11,21,28,32,毒GOAT CRYPTO,Class 1,40,324,0,364,10.67,10.666666666666666,0,0,0
FRIENDS OR FOES,Standard,3,ANDREW,zccOX3iQQuevsZAxcr4f,REMEDIUM INVICTUS,tm_kdh97vkx3,30,44.8,44.776119402985074,7.67,7.666666666666667,3,3,67,"{""1"":7,""2"":10,""3"":13}","{""1"":6,""2"":4,""3"":13}","{""1"":6,""2"":4,""3"":13}","{""1"":28,""2"":22,""3"":17}",6,5,7,10,13,6,4,13,6,4,13,28,22,17,水RDM・XAKII,Class 1,70,268,0,338,10,10,0,0,0
FRIENDS OR FOES,Standard,3,GAARA,frAw1ZokwwidsPGWguSM,ENVY 7 ONE,tm_ubz3oae5j,29,46,46.03174603174603,6.67,6.666666666666667,3,3,63,"{""1"":5,""2"":9,""3"":15}","{""1"":4,""2"":13,""3"":3}","{""1"":4,""2"":13,""3"":3}","{""1"":15,""2"":18,""3"":30}",5,6,5,9,15,4,13,3,4,13,3,15,18,30,GAARA.SVN¹,Class 1,90,252,0,342,9.67,9.666666666666666,0,0,0
FRIENDS OR FOES,Standard,3,DERAZ,pPvCKKzMoO9wgFzAq0sd,DEVELOPERS,tm_w0a02yn8h,29,35.8,35.80246913580247,6.67,6.666666666666667,3,3,81,"{""1"":9,""2"":13,""3"":7}","{""1"":2,""2"":3,""3"":15}","{""1"":2,""2"":3,""3"":15}","{""1"":30,""2"":34,""3"":17}",3,7,9,13,7,2,3,15,2,3,15,30,34,17,DERAZYT.DXV,Class 1,100,324,0,424,9.67,9.666666666666666,0,0,0
FRIENDS OR FOES,Standard,3,DFW,n72Tu2HiBOwdIesxFG6d,PREACHER X,tm_c0yc4xjf4,29,27.9,27.884615384615387,2,2,3,3,104,"{""1"":11,""2"":12,""3"":6}","{""1"":3,""2"":1,""3"":2}","{""1"":3,""2"":1,""3"":2}","{""1"":37,""2"":42,""3"":25}",2,8,11,12,6,3,1,2,3,1,2,37,42,25,PЯX・DFW,Class 1,135,416,0,551,9.67,9.666666666666666,0,0,0
FRIENDS OR FOES,Standard,3,DEMON,NiT6GePQhD8XyqSCmuMI,PREACHER X,tm_c0yc4xjf4,27,26,25.961538461538463,2,2,3,3,104,"{""1"":10,""2"":10,""3"":7}","{""1"":3,""2"":1,""3"":2}","{""1"":3,""2"":1,""3"":2}","{""1"":37,""2"":42,""3"":25}",2,9,10,10,7,3,1,2,3,1,2,37,42,25,PЯX・OLUOMO,Class 1,135,416,0,551,9,9,0,0,0
FRIENDS OR FOES,Standard,3,SENÕR J,ycTWfDj2OJDBcpjn5DKa,MAIN CHARACTERS OG,tm_mgol0xhrx,26,38.2,38.23529411764706,9.67,9.666666666666666,3,3,68,"{""1"":11,""2"":10,""3"":5}","{""1"":5,""2"":8,""3"":16}","{""1"":5,""2"":8,""3"":16}","{""1"":25,""2"":21,""3"":22}",7,10,11,10,5,5,8,16,5,8,16,25,21,22,MC丨DELYNA,Class 1,60,272,0,332,8.67,8.666666666666666,0,0,0
FRIENDS OR FOES,Standard,3,LARRYCODM,IsJGFwRijyY55ezUgJMG,VORTEX ONE,tm_4oss9tizq,25,20.3,20.32520325203252,4,4,3,3,123,"{""1"":7,""2"":11,""3"":7}","{""1"":9,""2"":2,""3"":1}","{""1"":9,""2"":2,""3"":1}","{""1"":38,""2"":37,""3"":48}",1,11,7,11,7,9,2,1,9,2,1,38,37,48,RARRI.VRX,Class 1,115,492,0,607,8.33,8.333333333333334,0,0,0
FRIENDS OR FOES,Standard,3,MAUS,kUOdoGK7ff8eYeZgwvXq,TEAM X,D2dU5QVY9U6g9t3bKk9C,23,35.9,35.9375,10.67,10.666666666666666,3,3,64,"{""1"":6,""2"":6,""3"":11}","{""1"":11,""2"":12,""3"":9}","{""1"":11,""2"":12,""3"":9}","{""1"":17,""2"":23,""3"":24}",8,12,6,6,11,11,12,9,11,12,9,17,23,24,叶°MAUS,Class 1,50,256,0,306,7.67,7.666666666666667,0,0,0
FRIENDS OR FOES,Standard,3,CODGHOST,AZdZ5MvPMJMZep4m3bBN,Narcissist,ukMz1QObm2RORWQOa9dc,20,33.9,33.89830508474576,9.67,9.666666666666666,3,3,59,"{""1"":7,""2"":7,""3"":6}","{""1"":8,""2"":7,""3"":14}","{""1"":8,""2"":7,""3"":14}","{""1"":23,""2"":18,""3"":18}",9,13,7,7,6,8,7,14,8,7,14,23,18,18,口7,Class 1,55,236,0,291,6.67,6.666666666666667,0,0,0
FRIENDS OR FOES,Standard,3,JOZZY,FdJ3rIlmedcTFhzRruvA,DEVELOPERS,tm_w0a02yn8h,19,23.5,23.456790123456788,6.67,6.666666666666667,3,3,81,"{""1"":11,""2"":6,""3"":2}","{""1"":2,""2"":3,""3"":15}","{""1"":2,""2"":3,""3"":15}","{""1"":30,""2"":34,""3"":17}",3,14,11,6,2,2,3,15,2,3,15,30,34,17,BLADE.DXV,Class 1,100,324,0,424,6.33,6.333333333333333,0,0,0
FRIENDS OR FOES,Standard,3,ICONIC,Bupc8GCd3yBuLtWbFou4,KYZON ALLIANCE,tm_3fapr2cz9,19,38,38,15,15,3,3,50,"{""1"":5,""2"":12,""3"":2}","{""1"":15,""2"":10,""3"":20}","{""1"":15,""2"":10,""3"":20}","{""1"":13,""2"":31,""3"":6}",12,15,5,12,2,15,10,20,15,10,20,13,31,6,KZ GIANNA,Class 1,45,200,0,245,6.33,6.333333333333333,0,0,0
FRIENDS OR FOES,Standard,3,DELETE,yXsVHpZGIDJoF3CpeME2,MAIN CHARACTERS OG,tm_mgol0xhrx,19,27.9,27.941176470588236,9.67,9.666666666666666,3,3,68,"{""1"":7,""2"":5,""3"":7}","{""1"":5,""2"":8,""3"":16}","{""1"":5,""2"":8,""3"":16}","{""1"":25,""2"":21,""3"":22}",7,16,7,5,7,5,8,16,5,8,16,25,21,22,MC丨IFɅ,Class 1,60,272,0,332,6.33,6.333333333333333,0,0,0
FRIENDS OR FOES,Standard,3,CHIKE,WP7wn4jjPa6n4busZVnT,GOAT ESPORT,tm_ws9x2fl5b,19,23.5,23.456790123456788,13,13,3,3,81,"{""1"":6,""2"":8,""3"":5}","{""1"":17,""2"":11,""3"":11}","{""1"":17,""2"":11,""3"":11}","{""1"":21,""2"":28,""3"":32}",4,17,6,8,5,17,11,11,17,11,11,21,28,32,毒GOAT CHIKE,Class 1,40,324,0,364,6.33,6.333333333333333,0,0,0
FRIENDS OR FOES,Standard,3,LYON,rsul2CWwdEzEvzuOnnFu,DEVELOPERS,tm_w0a02yn8h,18,22.2,22.22222222222222,6.67,6.666666666666667,3,3,81,"{""1"":4,""2"":9,""3"":5}","{""1"":2,""2"":3,""3"":15}","{""1"":2,""2"":3,""3"":15}","{""1"":30,""2"":34,""3"":17}",3,18,4,9,5,2,3,15,2,3,15,30,34,17,CHASE.DXV,Class 1,100,324,0,424,6,6,0,0,0
FRIENDS OR FOES,Standard,3,NANAYAW,tX7GCLJJ61u8bLkRroBP,GOAT ESPORT,tm_ws9x2fl5b,18,22.2,22.22222222222222,13,13,3,3,81,"{""1"":3,""2"":7,""3"":8}","{""1"":17,""2"":11,""3"":11}","{""1"":17,""2"":11,""3"":11}","{""1"":21,""2"":28,""3"":32}",4,19,3,7,8,17,11,11,17,11,11,21,28,32,毒GOAT GOAT,Class 1,40,324,0,364,6,6,0,0,0
FRIENDS OR FOES,Standard,3,SLY,j39wPvPuSoMq1TOb78Ih,TEAM X,D2dU5QVY9U6g9t3bKk9C,17,26.6,26.5625,10.67,10.666666666666666,3,3,64,"{""1"":6,""2"":8,""3"":3}","{""1"":11,""2"":12,""3"":9}","{""1"":11,""2"":12,""3"":9}","{""1"":17,""2"":23,""3"":24}",8,20,6,8,3,11,12,9,11,12,9,17,23,24,叶°SLY,Class 1,50,256,0,306,5.67,5.666666666666667,0,0,0
FRIENDS OR FOES,Standard,3,BETROWOLF,ZE8R7Mty1GmpwwhIBgxF,CIAO GUARDIANS,xZgUbwrDC2TK3wcpPUY3,17,34.7,34.69387755102041,15,15,3,3,49,"{""1"":7,""2"":1,""3"":9}","{""1"":13,""2"":20,""3"":12}","{""1"":13,""2"":20,""3"":12}","{""1"":22,""2"":8,""3"":19}",13,21,7,1,9,13,20,12,13,20,12,22,8,19,BETROYT۶.CHX,Class 1,40,196,0,236,5.67,5.666666666666667,0,0,0
FRIENDS OR FOES,Standard,3,REMO,dYruCjqNO7qAYaIBjTDt,Narcissist,ukMz1QObm2RORWQOa9dc,17,28.8,28.8135593220339,9.67,9.666666666666666,3,3,59,"{""1"":10,""2"":3,""3"":4}","{""1"":8,""2"":7,""3"":14}","{""1"":8,""2"":7,""3"":14}","{""1"":23,""2"":18,""3"":18}",9,22,10,3,4,8,7,14,8,7,14,23,18,18,口SWEATYREREﻬ,Class 1,55,236,0,291,5.67,5.666666666666667,0,0,0
FRIENDS OR FOES,Standard,3,YAGAMI,Bx7S0iZlMNevEE4eXnqz,VORTEX ONE,tm_4oss9tizq,16,13,13.008130081300814,4,4,3,3,123,"{""1"":4,""2"":6,""3"":6}","{""1"":9,""2"":2,""3"":1}","{""1"":9,""2"":2,""3"":1}","{""1"":38,""2"":37,""3"":48}",1,23,4,6,6,9,2,1,9,2,1,38,37,48,QTR YAGA.VRX,Class 1,115,492,0,607,5.33,5.333333333333333,0,0,0
FRIENDS OR FOES,Standard,3,COLDSKI,ZMq7kz2SSMfPugtDW1dB,KYZON ESPORTS,tm_yvpteelv4,15,46.9,46.875,14.33,14.333333333333334,3,3,32,"{""1"":6,""2"":5,""3"":4}","{""1"":7,""2"":19,""3"":17}","{""1"":7,""2"":19,""3"":17}","{""1"":15,""2"":10,""3"":7}",16,24,6,5,4,7,19,17,7,19,17,15,10,7,ҞZ・COLDSKI,Class 1,40,128,0,168,5,5,0,0,0
FRIENDS OR FOES,Standard,3,CEEJAY,p_q0z253rna,⁠FAZE RAIDERS,VBWUGsiSMKIkkTYb3TSn,15,34.9,34.883720930232556,12.67,12.666666666666666,3,3,43,"{""1"":5,""2"":5,""3"":5}","{""1"":20,""2"":14,""3"":4}","{""1"":20,""2"":14,""3"":4}","{""1"":11,""2"":17,""3"":15}",14,25,5,5,5,20,14,4,20,14,4,11,17,15,ҒZ JAPAN,Class 1,60,172,0,232,5,5,0,0,0
FRIENDS OR FOES,Standard,3,BH GREY,9WczEt0mrYEQoeKfntMO,BROTHERHOOD,ORtlxzvsOKPEjdtaekig,15,31.3,31.25,5.67,5.666666666666667,3,3,48,"{""1"":6,""2"":5,""3"":4}","{""1"":1,""2"":9,""3"":7}","{""1"":1,""2"":9,""3"":7}","{""1"":25,""2"":5,""3"":18}",10,26,6,5,4,1,9,7,1,9,7,25,5,18,BH GREY,Registered,90,192,0,282,5,5,0,0,0
FRIENDS OR FOES,Standard,3,RELAX OG,OKrAHDFNWaCteQUIc2bK,FEARLESS WARRIORS,tm_rgqdo8wje,15,33.3,33.33333333333333,9.67,9.666666666666666,3,3,45,"{""1"":2,""2"":7,""3"":6}","{""1"":19,""2"":5,""3"":5}","{""1"":19,""2"":5,""3"":5}","{""1"":6,""2"":23,""3"":16}",11,27,2,7,6,19,5,5,19,5,5,6,23,16,ƑW・ƦELAXOG۶,Class 1,70,180,0,250,5,5,0,0,0
FRIENDS OR FOES,Standard,3,MR P,kl2hoTAKjBPgfOMMvkKH,DEVELOPERS,tm_w0a02yn8h,15,18.5,18.51851851851852,6.67,6.666666666666667,3,3,81,"{""1"":6,""2"":6,""3"":3}","{""1"":2,""2"":3,""3"":15}","{""1"":2,""2"":3,""3"":15}","{""1"":30,""2"":34,""3"":17}",3,28,6,6,3,2,3,15,2,3,15,30,34,17,ARTETA.DXV,Class 1,100,324,0,424,5,5,0,0,0
FRIENDS OR FOES,Standard,3,REACHER,wyrK9RX0czI2aidGBDd3,YVL ZENITH,9QcWKHtOAOLOrVMJNE0C,15,57.7,57.692307692307686,16.67,16.666666666666668,3,3,26,"{""1"":5,""2"":7,""3"":3}","{""1"":14,""2"":17,""3"":19}","{""1"":14,""2"":17,""3"":19}","{""1"":10,""2"":9,""3"":7}",17,29,5,7,3,14,17,19,14,17,19,10,9,7,YVLゝREACHER,Class 1,35,104,0,139,5,5,0,0,0
FRIENDS OR FOES,Standard,3,LAZY,Tmdfj4k7UPoE2wFXGHxJ,REMEDIUM INVICTUS,tm_kdh97vkx3,15,22.4,22.388059701492537,7.67,7.666666666666667,3,3,67,"{""1"":9,""2"":6,""3"":0}","{""1"":6,""2"":4,""3"":13}","{""1"":6,""2"":4,""3"":13}","{""1"":28,""2"":22,""3"":17}",6,30,9,6,0,6,4,13,6,4,13,28,22,17,水RDM・LAZY,Class 1,70,268,0,338,5,5,0,0,0
FRIENDS OR FOES,Standard,3,AIMBOTONIPAD,bNNoVfpqP2dN4eICglng,KYZON ALLIANCE,tm_3fapr2cz9,15,30,30,15,15,3,3,50,"{""1"":5,""2"":8,""3"":2}","{""1"":15,""2"":10,""3"":20}","{""1"":15,""2"":10,""3"":20}","{""1"":13,""2"":31,""3"":6}",12,31,5,8,2,15,10,20,15,10,20,13,31,6,ҞZ GRYPHON,Class 1,45,200,0,245,5,5,0,0,0
FRIENDS OR FOES,Standard,3,SAVAGE,Hq5gw6eD9HnU8lTr2RHZ,FEARLESS WARRIORS,tm_rgqdo8wje,15,33.3,33.33333333333333,9.67,9.666666666666666,3,3,45,"{""1"":1,""2"":6,""3"":8}","{""1"":19,""2"":5,""3"":5}","{""1"":19,""2"":5,""3"":5}","{""1"":6,""2"":23,""3"":16}",11,32,1,6,8,19,5,5,19,5,5,6,23,16,ƑW・SAVAGEYT,Class 1,70,180,0,250,5,5,0,0,0
FRIENDS OR FOES,Standard,3,ASUMA,CKMVsD0SVtvVAI3ggnjR,BROTHERHOOD,ORtlxzvsOKPEjdtaekig,15,31.3,31.25,5.67,5.666666666666667,3,3,48,"{""1"":7,""2"":1,""3"":7}","{""1"":1,""2"":9,""3"":7}","{""1"":1,""2"":9,""3"":7}","{""1"":25,""2"":5,""3"":18}",10,33,7,1,7,1,9,7,1,9,7,25,5,18,BH ASUMA,Class 1,90,192,0,282,5,5,0,0,0
FRIENDS OR FOES,Standard,3,FEEZYYT,l3vxxu4J4YVLLtpydbiX,MAIN CHARACTERS OG,tm_mgol0xhrx,14,20.6,20.588235294117645,9.67,9.666666666666666,3,3,68,"{""1"":2,""2"":4,""3"":8}","{""1"":5,""2"":8,""3"":16}","{""1"":5,""2"":8,""3"":16}","{""1"":25,""2"":21,""3"":22}",7,34,2,4,8,5,8,16,5,8,16,25,21,22,FEEZYYYT丨MC,Class 1,60,272,0,332,4.67,4.666666666666667,0,0,0
FRIENDS OR FOES,Standard,3,VENOM,STmUpiwkCk5ybUeJJAAW,CIAO GUARDIANS,xZgUbwrDC2TK3wcpPUY3,14,28.6,28.57142857142857,15,15,3,3,49,"{""1"":6,""2"":3,""3"":5}","{""1"":13,""2"":20,""3"":12}","{""1"":13,""2"":20,""3"":12}","{""1"":22,""2"":8,""3"":19}",13,35,6,3,5,13,20,12,13,20,12,22,8,19,VENOMYT.CHX,Class 1,40,196,0,236,4.67,4.666666666666667,0,0,0
FRIENDS OR FOES,Standard,3,DIESEL,bHkMFZ32og02YGmY4skf,⁠FAZE RAIDERS,VBWUGsiSMKIkkTYb3TSn,14,32.6,32.55813953488372,12.67,12.666666666666666,3,3,43,"{""1"":1,""2"":8,""3"":5}","{""1"":20,""2"":14,""3"":4}","{""1"":20,""2"":14,""3"":4}","{""1"":11,""2"":17,""3"":15}",14,36,1,8,5,20,14,4,20,14,4,11,17,15,ҒZ DIESELYT,Class 1,60,172,0,232,4.67,4.666666666666667,0,0,0
FRIENDS OR FOES,Standard,3,TOLU MARTINS,qiDPTJl18fmW4r6n11Pr,CIAO HUNTERS X,tm_twhkzzdmf,13,28.9,28.888888888888886,14.67,14.666666666666666,3,3,45,"{""1"":4,""2"":1,""3"":8}","{""1"":18,""2"":16,""3"":10}","{""1"":18,""2"":16,""3"":10}","{""1"":11,""2"":10,""3"":24}",15,37,4,1,8,18,16,10,18,16,10,11,10,24,ROMANS1:18.CHX,Class 1,40,180,0,220,4.33,4.333333333333333,0,0,0
FRIENDS OR FOES,Standard,3,JOJO,T2sK7jSZkJqKgLswvF1g,REMEDIUM INVICTUS,tm_kdh97vkx3,13,19.4,19.402985074626866,7.67,7.666666666666667,3,3,67,"{""1"":9,""2"":3,""3"":1}","{""1"":6,""2"":4,""3"":13}","{""1"":6,""2"":4,""3"":13}","{""1"":28,""2"":22,""3"":17}",6,38,9,3,1,6,4,13,6,4,13,28,22,17,水RDM・JOJO,Class 1,70,268,0,338,4.33,4.333333333333333,0,0,0
FRIENDS OR FOES,Standard,3,TRAUMA,mRdFfQB7p8thuw53PwWL,TEAM X,D2dU5QVY9U6g9t3bKk9C,13,20.3,20.3125,10.67,10.666666666666666,3,3,64,"{""1"":4,""2"":3,""3"":6}","{""1"":11,""2"":12,""3"":9}","{""1"":11,""2"":12,""3"":9}","{""1"":17,""2"":23,""3"":24}",8,39,4,3,6,11,12,9,11,12,9,17,23,24,叶°TRAUMA,Class 1,50,256,0,306,4.33,4.333333333333333,0,0,0
FRIENDS OR FOES,Standard,3,NURUTA,UiCvqj6uu4EoGsvi2kLs,CIAO HUNTERS X,tm_twhkzzdmf,13,28.9,28.888888888888886,14.67,14.666666666666666,3,3,45,"{""1"":4,""2"":2,""3"":7}","{""1"":18,""2"":16,""3"":10}","{""1"":18,""2"":16,""3"":10}","{""1"":11,""2"":10,""3"":24}",15,40,4,2,7,18,16,10,18,16,10,11,10,24,NURUTA.CHX,Class 1,40,180,0,220,4.33,4.333333333333333,0,0,0
FRIENDS OR FOES,Standard,3,CHEF PUNK,1LO5N9nzQfk09XHoISVW,PREACHER X,tm_c0yc4xjf4,13,12.5,12.5,2,2,3,3,104,"{""1"":6,""2"":5,""3"":2}","{""1"":3,""2"":1,""3"":2}","{""1"":3,""2"":1,""3"":2}","{""1"":37,""2"":42,""3"":25}",2,41,6,5,2,3,1,2,3,1,2,37,42,25,PЯX・OBTAINER,Class 1,135,416,0,551,4.33,4.333333333333333,0,0,0
FRIENDS OR FOES,Standard,3,ITXNY,Q0fJtKuQbSeRP1X3TvMA,BROTHERHOOD,ORtlxzvsOKPEjdtaekig,13,27.1,27.083333333333332,5.67,5.666666666666667,3,3,48,"{""1"":8,""2"":1,""3"":4}","{""1"":1,""2"":9,""3"":7}","{""1"":1,""2"":9,""3"":7}","{""1"":25,""2"":5,""3"":18}",10,42,8,1,4,1,9,7,1,9,7,25,5,18,BH MESSI,Class 1,90,192,0,282,4.33,4.333333333333333,0,0,0
FRIENDS OR FOES,Standard,3,SOG,B9K5pOOLE39QnCqnDNHY,ENVY 7 ONE,tm_ubz3oae5j,12,19,19.047619047619047,6.67,6.666666666666667,3,3,63,"{""1"":4,""2"":3,""3"":5}","{""1"":4,""2"":13,""3"":3}","{""1"":4,""2"":13,""3"":3}","{""1"":15,""2"":18,""3"":30}",5,43,4,3,5,4,13,3,4,13,3,15,18,30,SOG.SVN¹,Class 1,90,252,0,342,4,4,0,0,0
FRIENDS OR FOES,Standard,3,POISON,QZIn6rAU2CGPFbGbQu4v,GOAT ESPORT,tm_ws9x2fl5b,12,14.8,14.814814814814813,13,13,3,3,81,"{""1"":3,""2"":4,""3"":5}","{""1"":17,""2"":11,""3"":11}","{""1"":17,""2"":11,""3"":11}","{""1"":21,""2"":28,""3"":32}",4,44,3,4,5,17,11,11,17,11,11,21,28,32,毒GOAT SHUSH,Class 1,40,324,0,364,4,4,0,0,0
FRIENDS OR FOES,Standard,3,YUSUF,qKQQ85V7nwqlL2KDXoGl,ENVY 7 ONE,tm_ubz3oae5j,12,19,19.047619047619047,6.67,6.666666666666667,3,3,63,"{""1"":3,""2"":4,""3"":5}","{""1"":4,""2"":13,""3"":3}","{""1"":4,""2"":13,""3"":3}","{""1"":15,""2"":18,""3"":30}",5,45,3,4,5,4,13,3,4,13,3,15,18,30,YUSUF.SVN¹,Class 1,90,252,0,342,4,4,0,0,0
FRIENDS OR FOES,Standard,3,ALLFATHER,eZr86KcPlEoSTarsNbR0,TEAM X,D2dU5QVY9U6g9t3bKk9C,11,17.2,17.1875,10.67,10.666666666666666,3,3,64,"{""1"":1,""2"":6,""3"":4}","{""1"":11,""2"":12,""3"":9}","{""1"":11,""2"":12,""3"":9}","{""1"":17,""2"":23,""3"":24}",8,46,1,6,4,11,12,9,11,12,9,17,23,24,叶°MP-0,Class 1,50,256,0,306,3.67,3.6666666666666665,0,0,0
FRIENDS OR FOES,Standard,3,SWAYZE,qefoLXaT9gaO2ycKQocy,Narcissist,ukMz1QObm2RORWQOa9dc,11,18.6,18.64406779661017,9.67,9.666666666666666,3,3,59,"{""1"":3,""2"":7,""3"":1}","{""1"":8,""2"":7,""3"":14}","{""1"":8,""2"":7,""3"":14}","{""1"":23,""2"":18,""3"":18}",9,47,3,7,1,8,7,14,8,7,14,23,18,18,口ISWAYZETT,Class 1,55,236,0,291,3.67,3.6666666666666665,0,0,0
FRIENDS OR FOES,Standard,3,YOURBALLS,DEP0DMTu1Bn8IsMenRxs,Narcissist,ukMz1QObm2RORWQOa9dc,11,18.6,18.64406779661017,9.67,9.666666666666666,3,3,59,"{""1"":3,""2"":1,""3"":7}","{""1"":8,""2"":7,""3"":14}","{""1"":8,""2"":7,""3"":14}","{""1"":23,""2"":18,""3"":18}",9,48,3,1,7,8,7,14,8,7,14,23,18,18,YOURBALLS??口,Class 1,55,236,0,291,3.67,3.6666666666666665,0,0,0
FRIENDS OR FOES,Standard,3,POPE,EHyRjfeTvbYD9VvE9H1H,CIAO HUNTERS X,tm_twhkzzdmf,11,24.4,24.444444444444443,14.67,14.666666666666666,3,3,45,"{""1"":1,""2"":7,""3"":3}","{""1"":18,""2"":16,""3"":10}","{""1"":18,""2"":16,""3"":10}","{""1"":11,""2"":10,""3"":24}",15,49,1,7,3,18,16,10,18,16,10,11,10,24,GENESIS¹.CHX,Class 1,40,180,0,220,3.67,3.6666666666666665,0,0,0
FRIENDS OR FOES,Standard,3,LUDGER,PQAripc5A3a7tOZ5qHrY,FEARLESS WARRIORS,tm_rgqdo8wje,10,22.2,22.22222222222222,9.67,9.666666666666666,3,3,45,"{""1"":2,""2"":8,""3"":0}","{""1"":19,""2"":5,""3"":5}","{""1"":19,""2"":5,""3"":5}","{""1"":6,""2"":23,""3"":16}",11,50,2,8,0,19,5,5,19,5,5,6,23,16,ZN SKY・ƑW,Class 1,70,180,0,250,3.33,3.3333333333333335,0,0,0
FRIENDS OR FOES,Standard,3,PAGANINI,APlTtB3VKt0P7QlbaYHA,ENVY 7 ONE,tm_ubz3oae5j,10,15.9,15.873015873015872,6.67,6.666666666666667,3,3,63,"{""1"":3,""2"":2,""3"":5}","{""1"":4,""2"":13,""3"":3}","{""1"":4,""2"":13,""3"":3}","{""1"":15,""2"":18,""3"":30}",5,51,3,2,5,4,13,3,4,13,3,15,18,30,SIX.SVN,Class 1,90,252,0,342,3.33,3.3333333333333335,0,0,0
FRIENDS OR FOES,Standard,3,SANTA,vDhcxuukJqexMKfneLxv,KYZON ALLIANCE,tm_3fapr2cz9,10,20,20,15,15,3,3,50,"{""1"":0,""2"":8,""3"":2}","{""1"":15,""2"":10,""3"":20}","{""1"":15,""2"":10,""3"":20}","{""1"":13,""2"":31,""3"":6}",12,52,0,8,2,15,10,20,15,10,20,13,31,6,ҞZ STAR,Class 1,45,200,0,245,3.33,3.3333333333333335,0,0,0
FRIENDS OR FOES,Standard,3,MICHAEL,8hYOt0XXhRZHBESjFoAH,BROTHERHOOD,ORtlxzvsOKPEjdtaekig,9,18.8,18.75,5.67,5.666666666666667,3,3,48,"{""1"":4,""2"":2,""3"":3}","{""1"":1,""2"":9,""3"":7}","{""1"":1,""2"":9,""3"":7}","{""1"":25,""2"":5,""3"":18}",10,53,4,2,3,1,9,7,1,9,7,25,5,18,BH | MR MIKE,Class 1,90,192,0,282,3,3,0,0,0
FRIENDS OR FOES,Standard,3,SAMMY,CRgmZpi6YPL39TOInRBz,REMEDIUM INVICTUS,tm_kdh97vkx3,9,13.4,13.432835820895523,7.67,7.666666666666667,3,3,67,"{""1"":3,""2"":3,""3"":3}","{""1"":6,""2"":4,""3"":13}","{""1"":6,""2"":4,""3"":13}","{""1"":28,""2"":22,""3"":17}",6,54,3,3,3,6,4,13,6,4,13,28,22,17,水RDM • SAMMY.+,Class 1,70,268,0,338,3,3,0,0,0
FRIENDS OR FOES,Standard,3,WINDIGO,Y3hmYqIvBg07ApvAvtRu,MAIN CHARACTERS OG,tm_mgol0xhrx,9,13.2,13.23529411764706,9.67,9.666666666666666,3,3,68,"{""1"":5,""2"":2,""3"":2}","{""1"":5,""2"":8,""3"":16}","{""1"":5,""2"":8,""3"":16}","{""1"":25,""2"":21,""3"":22}",7,55,5,2,2,5,8,16,5,8,16,25,21,22,MC丨NASTYA,Class 1,60,272,0,332,3,3,0,0,0
FRIENDS OR FOES,Standard,3,RUSTY,GQC099yRTvpPKG2zBXZD,⁠FAZE RAIDERS,VBWUGsiSMKIkkTYb3TSn,8,18.6,18.6046511627907,12.67,12.666666666666666,3,3,43,"{""1"":3,""2"":2,""3"":3}","{""1"":20,""2"":14,""3"":4}","{""1"":20,""2"":14,""3"":4}","{""1"":11,""2"":17,""3"":15}",14,56,3,2,3,20,14,4,20,14,4,11,17,15,ҒZ HEKI,Class 1,60,172,0,232,2.67,2.6666666666666665,0,0,0
FRIENDS OR FOES,Standard,3,SHINIGAMI,WFVAap5uGud4aOIhxsKI,7G NEW TAKERS,NpKzXoJZdBhUMOLnmCxj,8,33.3,33.33333333333333,14.33,14.333333333333334,3,3,24,"{""1"":2,""2"":6,""3"":0}","{""1"":16,""2"":6,""3"":21}","{""1"":16,""2"":6,""3"":21}","{""1"":9,""2"":11,""3"":4}",18,57,2,6,0,16,6,21,16,6,21,9,11,4,7Ɠ・FUJIMOTO,Class 1,35,96,0,131,2.67,2.6666666666666665,0,0,0
FRIENDS OR FOES,Standard,3,APOSTLE,L1LKfVKd47rwlshv2vY1,CIAO HUNTERS X,tm_twhkzzdmf,8,17.8,17.77777777777778,14.67,14.666666666666666,3,3,45,"{""1"":2,""2"":0,""3"":6}","{""1"":18,""2"":16,""3"":10}","{""1"":18,""2"":16,""3"":10}","{""1"":11,""2"":10,""3"":24}",15,58,2,0,6,18,16,10,18,16,10,11,10,24,APOSTLEOP.CHX,Class 1,40,180,0,220,2.67,2.6666666666666665,0,0,0
FRIENDS OR FOES,Standard,3,INDIGO,zp3jg9OOxd217vbYIoBu,7G NEW TAKERS,NpKzXoJZdBhUMOLnmCxj,8,33.3,33.33333333333333,14.33,14.333333333333334,3,3,24,"{""1"":3,""2"":2,""3"":3}","{""1"":16,""2"":6,""3"":21}","{""1"":16,""2"":6,""3"":21}","{""1"":9,""2"":11,""3"":4}",18,59,3,2,3,16,6,21,16,6,21,9,11,4,7Ɠ・INÐIGØ,Class 1,35,96,0,131,2.67,2.6666666666666665,0,0,0
FRIENDS OR FOES,Standard,3,DAVLIEN,B11aFzLHBG1YcrCZHV68,Marines Cartel,o7Dp7knjVTxhemRjJF7R,7,35,35,15.67,15.666666666666666,3,3,20,"{""1"":0,""2"":3,""3"":4}","{""1"":21,""2"":18,""3"":8}","{""1"":21,""2"":18,""3"":8}","{""1"":1,""2"":7,""3"":12}",20,60,0,3,4,21,18,8,21,18,8,1,7,12,DAVLIEN ¹LT,Class 1,35,80,0,115,2.33,2.3333333333333335,0,0,0
FRIENDS OR FOES,Standard,3,MO,p7NXVZszmKHPcyymmjED,MERCILESS ESPORTS,tm_sip25jqm7,7,53.8,53.84615384615385,15,15,3,3,13,"{""1"":1,""2"":2,""3"":4}","{""1"":12,""2"":15,""3"":18}","{""1"":12,""2"":15,""3"":18}","{""1"":2,""2"":5,""3"":6}",21,61,1,2,4,12,15,18,12,15,18,2,5,6,MŁ • MO,Class 1,40,52,0,92,2.33,2.3333333333333335,0,0,0
FRIENDS OR FOES,Standard,3,MAYHEM,w0TDikwzq62t4ST2ZjeZ,KYZON ESPORTS,tm_yvpteelv4,7,21.9,21.875,14.33,14.333333333333334,3,3,32,"{""1"":5,""2"":1,""3"":1}","{""1"":7,""2"":19,""3"":17}","{""1"":7,""2"":19,""3"":17}","{""1"":15,""2"":10,""3"":7}",16,62,5,1,1,7,19,17,7,19,17,15,10,7,ҞZ・APE২,Class 1,40,128,0,168,2.33,2.3333333333333335,0,0,0
FRIENDS OR FOES,Standard,3,OMEGA,5yx4Bj2tFtb311znF0Np,FEARLESS ULTIMATE,QXr3HX0HM3Rf35A0UKUN,7,38.9,38.88888888888889,12.33,12.333333333333334,3,3,18,"{""1"":1,""2"":0,""3"":6}","{""1"":10,""2"":21,""3"":6}","{""1"":10,""2"":21,""3"":6}","{""1"":4,""2"":0,""3"":14}",19,63,1,0,6,10,21,6,10,21,6,4,0,14,ƑW・NOOB,Class 1,45,72,0,117,2.33,2.3333333333333335,0,0,0
FRIENDS OR FOES,Standard,3,FLUFFY,zJzKvUNu4k0ilGg2ocCY,KYZON ESPORTS,tm_yvpteelv4,7,21.9,21.875,14.33,14.333333333333334,3,3,32,"{""1"":3,""2"":4,""3"":0}","{""1"":7,""2"":19,""3"":17}","{""1"":7,""2"":19,""3"":17}","{""1"":15,""2"":10,""3"":7}",16,64,3,4,0,7,19,17,7,19,17,15,10,7,ҞZ・MONKEY,Class 1,40,128,0,168,2.33,2.3333333333333335,0,0,0
FRIENDS OR FOES,Standard,3,MXNIAC,TbGmnsma5nuwWfiUl3FL,FEARLESS ULTIMATE,QXr3HX0HM3Rf35A0UKUN,6,33.3,33.33333333333333,12.33,12.333333333333334,3,3,18,"{""1"":1,""2"":0,""3"":5}","{""1"":10,""2"":21,""3"":6}","{""1"":10,""2"":21,""3"":6}","{""1"":4,""2"":0,""3"":14}",19,65,1,0,5,10,21,6,10,21,6,4,0,14,ƑW・MXNIAC,Class 1,45,72,0,117,2,2,0,0,0
FRIENDS OR FOES,Standard,3,BIGTULA,qj6FOc1Z8aeEWmqUk84v,KYZON ALLIANCE,tm_3fapr2cz9,6,12,12,15,15,3,3,50,"{""1"":3,""2"":3,""3"":0}","{""1"":15,""2"":10,""3"":20}","{""1"":15,""2"":10,""3"":20}","{""1"":13,""2"":31,""3"":6}",12,66,3,3,0,15,10,20,15,10,20,13,31,6,KZ GILLIFANT,Class 1,45,200,0,245,2,2,0,0,0
FRIENDS OR FOES,Standard,3,LIONFACE,PMOZmTbjtV7Jea8FMW8Y,Marines Cartel,o7Dp7knjVTxhemRjJF7R,6,30,30,15.67,15.666666666666666,3,3,20,"{""1"":0,""2"":2,""3"":4}","{""1"":21,""2"":18,""3"":8}","{""1"":21,""2"":18,""3"":8}","{""1"":1,""2"":7,""3"":12}",20,67,0,2,4,21,18,8,21,18,8,1,7,12,¹LT丨DADYLION,Class 1,35,80,0,115,2,2,0,0,0
FRIENDS OR FOES,Standard,3,KEKE,Qwl2vRUJbA6CWBqKcZ1O,⁠FAZE RAIDERS,VBWUGsiSMKIkkTYb3TSn,6,14,13.953488372093023,12.67,12.666666666666666,3,3,43,"{""1"":2,""2"":2,""3"":2}","{""1"":20,""2"":14,""3"":4}","{""1"":20,""2"":14,""3"":4}","{""1"":11,""2"":17,""3"":15}",14,68,2,2,2,20,14,4,20,14,4,11,17,15,ҒZ SYNA,Class 1,60,172,0,232,2,2,0,0,0
FRIENDS OR FOES,Standard,3,ATTIEKE,0ZiIKcgXBKZnIVK3RY5b,Marines Cartel,o7Dp7knjVTxhemRjJF7R,6,30,30,15.67,15.666666666666666,3,3,20,"{""1"":1,""2"":1,""3"":4}","{""1"":21,""2"":18,""3"":8}","{""1"":21,""2"":18,""3"":8}","{""1"":1,""2"":7,""3"":12}",20,69,1,1,4,21,18,8,21,18,8,1,7,12,M7・DAVE | ¹LT,Class 1,35,80,0,115,2,2,0,0,0
FRIENDS OR FOES,Standard,3,A1,VOElYffXxZkcpmPLe4T4,MERCILESS ESPORTS,tm_sip25jqm7,5,38.5,38.46153846153847,15,15,2,3,13,"{""2"":3,""3"":2}","{""2"":15,""3"":18}","{""1"":12,""2"":15,""3"":18}","{""1"":2,""2"":5,""3"":6}",21,70,,3,2,,15,18,12,15,18,2,5,6,MŁ • A1,Class 1,40,52,0,92,2.5,2.5,0,0,0
FRIENDS OR FOES,Standard,3,DANIEL,2hoGdFkIX9KrsMSafUIB,FEARLESS ULTIMATE,QXr3HX0HM3Rf35A0UKUN,5,27.8,27.77777777777778,12.33,12.333333333333334,3,3,18,"{""1"":2,""2"":0,""3"":3}","{""1"":10,""2"":21,""3"":6}","{""1"":10,""2"":21,""3"":6}","{""1"":4,""2"":0,""3"":14}",19,71,2,0,3,10,21,6,10,21,6,4,0,14,ƑW・X TA C,Class 1,45,72,0,117,1.67,1.6666666666666667,0,0,0
FRIENDS OR FOES,Standard,3,PHILIP MELO,gybDsWbwIY4s0wRh2Nj4,FEARLESS WARRIORS,tm_rgqdo8wje,5,11.1,11.11111111111111,9.67,9.666666666666666,3,3,45,"{""1"":1,""2"":2,""3"":2}","{""1"":19,""2"":5,""3"":5}","{""1"":19,""2"":5,""3"":5}","{""1"":6,""2"":23,""3"":16}",11,72,1,2,2,19,5,5,19,5,5,6,23,16,ƑW・MELO,Class 1,70,180,0,250,1.67,1.6666666666666667,0,0,0
FRIENDS OR FOES,Standard,3,TORUSKI,JS1VnLDlLbM6yIBFzo0u,YVL ZENITH,9QcWKHtOAOLOrVMJNE0C,4,15.4,15.384615384615385,16.67,16.666666666666668,3,3,26,"{""1"":4,""2"":0,""3"":0}","{""1"":14,""2"":17,""3"":19}","{""1"":14,""2"":17,""3"":19}","{""1"":10,""2"":9,""3"":7}",17,73,4,0,0,14,17,19,14,17,19,10,9,7,YVLゝDГ. Ƭ,Class 1,35,104,0,139,1.33,1.3333333333333333,0,0,0
FRIENDS OR FOES,Standard,3,STEYNTT,QbdL2ROba57WR1rfaKST,CIAO GUARDIANS,xZgUbwrDC2TK3wcpPUY3,4,8.2,8.16326530612245,15,15,3,3,49,"{""1"":2,""2"":1,""3"":1}","{""1"":13,""2"":20,""3"":12}","{""1"":13,""2"":20,""3"":12}","{""1"":22,""2"":8,""3"":19}",13,74,2,1,1,13,20,12,13,20,12,22,8,19,Ƙ STEYNTT.CHX,Class 1,40,196,0,236,1.33,1.3333333333333333,0,0,0
FRIENDS OR FOES,Standard,3,TRYING,PoZ1r7UYNb4ferMN4h0R,YVL ZENITH,9QcWKHtOAOLOrVMJNE0C,4,15.4,15.384615384615385,16.67,16.666666666666668,3,3,26,"{""1"":1,""2"":1,""3"":2}","{""1"":14,""2"":17,""3"":19}","{""1"":14,""2"":17,""3"":19}","{""1"":10,""2"":9,""3"":7}",17,75,1,1,2,14,17,19,14,17,19,10,9,7,٧VLゝOLA,Class 1,35,104,0,139,1.33,1.3333333333333333,0,0,0
FRIENDS OR FOES,Standard,3,GENIUS,uuEZBl8ygzwctHZbKjGV,KYZON ESPORTS,tm_yvpteelv4,3,9.4,9.375,14.33,14.333333333333334,2,3,32,"{""1"":1,""3"":2}","{""1"":7,""3"":17}","{""1"":7,""2"":19,""3"":17}","{""1"":15,""2"":10,""3"":7}",16,76,1,,2,7,,17,7,19,17,15,10,7,ҞZ • GENIUS ২,Class 1,40,128,0,168,1.5,1.5,0,0,0
FRIENDS OR FOES,Standard,3,ZEKE,9WSTxWXotyu8TnpA79Eg,YVL ZENITH,9QcWKHtOAOLOrVMJNE0C,3,11.5,11.538461538461538,16.67,16.666666666666668,3,3,26,"{""1"":0,""2"":1,""3"":2}","{""1"":14,""2"":17,""3"":19}","{""1"":14,""2"":17,""3"":19}","{""1"":10,""2"":9,""3"":7}",17,77,0,1,2,14,17,19,14,17,19,10,9,7,YVLゝUHHYEAHH,Class 1,35,104,0,139,1,1,0,0,0
FRIENDS OR FOES,Standard,3,OLATOMI,9JIRvwr8nFeyEXR4as0b,7G NEW TAKERS,NpKzXoJZdBhUMOLnmCxj,3,12.5,12.5,14.33,14.333333333333334,2,3,24,"{""2"":2,""3"":1}","{""2"":6,""3"":21}","{""1"":16,""2"":6,""3"":21}","{""1"":9,""2"":11,""3"":4}",18,78,,2,1,,6,21,16,6,21,9,11,4,7Ɠ・丨¹KXRMA,Class 1,35,96,0,131,1.5,1.5,0,0,0
FRIENDS OR FOES,Standard,3,RAYSARK,8FLaRdZhys6KFQ4Ds2YV,7G NEW TAKERS,NpKzXoJZdBhUMOLnmCxj,3,12.5,12.5,14.33,14.333333333333334,2,3,24,"{""1"":2,""2"":1}","{""1"":16,""2"":6}","{""1"":16,""2"":6,""3"":21}","{""1"":9,""2"":11,""3"":4}",18,79,2,1,,16,6,,16,6,21,9,11,4,7Ɠ・0,Class 1,35,96,0,131,1.5,1.5,0,0,0
FRIENDS OR FOES,Standard,3,NIEL,HllRAi3xdKU7I8tCNB6B,7G NEW TAKERS,NpKzXoJZdBhUMOLnmCxj,2,8.3,8.333333333333332,14.33,14.333333333333334,1,3,24,"{""1"":2}","{""1"":16}","{""1"":16,""2"":6,""3"":21}","{""1"":9,""2"":11,""3"":4}",18,80,2,,,16,,,16,6,21,9,11,4,7Ɠ・NIEL?,Class 1,35,96,0,131,2,2,0,0,0
FRIENDS OR FOES,Standard,3,FAZZY,AHbzUpq8xHnx1391KBuT,Marines Cartel,o7Dp7knjVTxhemRjJF7R,1,5,5,15.67,15.666666666666666,2,3,20,"{""1"":0,""2"":1}","{""1"":21,""2"":18}","{""1"":21,""2"":18,""3"":8}","{""1"":1,""2"":7,""3"":12}",20,81,0,1,,21,18,,21,18,8,1,7,12,¹LT | FAZZY,Class 1,35,80,0,115,0.5,0.5,0,0,0
FRIENDS OR FOES,Standard,3,SNAKE,Cd8QlNwfF9c1FQo5dC2l,MERCILESS ESPORTS,tm_sip25jqm7,1,7.7,7.6923076923076925,15,15,1,3,13,"{""1"":1}","{""1"":12}","{""1"":12,""2"":15,""3"":18}","{""1"":2,""2"":5,""3"":6}",21,82,1,,,12,,,12,15,18,2,5,6,ML • SNAKE,Class 1,40,52,0,92,1,1,0,0,0
FRIENDS OR FOES,Standard,3,APOLLO,tHmxoGylXYBAT5j7XhRQ,CIAO GUARDIANS,xZgUbwrDC2TK3wcpPUY3,0,0,0,15,15,3,3,49,"{""1"":0,""2"":0,""3"":0}","{""1"":13,""2"":20,""3"":12}","{""1"":13,""2"":20,""3"":12}","{""1"":22,""2"":8,""3"":19}",13,83,0,0,0,13,20,12,13,20,12,22,8,19,APOLLOYT.CHX,Class 1,40,196,0,236,0,0,0,0,0
FRIENDS OR FOES,Standard,3,ROGUE,r7ePhyqUmojwCVE0MNwB,FEARLESS ULTIMATE,QXr3HX0HM3Rf35A0UKUN,0,0,0,12.33,12.333333333333334,3,3,18,"{""1"":0,""2"":0,""3"":0}","{""1"":10,""2"":21,""3"":6}","{""1"":10,""2"":21,""3"":6}","{""1"":4,""2"":0,""3"":14}",19,84,0,0,0,10,21,6,10,21,6,4,0,14,ƑW・ওSHADOW,Class 1,45,72,0,117,0,0,0,0,0
FRIENDS OR FOES,Standard,3,P JAY,3j40IiN8emxQhbVtjUYg,7G NEW TAKERS,NpKzXoJZdBhUMOLnmCxj,0,0,0,14.33,14.333333333333334,1,3,24,"{""3"":0}","{""3"":21}","{""1"":16,""2"":6,""3"":21}","{""1"":9,""2"":11,""3"":4}",18,85,,,0,,,21,16,6,21,9,11,4,7Ɠ・P JAY,Class 1,35,96,0,131,0,0,0,0,0
FRIENDS OR FOES,Standard,4,SENÕR J,ycTWfDj2OJDBcpjn5DKa,MAIN CHARACTERS OG,tm_mgol0xhrx,42,49.4,49.411764705882355,8.67,8.666666666666666,3,3,85,"{""1"":13,""2"":11,""3"":18}","{""1"":8,""2"":16,""3"":2}","{""1"":8,""2"":16,""3"":2}","{""1"":29,""2"":21,""3"":35}",5,1,13,11,18,8,16,2,8,16,2,29,21,35,MC丨DELYNA,Class 1,75,340,0,415,14,14,0,0,0
FRIENDS OR FOES,Standard,4,CODGHOST,AZdZ5MvPMJMZep4m3bBN,Narcissist,ukMz1QObm2RORWQOa9dc,38,36.2,36.19047619047619,7,7,3,3,105,"{""1"":14,""2"":15,""3"":9}","{""1"":12,""2"":5,""3"":4}","{""1"":12,""2"":5,""3"":4}","{""1"":32,""2"":41,""3"":32}",1,2,14,15,9,12,5,4,12,5,4,32,41,32,口7,Class 1,80,420,0,500,12.67,12.666666666666666,0,0,0
FRIENDS OR FOES,Standard,4,GB CRYPTO,OxMhCUSkyAT0LrziaNDP,GOAT ESPORT,tm_ws9x2fl5b,33,41.3,41.25,8,8,3,3,80,"{""1"":12,""2"":14,""3"":7}","{""1"":4,""2"":2,""3"":18}","{""1"":4,""2"":2,""3"":18}","{""1"":32,""2"":34,""3"":14}",6,3,12,14,7,4,2,18,4,2,18,32,34,14,毒GOAT CRYPTO,Class 1,90,320,0,410,11,11,0,0,0
FRIENDS OR FOES,Standard,4,TOLU MARTINS,qiDPTJl18fmW4r6n11Pr,CIAO HUNTERS X,tm_twhkzzdmf,32,33.3,33.33333333333333,8.67,8.666666666666666,3,3,96,"{""1"":9,""2"":16,""3"":7}","{""1"":11,""2"":10,""3"":5}","{""1"":11,""2"":10,""3"":5}","{""1"":25,""2"":43,""3"":28}",3,4,9,16,7,11,10,5,11,10,5,25,43,28,ROMANS1:18.CHX,Class 1,65,384,0,449,10.67,10.666666666666666,0,0,0
FRIENDS OR FOES,Standard,4,FATHERALI,lQ3oUgLHQF7EsyPL3mFJ,VORTEX ONE,tm_4oss9tizq,29,34.5,34.523809523809526,6.67,6.666666666666667,3,3,84,"{""1"":10,""2"":7,""3"":12}","{""1"":2,""2"":15,""3"":3}","{""1"":2,""2"":15,""3"":3}","{""1"":29,""2"":23,""3"":32}",4,5,10,7,12,2,15,3,2,15,3,29,23,32,DEMON.VRX,Class 1,100,336,0,436,9.67,9.666666666666666,0,0,0
FRIENDS OR FOES,Standard,4,COLDSKI,ZMq7kz2SSMfPugtDW1dB,KYZON ESPORTS,tm_yvpteelv4,28,29.2,29.166666666666668,7.33,7.333333333333333,3,3,96,"{""1"":8,""2"":10,""3"":10}","{""1"":3,""2"":6,""3"":13}","{""1"":3,""2"":6,""3"":13}","{""1"":36,""2"":34,""3"":26}",2,6,8,10,10,3,6,13,3,6,13,36,34,26,ҞZ・COLDSKI,Class 1,75,384,0,459,9.33,9.333333333333334,0,0,0
FRIENDS OR FOES,Standard,4,REMO,dYruCjqNO7qAYaIBjTDt,Narcissist,ukMz1QObm2RORWQOa9dc,27,25.7,25.71428571428571,7,7,3,3,105,"{""1"":8,""2"":8,""3"":11}","{""1"":12,""2"":5,""3"":4}","{""1"":12,""2"":5,""3"":4}","{""1"":32,""2"":41,""3"":32}",1,7,8,8,11,12,5,4,12,5,4,32,41,32,口SWEATYREREﻬ,Class 1,80,420,0,500,9,9,0,0,0
FRIENDS OR FOES,Standard,4,SWAYZE,qefoLXaT9gaO2ycKQocy,Narcissist,ukMz1QObm2RORWQOa9dc,26,24.8,24.761904761904763,7,7,3,3,105,"{""1"":8,""2"":9,""3"":9}","{""1"":12,""2"":5,""3"":4}","{""1"":12,""2"":5,""3"":4}","{""1"":32,""2"":41,""3"":32}",1,8,8,9,9,12,5,4,12,5,4,32,41,32,口ISWAYZETT,Class 1,80,420,0,500,8.67,8.666666666666666,0,0,0
FRIENDS OR FOES,Standard,4,GENIUS,uuEZBl8ygzwctHZbKjGV,KYZON ESPORTS,tm_yvpteelv4,25,26,26.041666666666668,7.33,7.333333333333333,3,3,96,"{""1"":12,""2"":11,""3"":2}","{""1"":3,""2"":6,""3"":13}","{""1"":3,""2"":6,""3"":13}","{""1"":36,""2"":34,""3"":26}",2,9,12,11,2,3,6,13,3,6,13,36,34,26,ҞZ • GENIUS ২,Class 1,75,384,0,459,8.33,8.333333333333334,0,0,0
FRIENDS OR FOES,Standard,4,POPE,EHyRjfeTvbYD9VvE9H1H,CIAO HUNTERS X,tm_twhkzzdmf,24,25,25,8.67,8.666666666666666,3,3,96,"{""1"":6,""2"":8,""3"":10}","{""1"":11,""2"":10,""3"":5}","{""1"":11,""2"":10,""3"":5}","{""1"":25,""2"":43,""3"":28}",3,10,6,8,10,11,10,5,11,10,5,25,43,28,GENESIS¹.CHX,Class 1,65,384,0,449,8,8,0,0,0
FRIENDS OR FOES,Standard,4,FLUFFY,zJzKvUNu4k0ilGg2ocCY,KYZON ESPORTS,tm_yvpteelv4,24,25,25,7.33,7.333333333333333,3,3,96,"{""1"":8,""2"":6,""3"":10}","{""1"":3,""2"":6,""3"":13}","{""1"":3,""2"":6,""3"":13}","{""1"":36,""2"":34,""3"":26}",2,11,8,6,10,3,6,13,3,6,13,36,34,26,ҞZ・MONKEY,Class 1,75,384,0,459,8,8,0,0,0
FRIENDS OR FOES,Standard,4,POISON,QZIn6rAU2CGPFbGbQu4v,GOAT ESPORT,tm_ws9x2fl5b,23,28.8,28.749999999999996,8,8,3,3,80,"{""1"":10,""2"":9,""3"":4}","{""1"":4,""2"":2,""3"":18}","{""1"":4,""2"":2,""3"":18}","{""1"":32,""2"":34,""3"":14}",6,12,10,9,4,4,2,18,4,2,18,32,34,14,毒GOAT SHUSH,Class 1,90,320,0,410,7.67,7.666666666666667,0,0,0
FRIENDS OR FOES,Standard,4,CODGOD,dqr1RKopXDu3zfgmOqcY,VORTEX ONE,tm_4oss9tizq,23,27.4,27.380952380952383,6.67,6.666666666666667,3,3,84,"{""1"":10,""2"":4,""3"":9}","{""1"":2,""2"":15,""3"":3}","{""1"":2,""2"":15,""3"":3}","{""1"":29,""2"":23,""3"":32}",4,13,10,4,9,2,15,3,2,15,3,29,23,32,CODGOD.VRX,Class 1,100,336,0,436,7.67,7.666666666666667,0,0,0
FRIENDS OR FOES,Standard,4,LAN,FvWvZtGG7YSLiq17ZCtE,YVL ZENITH,9QcWKHtOAOLOrVMJNE0C,23,33.8,33.82352941176471,11.67,11.666666666666666,3,3,68,"{""1"":8,""2"":10,""3"":5}","{""1"":17,""2"":4,""3"":14}","{""1"":17,""2"":4,""3"":14}","{""1"":18,""2"":32,""3"":18}",7,14,8,10,5,17,4,14,17,4,14,18,32,18,yvlゝ LAN,Transferred In,60,272,0,332,7.67,7.666666666666667,0,0,0
FRIENDS OR FOES,Standard,4,SOG,B9K5pOOLE39QnCqnDNHY,ENVY 7 ONE,tm_ubz3oae5j,22,37.3,37.28813559322034,10.33,10.333333333333334,3,3,59,"{""1"":11,""2"":8,""3"":3}","{""1"":9,""2"":3,""3"":19}","{""1"":9,""2"":3,""3"":19}","{""1"":24,""2"":27,""3"":8}",8,15,11,8,3,9,3,19,9,3,19,24,27,8,SOG.SVN¹,Class 1,70,236,0,306,7.33,7.333333333333333,0,0,0
FRIENDS OR FOES,Standard,4,GIANT,hBECUtYPJyNHl9P8uRjR,⁠FAZE RAIDERS,VBWUGsiSMKIkkTYb3TSn,21,36.8,36.84210526315789,11.67,11.666666666666666,3,3,57,"{""1"":9,""2"":0,""3"":12}","{""1"":13,""2"":21,""3"":1}","{""1"":13,""2"":21,""3"":1}","{""1"":18,""2"":0,""3"":39}",10,16,9,0,12,13,21,1,13,21,1,18,0,39,ғZ MALVADO,Transferred In,70,228,0,298,7,7,0,0,0
FRIENDS OR FOES,Standard,4,NURUTA,UiCvqj6uu4EoGsvi2kLs,CIAO HUNTERS X,tm_twhkzzdmf,21,21.9,21.875,8.67,8.666666666666666,3,3,96,"{""1"":8,""2"":8,""3"":5}","{""1"":11,""2"":10,""3"":5}","{""1"":11,""2"":10,""3"":5}","{""1"":25,""2"":43,""3"":28}",3,17,8,8,5,11,10,5,11,10,5,25,43,28,NURUTA.CHX,Class 1,65,384,0,449,7,7,0,0,0
FRIENDS OR FOES,Standard,4,TRYING,PoZ1r7UYNb4ferMN4h0R,YVL ZENITH,9QcWKHtOAOLOrVMJNE0C,21,30.9,30.88235294117647,11.67,11.666666666666666,3,3,68,"{""1"":4,""2"":12,""3"":5}","{""1"":17,""2"":4,""3"":14}","{""1"":17,""2"":4,""3"":14}","{""1"":18,""2"":32,""3"":18}",7,18,4,12,5,17,4,14,17,4,14,18,32,18,٧VLゝOLA,Class 1,60,272,0,332,7,7,0,0,0
FRIENDS OR FOES,Standard,4,ANDREW,zccOX3iQQuevsZAxcr4f,REMEDIUM INVICTUS,tm_kdh97vkx3,21,40.4,40.38461538461539,12.67,12.666666666666666,3,3,52,"{""1"":8,""2"":12,""3"":1}","{""1"":16,""2"":1,""3"":21}","{""1"":16,""2"":1,""3"":21}","{""1"":13,""2"":37,""3"":2}",13,19,8,12,1,16,1,21,16,1,21,13,37,2,水RDM・XAKII,Class 1,65,208,0,273,7,7,0,0,0
FRIENDS OR FOES,Standard,4,IDIVYNE,EUVvfZ1fKDe844RVNXE2,KYZON ESPORTS,tm_yvpteelv4,19,19.8,19.791666666666664,7.33,7.333333333333333,3,3,96,"{""1"":8,""2"":7,""3"":4}","{""1"":3,""2"":6,""3"":13}","{""1"":3,""2"":6,""3"":13}","{""1"":36,""2"":34,""3"":26}",2,20,8,7,4,3,6,13,3,6,13,36,34,26,KZ • DIVYNE,Class 1,75,384,0,459,6.33,6.333333333333333,0,0,0
FRIENDS OR FOES,Standard,4,CEEJAY,p_q0z253rna,⁠FAZE RAIDERS,VBWUGsiSMKIkkTYb3TSn,19,33.3,33.33333333333333,11.67,11.666666666666666,3,3,57,"{""1"":3,""2"":0,""3"":16}","{""1"":13,""2"":21,""3"":1}","{""1"":13,""2"":21,""3"":1}","{""1"":18,""2"":0,""3"":39}",10,21,3,0,16,13,21,1,13,21,1,18,0,39,ҒZ JAPAN,Class 1,70,228,0,298,6.33,6.333333333333333,0,0,0
FRIENDS OR FOES,Standard,4,APOSTLE,L1LKfVKd47rwlshv2vY1,CIAO HUNTERS X,tm_twhkzzdmf,19,19.8,19.791666666666664,8.67,8.666666666666666,3,3,96,"{""1"":2,""2"":11,""3"":6}","{""1"":11,""2"":10,""3"":5}","{""1"":11,""2"":10,""3"":5}","{""1"":25,""2"":43,""3"":28}",3,22,2,11,6,11,10,5,11,10,5,25,43,28,APOSTLEOP.CHX,Class 1,65,384,0,449,6.33,6.333333333333333,0,0,0
FRIENDS OR FOES,Standard,4,DEMON,NiT6GePQhD8XyqSCmuMI,PREACHER X,tm_c0yc4xjf4,18,32.7,32.72727272727273,9.67,9.666666666666666,3,3,55,"{""1"":5,""2"":6,""3"":7}","{""1"":15,""2"":7,""3"":7}","{""1"":15,""2"":7,""3"":7}","{""1"":14,""2"":14,""3"":27}",12,23,5,6,7,15,7,7,15,7,7,14,14,27,PЯX・OLUOMO,Class 1,55,220,0,275,6,6,0,0,0
FRIENDS OR FOES,Standard,4,ALLFATHER,eZr86KcPlEoSTarsNbR0,TEAM X,D2dU5QVY9U6g9t3bKk9C,18,32.1,32.142857142857146,12.67,12.666666666666666,3,3,56,"{""1"":3,""2"":10,""3"":5}","{""1"":18,""2"":9,""3"":11}","{""1"":18,""2"":9,""3"":11}","{""1"":13,""2"":26,""3"":17}",14,24,3,10,5,18,9,11,18,9,11,13,26,17,叶°MP-0,Class 1,45,224,0,269,6,6,0,0,0
FRIENDS OR FOES,Standard,4,MICHAEL,8hYOt0XXhRZHBESjFoAH,BROTHERHOOD,ORtlxzvsOKPEjdtaekig,18,30.5,30.508474576271187,8.67,8.666666666666666,3,3,59,"{""1"":4,""2"":8,""3"":6}","{""1"":10,""2"":8,""3"":8}","{""1"":10,""2"":8,""3"":8}","{""1"":18,""2"":25,""3"":16}",11,25,4,8,6,10,8,8,10,8,8,18,25,16,BH | MR MIKE,Class 1,60,236,0,296,6,6,0,0,0
FRIENDS OR FOES,Standard,4,LUDGER,PQAripc5A3a7tOZ5qHrY,FEARLESS WARRIORS,tm_rgqdo8wje,17,29.8,29.82456140350877,9.33,9.333333333333334,3,3,57,"{""1"":4,""2"":4,""3"":9}","{""1"":1,""2"":11,""3"":16}","{""1"":1,""2"":11,""3"":16}","{""1"":25,""2"":14,""3"":18}",9,26,4,4,9,1,11,16,1,11,16,25,14,18,ZN SKY・ƑW,Class 1,75,228,0,303,5.67,5.666666666666667,0,0,0
FRIENDS OR FOES,Standard,4,YAGAMI,Bx7S0iZlMNevEE4eXnqz,VORTEX ONE,tm_4oss9tizq,17,20.2,20.238095238095237,6.67,6.666666666666667,3,3,84,"{""1"":4,""2"":7,""3"":6}","{""1"":2,""2"":15,""3"":3}","{""1"":2,""2"":15,""3"":3}","{""1"":29,""2"":23,""3"":32}",4,27,4,7,6,2,15,3,2,15,3,29,23,32,QTR YAGA.VRX,Class 1,100,336,0,436,5.67,5.666666666666667,0,0,0
FRIENDS OR FOES,Standard,4,GAARA,frAw1ZokwwidsPGWguSM,ENVY 7 ONE,tm_ubz3oae5j,17,28.8,28.8135593220339,10.33,10.333333333333334,3,3,59,"{""1"":4,""2"":11,""3"":2}","{""1"":9,""2"":3,""3"":19}","{""1"":9,""2"":3,""3"":19}","{""1"":24,""2"":27,""3"":8}",8,28,4,11,2,9,3,19,9,3,19,24,27,8,GAARA.SVN¹,Class 1,70,236,0,306,5.67,5.666666666666667,0,0,0
FRIENDS OR FOES,Standard,4,QUAVOOYT,X99tCChq00z9qNYp8vVM,MERCILESS ESPORTS,tm_sip25jqm7,17,42.5,42.5,12.67,12.666666666666666,3,3,40,"{""1"":6,""2"":9,""3"":2}","{""1"":6,""2"":12,""3"":20}","{""1"":6,""2"":12,""3"":20}","{""1"":18,""2"":19,""3"":3}",17,29,6,9,2,6,12,20,6,12,20,18,19,3,MŁ • QUAVO,Class 1,45,160,0,205,5.67,5.666666666666667,0,0,0
FRIENDS OR FOES,Standard,4,TGEE,y2YUNpxJGXpPnWUgTEpV,YVL ZENITH,9QcWKHtOAOLOrVMJNE0C,17,25,25,11.67,11.666666666666666,3,3,68,"{""1"":3,""2"":7,""3"":7}","{""1"":17,""2"":4,""3"":14}","{""1"":17,""2"":4,""3"":14}","{""1"":18,""2"":32,""3"":18}",7,30,3,7,7,17,4,14,17,4,14,18,32,18,RX•INK,Transferred In,60,272,0,332,5.67,5.666666666666667,0,0,0
FRIENDS OR FOES,Standard,4,TRAUMA,mRdFfQB7p8thuw53PwWL,TEAM X,D2dU5QVY9U6g9t3bKk9C,16,28.6,28.57142857142857,12.67,12.666666666666666,3,3,56,"{""1"":5,""2"":7,""3"":4}","{""1"":18,""2"":9,""3"":11}","{""1"":18,""2"":9,""3"":11}","{""1"":13,""2"":26,""3"":17}",14,31,5,7,4,18,9,11,18,9,11,13,26,17,叶°TRAUMA,Class 1,45,224,0,269,5.33,5.333333333333333,0,0,0
FRIENDS OR FOES,Standard,4,ITXNY,Q0fJtKuQbSeRP1X3TvMA,BROTHERHOOD,ORtlxzvsOKPEjdtaekig,16,27.1,27.11864406779661,8.67,8.666666666666666,3,3,59,"{""1"":6,""2"":6,""3"":4}","{""1"":10,""2"":8,""3"":8}","{""1"":10,""2"":8,""3"":8}","{""1"":18,""2"":25,""3"":16}",11,32,6,6,4,10,8,8,10,8,8,18,25,16,BH MESSI,Class 1,60,236,0,296,5.33,5.333333333333333,0,0,0
FRIENDS OR FOES,Standard,4,CHEF PUNK,1LO5N9nzQfk09XHoISVW,PREACHER X,tm_c0yc4xjf4,16,29.1,29.09090909090909,9.67,9.666666666666666,3,3,55,"{""1"":4,""2"":3,""3"":9}","{""1"":15,""2"":7,""3"":7}","{""1"":15,""2"":7,""3"":7}","{""1"":14,""2"":14,""3"":27}",12,33,4,3,9,15,7,7,15,7,7,14,14,27,PЯX・OBTAINER,Class 1,55,220,0,275,5.33,5.333333333333333,0,0,0
FRIENDS OR FOES,Standard,4,MXNIAC,TbGmnsma5nuwWfiUl3FL,FEARLESS ULTIMATE,QXr3HX0HM3Rf35A0UKUN,16,34.8,34.78260869565217,11,11,3,3,46,"{""1"":1,""2"":3,""3"":12}","{""1"":5,""2"":18,""3"":10}","{""1"":5,""2"":18,""3"":10}","{""1"":7,""2"":7,""3"":32}",15,34,1,3,12,5,18,10,5,18,10,7,7,32,ƑW・MXNIAC,Class 1,60,184,0,244,5.33,5.333333333333333,0,0,0
FRIENDS OR FOES,Standard,4,WINDIGO,Y3hmYqIvBg07ApvAvtRu,MAIN CHARACTERS OG,tm_mgol0xhrx,16,18.8,18.823529411764707,8.67,8.666666666666666,3,3,85,"{""1"":5,""2"":5,""3"":6}","{""1"":8,""2"":16,""3"":2}","{""1"":8,""2"":16,""3"":2}","{""1"":29,""2"":21,""3"":35}",5,35,5,5,6,8,16,2,8,16,2,29,21,35,MC丨NASTYA,Class 1,75,340,0,415,5.33,5.333333333333333,0,0,0
FRIENDS OR FOES,Standard,4,DERAZ,pPvCKKzMoO9wgFzAq0sd,DEVELOPERS,tm_w0a02yn8h,16,33.3,33.33333333333333,15.67,15.666666666666666,3,3,48,"{""1"":0,""2"":7,""3"":9}","{""1"":21,""2"":14,""3"":12}","{""1"":21,""2"":14,""3"":12}","{""1"":1,""2"":23,""3"":24}",16,36,0,7,9,21,14,12,21,14,12,1,23,24,DERAZYT.DXV,Class 1,35,192,0,227,5.33,5.333333333333333,0,0,0
FRIENDS OR FOES,Standard,4,SAVAGE,Hq5gw6eD9HnU8lTr2RHZ,FEARLESS WARRIORS,tm_rgqdo8wje,15,26.3,26.31578947368421,9.33,9.333333333333334,3,3,57,"{""1"":7,""2"":5,""3"":3}","{""1"":1,""2"":11,""3"":16}","{""1"":1,""2"":11,""3"":16}","{""1"":25,""2"":14,""3"":18}",9,37,7,5,3,1,11,16,1,11,16,25,14,18,ƑW・SAVAGEYT,Class 1,75,228,0,303,5,5,0,0,0
FRIENDS OR FOES,Standard,4,LARRYCODM,IsJGFwRijyY55ezUgJMG,VORTEX ONE,tm_4oss9tizq,15,17.9,17.857142857142858,6.67,6.666666666666667,3,3,84,"{""1"":5,""2"":5,""3"":5}","{""1"":2,""2"":15,""3"":3}","{""1"":2,""2"":15,""3"":3}","{""1"":29,""2"":23,""3"":32}",4,38,5,5,5,2,15,3,2,15,3,29,23,32,RARRI.VRX,Class 1,100,336,0,436,5,5,0,0,0
FRIENDS OR FOES,Standard,4,YOURBALLS,DEP0DMTu1Bn8IsMenRxs,Narcissist,ukMz1QObm2RORWQOa9dc,14,13.3,13.333333333333334,7,7,3,3,105,"{""1"":2,""2"":9,""3"":3}","{""1"":12,""2"":5,""3"":4}","{""1"":12,""2"":5,""3"":4}","{""1"":32,""2"":41,""3"":32}",1,39,2,9,3,12,5,4,12,5,4,32,41,32,YOURBALLS??口,Class 1,80,420,0,500,4.67,4.666666666666667,0,0,0
FRIENDS OR FOES,Standard,4,DELETE,yXsVHpZGIDJoF3CpeME2,MAIN CHARACTERS OG,tm_mgol0xhrx,14,16.5,16.470588235294116,8.67,8.666666666666666,3,3,85,"{""1"":8,""2"":0,""3"":6}","{""1"":8,""2"":16,""3"":2}","{""1"":8,""2"":16,""3"":2}","{""1"":29,""2"":21,""3"":35}",5,40,8,0,6,8,16,2,8,16,2,29,21,35,MC丨IFɅ,Class 1,75,340,0,415,4.67,4.666666666666667,0,0,0
FRIENDS OR FOES,Standard,4,RELAX OG,OKrAHDFNWaCteQUIc2bK,FEARLESS WARRIORS,tm_rgqdo8wje,14,24.6,24.561403508771928,9.33,9.333333333333334,3,3,57,"{""1"":8,""2"":3,""3"":3}","{""1"":1,""2"":11,""3"":16}","{""1"":1,""2"":11,""3"":16}","{""1"":25,""2"":14,""3"":18}",9,41,8,3,3,1,11,16,1,11,16,25,14,18,ƑW・ƦELAXOG۶,Class 1,75,228,0,303,4.67,4.666666666666667,0,0,0
FRIENDS OR FOES,Standard,4,NANAYAW,tX7GCLJJ61u8bLkRroBP,GOAT ESPORT,tm_ws9x2fl5b,14,17.5,17.5,8,8,3,3,80,"{""1"":6,""2"":7,""3"":1}","{""1"":4,""2"":2,""3"":18}","{""1"":4,""2"":2,""3"":18}","{""1"":32,""2"":34,""3"":14}",6,42,6,7,1,4,2,18,4,2,18,32,34,14,毒GOAT GOAT,Class 1,90,320,0,410,4.67,4.666666666666667,0,0,0
FRIENDS OR FOES,Standard,4,MAUS,kUOdoGK7ff8eYeZgwvXq,TEAM X,D2dU5QVY9U6g9t3bKk9C,14,25,25,12.67,12.666666666666666,3,3,56,"{""1"":4,""2"":4,""3"":6}","{""1"":18,""2"":9,""3"":11}","{""1"":18,""2"":9,""3"":11}","{""1"":13,""2"":26,""3"":17}",14,43,4,4,6,18,9,11,18,9,11,13,26,17,叶°MAUS,Class 1,45,224,0,269,4.67,4.666666666666667,0,0,0
FRIENDS OR FOES,Standard,4,JOJO,T2sK7jSZkJqKgLswvF1g,REMEDIUM INVICTUS,tm_kdh97vkx3,14,26.9,26.923076923076923,12.67,12.666666666666666,3,3,52,"{""1"":4,""2"":9,""3"":1}","{""1"":16,""2"":1,""3"":21}","{""1"":16,""2"":1,""3"":21}","{""1"":13,""2"":37,""3"":2}",13,44,4,9,1,16,1,21,16,1,21,13,37,2,水RDM・JOJO,Class 1,65,208,0,273,4.67,4.666666666666667,0,0,0
FRIENDS OR FOES,Standard,4,BH GREY,9WczEt0mrYEQoeKfntMO,BROTHERHOOD,ORtlxzvsOKPEjdtaekig,13,22,22.033898305084744,8.67,8.666666666666666,3,3,59,"{""1"":6,""2"":3,""3"":4}","{""1"":10,""2"":8,""3"":8}","{""1"":10,""2"":8,""3"":8}","{""1"":18,""2"":25,""3"":16}",11,45,6,3,4,10,8,8,10,8,8,18,25,16,BH GREY,Registered,60,236,0,296,4.33,4.333333333333333,0,0,0
FRIENDS OR FOES,Standard,4,APOLLO,tHmxoGylXYBAT5j7XhRQ,CIAO GUARDIANS,xZgUbwrDC2TK3wcpPUY3,13,39.4,39.39393939393939,13,13,3,3,33,"{""1"":5,""2"":4,""3"":4}","{""1"":7,""2"":17,""3"":15}","{""1"":7,""2"":17,""3"":15}","{""1"":12,""2"":11,""3"":10}",18,46,5,4,4,7,17,15,7,17,15,12,11,10,APOLLOYT.CHX,Class 1,45,132,0,177,4.33,4.333333333333333,0,0,0
FRIENDS OR FOES,Standard,4,NEGAN,MZpEVrmRkAAV37WP7AsF,MAIN CHARACTERS OG,tm_mgol0xhrx,13,15.3,15.294117647058824,8.67,8.666666666666666,3,3,85,"{""1"":3,""2"":5,""3"":5}","{""1"":8,""2"":16,""3"":2}","{""1"":8,""2"":16,""3"":2}","{""1"":29,""2"":21,""3"":35}",5,47,3,5,5,8,16,2,8,16,2,29,21,35,水RDM・NEGAN,Transferred In,75,340,0,415,4.33,4.333333333333333,0,0,0
FRIENDS OR FOES,Standard,4,TOM,hxHrnWldh81VX3Ygl3kw,PREACHER X,tm_c0yc4xjf4,12,21.8,21.818181818181817,9.67,9.666666666666666,3,3,55,"{""1"":0,""2"":4,""3"":8}","{""1"":15,""2"":7,""3"":7}","{""1"":15,""2"":7,""3"":7}","{""1"":14,""2"":14,""3"":27}",12,48,0,4,8,15,7,7,15,7,7,14,14,27,PЯX・TOMSKI,Class 1,55,220,0,275,4,4,0,0,0
FRIENDS OR FOES,Standard,4,SUSBEAMS,0OJhItNagyO2mf8AdYji,BROTHERHOOD,ORtlxzvsOKPEjdtaekig,12,20.3,20.33898305084746,8.67,8.666666666666666,3,3,59,"{""1"":2,""2"":8,""3"":2}","{""1"":10,""2"":8,""3"":8}","{""1"":10,""2"":8,""3"":8}","{""1"":18,""2"":25,""3"":16}",11,49,2,8,2,10,8,8,10,8,8,18,25,16,Bh_susbeams,Transferred In,60,236,0,296,4,4,0,0,0
FRIENDS OR FOES,Standard,4,VENOM,STmUpiwkCk5ybUeJJAAW,CIAO GUARDIANS,xZgUbwrDC2TK3wcpPUY3,12,36.4,36.36363636363637,13,13,3,3,33,"{""1"":4,""2"":6,""3"":2}","{""1"":7,""2"":17,""3"":15}","{""1"":7,""2"":17,""3"":15}","{""1"":12,""2"":11,""3"":10}",18,50,4,6,2,7,17,15,7,17,15,12,11,10,VENOMYT.CHX,Class 1,45,132,0,177,4,4,0,0,0
FRIENDS OR FOES,Standard,4,PHILIP MELO,gybDsWbwIY4s0wRh2Nj4,FEARLESS WARRIORS,tm_rgqdo8wje,11,19.3,19.298245614035086,9.33,9.333333333333334,3,3,57,"{""1"":6,""2"":2,""3"":3}","{""1"":1,""2"":11,""3"":16}","{""1"":1,""2"":11,""3"":16}","{""1"":25,""2"":14,""3"":18}",9,51,6,2,3,1,11,16,1,11,16,25,14,18,ƑW・MELO,Class 1,75,228,0,303,3.67,3.6666666666666665,0,0,0
FRIENDS OR FOES,Standard,4,ODOGWU,EL0jkB2u1HR36UhBAUWa,DEVELOPERS,tm_w0a02yn8h,11,22.9,22.916666666666664,15.67,15.666666666666666,3,3,48,"{""1"":1,""2"":5,""3"":5}","{""1"":21,""2"":14,""3"":12}","{""1"":21,""2"":14,""3"":12}","{""1"":1,""2"":23,""3"":24}",16,52,1,5,5,21,14,12,21,14,12,1,23,24,AALIYAH.DXV,Class 1,35,192,0,227,3.67,3.6666666666666665,0,0,0
FRIENDS OR FOES,Standard,4,SWEET,uNBiS0JpsyP3FeuQXkU7,FEARLESS ULTIMATE,QXr3HX0HM3Rf35A0UKUN,11,23.9,23.91304347826087,11,11,3,3,46,"{""1"":2,""2"":1,""3"":8}","{""1"":5,""2"":18,""3"":10}","{""1"":5,""2"":18,""3"":10}","{""1"":7,""2"":7,""3"":32}",15,53,2,1,8,5,18,10,5,18,10,7,7,32,ƑW・BIGSWEET,Class 1,60,184,0,244,3.67,3.6666666666666665,0,0,0
FRIENDS OR FOES,Standard,4,ICONIC,Bupc8GCd3yBuLtWbFou4,KYZON ALLIANCE,tm_3fapr2cz9,10,37,37.03703703703704,18.33,18.333333333333332,3,3,27,"{""1"":5,""2"":1,""3"":4}","{""1"":19,""2"":19,""3"":17}","{""1"":19,""2"":19,""3"":17}","{""1"":14,""2"":3,""3"":10}",20,54,5,1,4,19,19,17,19,19,17,14,3,10,KZ GIANNA,Class 1,30,108,0,138,3.33,3.3333333333333335,0,0,0
FRIENDS OR FOES,Standard,4,LYON,rsul2CWwdEzEvzuOnnFu,DEVELOPERS,tm_w0a02yn8h,10,20.8,20.833333333333336,15.67,15.666666666666666,3,3,48,"{""1"":0,""2"":6,""3"":4}","{""1"":21,""2"":14,""3"":12}","{""1"":21,""2"":14,""3"":12}","{""1"":1,""2"":23,""3"":24}",16,55,0,6,4,21,14,12,21,14,12,1,23,24,CHASE.DXV,Class 1,35,192,0,227,3.33,3.3333333333333335,0,0,0
FRIENDS OR FOES,Standard,4,RUSTY,GQC099yRTvpPKG2zBXZD,⁠FAZE RAIDERS,VBWUGsiSMKIkkTYb3TSn,10,17.5,17.543859649122805,11.67,11.666666666666666,3,3,57,"{""1"":4,""2"":0,""3"":6}","{""1"":13,""2"":21,""3"":1}","{""1"":13,""2"":21,""3"":1}","{""1"":18,""2"":0,""3"":39}",10,56,4,0,6,13,21,1,13,21,1,18,0,39,ҒZ HEKI,Class 1,70,228,0,298,3.33,3.3333333333333335,0,0,0
FRIENDS OR FOES,Standard,4,YUSUF,qKQQ85V7nwqlL2KDXoGl,ENVY 7 ONE,tm_ubz3oae5j,10,16.9,16.94915254237288,10.33,10.333333333333334,3,3,59,"{""1"":3,""2"":4,""3"":3}","{""1"":9,""2"":3,""3"":19}","{""1"":9,""2"":3,""3"":19}","{""1"":24,""2"":27,""3"":8}",8,57,3,4,3,9,3,19,9,3,19,24,27,8,YUSUF.SVN¹,Class 1,70,236,0,306,3.33,3.3333333333333335,0,0,0
FRIENDS OR FOES,Standard,4,INDIGO,zp3jg9OOxd217vbYIoBu,7G NEW TAKERS,NpKzXoJZdBhUMOLnmCxj,10,43.5,43.47826086956522,13,13,3,3,23,"{""1"":0,""2"":2,""3"":8}","{""1"":20,""2"":13,""3"":6}","{""1"":20,""2"":13,""3"":6}","{""1"":3,""2"":4,""3"":16}",21,58,0,2,8,20,13,6,20,13,6,3,4,16,7Ɠ・INÐIGØ,Class 1,45,92,0,137,3.33,3.3333333333333335,0,0,0
FRIENDS OR FOES,Standard,4,OMEGA,5yx4Bj2tFtb311znF0Np,FEARLESS ULTIMATE,QXr3HX0HM3Rf35A0UKUN,10,21.7,21.73913043478261,11,11,3,3,46,"{""1"":3,""2"":1,""3"":6}","{""1"":5,""2"":18,""3"":10}","{""1"":5,""2"":18,""3"":10}","{""1"":7,""2"":7,""3"":32}",15,59,3,1,6,5,18,10,5,18,10,7,7,32,ƑW・NOOB,Class 1,60,184,0,244,3.33,3.3333333333333335,0,0,0
FRIENDS OR FOES,Standard,4,CHIKE,WP7wn4jjPa6n4busZVnT,GOAT ESPORT,tm_ws9x2fl5b,10,12.5,12.5,8,8,3,3,80,"{""1"":4,""2"":4,""3"":2}","{""1"":4,""2"":2,""3"":18}","{""1"":4,""2"":2,""3"":18}","{""1"":32,""2"":34,""3"":14}",6,60,4,4,2,4,2,18,4,2,18,32,34,14,毒GOAT CHIKE,Class 1,90,320,0,410,3.33,3.3333333333333335,0,0,0
FRIENDS OR FOES,Standard,4,PAGANINI,APlTtB3VKt0P7QlbaYHA,ENVY 7 ONE,tm_ubz3oae5j,10,16.9,16.94915254237288,10.33,10.333333333333334,3,3,59,"{""1"":6,""2"":4,""3"":0}","{""1"":9,""2"":3,""3"":19}","{""1"":9,""2"":3,""3"":19}","{""1"":24,""2"":27,""3"":8}",8,61,6,4,0,9,3,19,9,3,19,24,27,8,SIX.SVN,Class 1,70,236,0,306,3.33,3.3333333333333335,0,0,0
FRIENDS OR FOES,Standard,4,SNAKE,Cd8QlNwfF9c1FQo5dC2l,MERCILESS ESPORTS,tm_sip25jqm7,9,22.5,22.5,12.67,12.666666666666666,3,3,40,"{""1"":2,""2"":6,""3"":1}","{""1"":6,""2"":12,""3"":20}","{""1"":6,""2"":12,""3"":20}","{""1"":18,""2"":19,""3"":3}",17,62,2,6,1,6,12,20,6,12,20,18,19,3,ML • SNAKE,Class 1,45,160,0,205,3,3,0,0,0
FRIENDS OR FOES,Standard,4,ATTIEKE,0ZiIKcgXBKZnIVK3RY5b,Marines Cartel,o7Dp7knjVTxhemRjJF7R,9,30,30,14.33,14.333333333333334,3,3,30,"{""1"":2,""2"":0,""3"":7}","{""1"":14,""2"":20,""3"":9}","{""1"":14,""2"":20,""3"":9}","{""1"":11,""2"":2,""3"":17}",19,63,2,0,7,14,20,9,14,20,9,11,2,17,M7・DAVE | ¹LT,Class 1,45,120,0,165,3,3,0,0,0
FRIENDS OR FOES,Standard,4,SAMMY,CRgmZpi6YPL39TOInRBz,REMEDIUM INVICTUS,tm_kdh97vkx3,9,17.3,17.307692307692307,12.67,12.666666666666666,3,3,52,"{""1"":1,""2"":8,""3"":0}","{""1"":16,""2"":1,""3"":21}","{""1"":16,""2"":1,""3"":21}","{""1"":13,""2"":37,""3"":2}",13,64,1,8,0,16,1,21,16,1,21,13,37,2,水RDM • SAMMY.+,Class 1,65,208,0,273,3,3,0,0,0
FRIENDS OR FOES,Standard,4,DANIEL,2hoGdFkIX9KrsMSafUIB,FEARLESS ULTIMATE,QXr3HX0HM3Rf35A0UKUN,9,19.6,19.565217391304348,11,11,3,3,46,"{""1"":1,""2"":2,""3"":6}","{""1"":5,""2"":18,""3"":10}","{""1"":5,""2"":18,""3"":10}","{""1"":7,""2"":7,""3"":32}",15,65,1,2,6,5,18,10,5,18,10,7,7,32,ƑW・X TA C,Class 1,60,184,0,244,3,3,0,0,0
FRIENDS OR FOES,Standard,4,LIONFACE,PMOZmTbjtV7Jea8FMW8Y,Marines Cartel,o7Dp7knjVTxhemRjJF7R,9,30,30,14.33,14.333333333333334,3,3,30,"{""1"":3,""2"":0,""3"":6}","{""1"":14,""2"":20,""3"":9}","{""1"":14,""2"":20,""3"":9}","{""1"":11,""2"":2,""3"":17}",19,66,3,0,6,14,20,9,14,20,9,11,2,17,¹LT丨DADYLION,Class 1,45,120,0,165,3,3,0,0,0
FRIENDS OR FOES,Standard,4,LAZY,Tmdfj4k7UPoE2wFXGHxJ,REMEDIUM INVICTUS,tm_kdh97vkx3,8,15.4,15.384615384615385,12.67,12.666666666666666,3,3,52,"{""1"":0,""2"":8,""3"":0}","{""1"":16,""2"":1,""3"":21}","{""1"":16,""2"":1,""3"":21}","{""1"":13,""2"":37,""3"":2}",13,67,0,8,0,16,1,21,16,1,21,13,37,2,水RDM・LAZY,Class 1,65,208,0,273,2.67,2.6666666666666665,0,0,0
FRIENDS OR FOES,Standard,4,UMBRELLA,ZbDtqKyjWc2uCQ1Iu3Xg,TEAM X,D2dU5QVY9U6g9t3bKk9C,8,14.3,14.285714285714285,12.67,12.666666666666666,3,3,56,"{""1"":1,""2"":5,""3"":2}","{""1"":18,""2"":9,""3"":11}","{""1"":18,""2"":9,""3"":11}","{""1"":13,""2"":26,""3"":17}",14,68,1,5,2,18,9,11,18,9,11,13,26,17,叶°ALLFATHER,Class 1,45,224,0,269,2.67,2.6666666666666665,0,0,0
FRIENDS OR FOES,Standard,4,MO,p7NXVZszmKHPcyymmjED,MERCILESS ESPORTS,tm_sip25jqm7,7,17.5,17.5,12.67,12.666666666666666,3,3,40,"{""1"":5,""2"":2,""3"":0}","{""1"":6,""2"":12,""3"":20}","{""1"":6,""2"":12,""3"":20}","{""1"":18,""2"":19,""3"":3}",17,69,5,2,0,6,12,20,6,12,20,18,19,3,MŁ • MO,Class 1,45,160,0,205,2.33,2.3333333333333335,0,0,0
FRIENDS OR FOES,Standard,4,REACHER,wyrK9RX0czI2aidGBDd3,YVL ZENITH,9QcWKHtOAOLOrVMJNE0C,7,10.3,10.294117647058822,11.67,11.666666666666666,3,3,68,"{""1"":3,""2"":3,""3"":1}","{""1"":17,""2"":4,""3"":14}","{""1"":17,""2"":4,""3"":14}","{""1"":18,""2"":32,""3"":18}",7,70,3,3,1,17,4,14,17,4,14,18,32,18,YVLゝREACHER,Class 1,60,272,0,332,2.33,2.3333333333333335,0,0,0
FRIENDS OR FOES,Standard,4,BIGTULA,qj6FOc1Z8aeEWmqUk84v,KYZON ALLIANCE,tm_3fapr2cz9,7,25.9,25.925925925925924,18.33,18.333333333333332,3,3,27,"{""1"":3,""2"":1,""3"":3}","{""1"":19,""2"":19,""3"":17}","{""1"":19,""2"":19,""3"":17}","{""1"":14,""2"":3,""3"":10}",20,71,3,1,3,19,19,17,19,19,17,14,3,10,KZ GILLIFANT,Class 1,30,108,0,138,2.33,2.3333333333333335,0,0,0
FRIENDS OR FOES,Standard,4,AIMBOTONIPAD,bNNoVfpqP2dN4eICglng,KYZON ALLIANCE,tm_3fapr2cz9,7,25.9,25.925925925925924,18.33,18.333333333333332,3,3,27,"{""1"":3,""2"":1,""3"":3}","{""1"":19,""2"":19,""3"":17}","{""1"":19,""2"":19,""3"":17}","{""1"":14,""2"":3,""3"":10}",20,72,3,1,3,19,19,17,19,19,17,14,3,10,ҞZ GRYPHON,Class 1,30,108,0,138,2.33,2.3333333333333335,0,0,0
FRIENDS OR FOES,Standard,4,A1,VOElYffXxZkcpmPLe4T4,MERCILESS ESPORTS,tm_sip25jqm7,7,17.5,17.5,12.67,12.666666666666666,3,3,40,"{""1"":5,""2"":2,""3"":0}","{""1"":6,""2"":12,""3"":20}","{""1"":6,""2"":12,""3"":20}","{""1"":18,""2"":19,""3"":3}",17,73,5,2,0,6,12,20,6,12,20,18,19,3,MŁ • A1,Class 1,45,160,0,205,2.33,2.3333333333333335,0,0,0
FRIENDS OR FOES,Standard,4,NAGATO,4drN06J7VhcUWU1ydASK,⁠FAZE RAIDERS,VBWUGsiSMKIkkTYb3TSn,7,12.3,12.280701754385964,11.67,11.666666666666666,3,3,57,"{""1"":2,""2"":0,""3"":5}","{""1"":13,""2"":21,""3"":1}","{""1"":13,""2"":21,""3"":1}","{""1"":18,""2"":0,""3"":39}",10,74,2,0,5,13,21,1,13,21,1,18,0,39,ҒZ ANIZ,Class 1,70,228,0,298,2.33,2.3333333333333335,0,0,0
FRIENDS OR FOES,Standard,4,YAMII,JEnWA5TkFzeJpFKvyVQA,PREACHER X,tm_c0yc4xjf4,6,10.9,10.909090909090908,9.67,9.666666666666666,2,3,55,"{""1"":5,""2"":1}","{""1"":15,""2"":7}","{""1"":15,""2"":7,""3"":7}","{""1"":14,""2"":14,""3"":27}",12,75,5,1,,15,7,,15,7,7,14,14,27,PЯX・YAMII,Class 1,55,220,0,275,3,3,0,0,0
FRIENDS OR FOES,Standard,4,BETROWOLF,ZE8R7Mty1GmpwwhIBgxF,CIAO GUARDIANS,xZgUbwrDC2TK3wcpPUY3,6,18.2,18.181818181818183,13,13,3,3,33,"{""1"":2,""2"":1,""3"":3}","{""1"":7,""2"":17,""3"":15}","{""1"":7,""2"":17,""3"":15}","{""1"":12,""2"":11,""3"":10}",18,76,2,1,3,7,17,15,7,17,15,12,11,10,BETROYT۶.CHX,Class 1,45,132,0,177,2,2,0,0,0
FRIENDS OR FOES,Standard,4,SHINIGAMI,WFVAap5uGud4aOIhxsKI,7G NEW TAKERS,NpKzXoJZdBhUMOLnmCxj,6,26.1,26.08695652173913,13,13,3,3,23,"{""1"":2,""2"":2,""3"":2}","{""1"":20,""2"":13,""3"":6}","{""1"":20,""2"":13,""3"":6}","{""1"":3,""2"":4,""3"":16}",21,77,2,2,2,20,13,6,20,13,6,3,4,16,7Ɠ・FUJIMOTO,Class 1,45,92,0,137,2,2,0,0,0
FRIENDS OR FOES,Standard,4,MR P,kl2hoTAKjBPgfOMMvkKH,DEVELOPERS,tm_w0a02yn8h,6,12.5,12.5,15.67,15.666666666666666,1,3,48,"{""3"":6}","{""3"":12}","{""1"":21,""2"":14,""3"":12}","{""1"":1,""2"":23,""3"":24}",16,78,,,6,,,12,21,14,12,1,23,24,ARTETA.DXV,Class 1,35,192,0,227,6,6,0,0,0
FRIENDS OR FOES,Standard,4,H,1p147F2F2H3SBlfhv9jn,Marines Cartel,o7Dp7knjVTxhemRjJF7R,5,16.7,16.666666666666664,14.33,14.333333333333334,3,3,30,"{""1"":3,""2"":1,""3"":1}","{""1"":14,""2"":20,""3"":9}","{""1"":14,""2"":20,""3"":9}","{""1"":11,""2"":2,""3"":17}",19,79,3,1,1,14,20,9,14,20,9,11,2,17,ƝW~H | ¹LT,Class 1,45,120,0,165,1.67,1.6666666666666667,0,0,0
FRIENDS OR FOES,Standard,4,JOZZY,FdJ3rIlmedcTFhzRruvA,DEVELOPERS,tm_w0a02yn8h,5,10.4,10.416666666666668,15.67,15.666666666666666,2,3,48,"{""1"":0,""2"":5}","{""1"":21,""2"":14}","{""1"":21,""2"":14,""3"":12}","{""1"":1,""2"":23,""3"":24}",16,80,0,5,,21,14,,21,14,12,1,23,24,BLADE.DXV,Class 1,35,192,0,227,2.5,2.5,0,0,0
FRIENDS OR FOES,Standard,4,RAYSARK,8FLaRdZhys6KFQ4Ds2YV,7G NEW TAKERS,NpKzXoJZdBhUMOLnmCxj,4,17.4,17.391304347826086,13,13,3,3,23,"{""1"":1,""2"":0,""3"":3}","{""1"":20,""2"":13,""3"":6}","{""1"":20,""2"":13,""3"":6}","{""1"":3,""2"":4,""3"":16}",21,81,1,0,3,20,13,6,20,13,6,3,4,16,7Ɠ・0,Class 1,45,92,0,137,1.33,1.3333333333333333,0,0,0
FRIENDS OR FOES,Standard,4,FAZZY,AHbzUpq8xHnx1391KBuT,Marines Cartel,o7Dp7knjVTxhemRjJF7R,4,13.3,13.333333333333334,14.33,14.333333333333334,2,3,30,"{""1"":3,""2"":1}","{""1"":14,""2"":20}","{""1"":14,""2"":20,""3"":9}","{""1"":11,""2"":2,""3"":17}",19,82,3,1,,14,20,,14,20,9,11,2,17,¹LT | FAZZY,Class 1,45,120,0,165,2,2,0,0,0
FRIENDS OR FOES,Standard,4,NIEL,HllRAi3xdKU7I8tCNB6B,7G NEW TAKERS,NpKzXoJZdBhUMOLnmCxj,3,13,13.043478260869565,13,13,2,3,23,"{""2"":0,""3"":3}","{""2"":13,""3"":6}","{""1"":20,""2"":13,""3"":6}","{""1"":3,""2"":4,""3"":16}",21,83,,0,3,,13,6,20,13,6,3,4,16,7Ɠ・NIEL?,Class 1,45,92,0,137,1.5,1.5,0,0,0
FRIENDS OR FOES,Standard,4,STIMRUSKI,p5EHMys5nSlc36BtJXoK,PREACHER X,tm_c0yc4xjf4,3,5.5,5.454545454545454,9.67,9.666666666666666,1,3,55,"{""3"":3}","{""3"":7}","{""1"":15,""2"":7,""3"":7}","{""1"":14,""2"":14,""3"":27}",12,84,,,3,,,7,15,7,7,14,14,27,PЯX・ STIMRUSKI,Class 1,55,220,0,275,3,3,0,0,0
FRIENDS OR FOES,Standard,4,DAVLIEN,B11aFzLHBG1YcrCZHV68,Marines Cartel,o7Dp7knjVTxhemRjJF7R,3,10,10,14.33,14.333333333333334,1,3,30,"{""3"":3}","{""3"":9}","{""1"":14,""2"":20,""3"":9}","{""1"":11,""2"":2,""3"":17}",19,85,,,3,,,9,14,20,9,11,2,17,DAVLIEN ¹LT,Class 1,45,120,0,165,3,3,0,0,0
FRIENDS OR FOES,Standard,4,5G,mnKVwBUXcwHsOVSLfF7Z,KYZON ALLIANCE,tm_3fapr2cz9,3,11.1,11.11111111111111,18.33,18.333333333333332,1,3,27,"{""1"":3}","{""1"":19}","{""1"":19,""2"":19,""3"":17}","{""1"":14,""2"":3,""3"":10}",20,86,3,,,19,,,19,19,17,14,3,10,ҞZ 5G,Class 1,30,108,0,138,3,3,0,0,0
FRIENDS OR FOES,Standard,4,SWAG,I0zrbJubS6A7RBMX0C3e,Narcissist,ukMz1QObm2RORWQOa9dc,3,2.9,2.857142857142857,7,7,1,3,105,"{""1"":3}","{""1"":12}","{""1"":12,""2"":5,""3"":4}","{""1"":32,""2"":41,""3"":32}",1,87,3,,,12,,,12,5,4,32,41,32,SWAG??口,Class 1,80,420,0,500,3,3,0,0,0
FRIENDS OR FOES,Standard,4,STEYNTT,QbdL2ROba57WR1rfaKST,CIAO GUARDIANS,xZgUbwrDC2TK3wcpPUY3,2,6.1,6.0606060606060606,13,13,2,3,33,"{""1"":1,""3"":1}","{""1"":7,""3"":15}","{""1"":7,""2"":17,""3"":15}","{""1"":12,""2"":11,""3"":10}",18,88,1,,1,7,,15,7,17,15,12,11,10,Ƙ STEYNTT.CHX,Class 1,45,132,0,177,1,1,0,0,0
FRIENDS OR FOES,Standard,4,GRINDER,wl39tvfMLWADTnQOjkTP,BROTHERHOOD,ORtlxzvsOKPEjdtaekig,2,3.4,3.389830508474576,8.67,8.666666666666666,1,3,59,"{""1"":2}","{""1"":10}","{""1"":10,""2"":8,""3"":8}","{""1"":18,""2"":25,""3"":16}",11,89,2,,,10,,,10,8,8,18,25,16,BH GRINDER,Class 1,60,236,0,296,2,2,0,0,0
FRIENDS OR FOES,Standard,4,ZINOPLAYS,yWni6juo4WjqiGJF3jyo,CIAO GUARDIANS,xZgUbwrDC2TK3wcpPUY3,0,0,0,13,13,1,3,33,"{""2"":0}","{""2"":17}","{""1"":7,""2"":17,""3"":15}","{""1"":12,""2"":11,""3"":10}",18,90,,0,,,17,,7,17,15,12,11,10,ZPYT۶.CHX,Class 1,45,132,0,177,0,0,0,0,0
FRIENDS OR FOES,Standard,4,OLATOMI,9JIRvwr8nFeyEXR4as0b,7G NEW TAKERS,NpKzXoJZdBhUMOLnmCxj,0,0,0,13,13,1,3,23,"{""1"":0}","{""1"":20}","{""1"":20,""2"":13,""3"":6}","{""1"":3,""2"":4,""3"":16}",21,91,0,,,20,,,20,13,6,3,4,16,7Ɠ・丨¹KXRMA,Class 1,45,92,0,137,0,0,0,0,0
FRIENDS OR FOES,Standard,5,ICONIC,Bupc8GCd3yBuLtWbFou4,KYZON ALLIANCE,tm_3fapr2cz9,32,38.1,38.095238095238095,10,10,3,3,84,"{""1"":11,""2"":12,""3"":9}","{""1"":17,""2"":4,""3"":9}","{""1"":17,""2"":4,""3"":9}","{""1"":28,""2"":34,""3"":22}",3,1,11,12,9,17,4,9,17,4,9,28,34,22,KZ GIANNA,Class 1,65,336,0,401,10.67,10.666666666666666,0,0,0
FRIENDS OR FOES,Standard,5,CODGHOST,AZdZ5MvPMJMZep4m3bBN,Narcissist,ukMz1QObm2RORWQOa9dc,30,28.6,28.57142857142857,8.33,8.333333333333334,3,3,105,"{""1"":12,""2"":7,""3"":11}","{""1"":7,""2"":10,""3"":8}","{""1"":7,""2"":10,""3"":8}","{""1"":30,""2"":31,""3"":44}",1,2,12,7,11,7,10,8,7,10,8,30,31,44,口7,Class 1,60,420,0,480,10,10,0,0,0
FRIENDS OR FOES,Standard,5,FATHERALI,lQ3oUgLHQF7EsyPL3mFJ,VORTEX ONE,tm_4oss9tizq,29,34.1,34.11764705882353,10.67,10.666666666666666,3,3,85,"{""1"":6,""2"":22,""3"":1}","{""1"":5,""2"":6,""3"":21}","{""1"":5,""2"":6,""3"":21}","{""1"":27,""2"":56,""3"":2}",5,3,6,22,1,5,6,21,5,6,21,27,56,2,DEMON.VRX,Class 1,55,340,0,395,9.67,9.666666666666666,0,0,0
FRIENDS OR FOES,Standard,5,SENÕR J,ycTWfDj2OJDBcpjn5DKa,MAIN CHARACTERS OG,tm_mgol0xhrx,28,37.3,37.333333333333336,5.33,5.333333333333333,3,3,75,"{""1"":7,""2"":10,""3"":11}","{""1"":3,""2"":2,""3"":11}","{""1"":3,""2"":2,""3"":11}","{""1"":30,""2"":20,""3"":25}",4,4,7,10,11,3,2,11,3,2,11,30,20,25,MC丨DELYNA,Class 1,100,300,0,400,9.33,9.333333333333334,0,0,0
FRIENDS OR FOES,Standard,5,GAARA,frAw1ZokwwidsPGWguSM,ENVY 7 ONE,tm_ubz3oae5j,27,30.7,30.681818181818183,8,8,3,3,88,"{""1"":12,""2"":7,""3"":8}","{""1"":6,""2"":11,""3"":7}","{""1"":6,""2"":11,""3"":7}","{""1"":34,""2"":27,""3"":27}",2,5,12,7,8,6,11,7,6,11,7,34,27,27,GAARA.SVN¹,Class 1,55,352,0,407,9,9,0,0,0
FRIENDS OR FOES,Standard,5,REMO,dYruCjqNO7qAYaIBjTDt,Narcissist,ukMz1QObm2RORWQOa9dc,25,23.8,23.809523809523807,8.33,8.333333333333334,3,3,105,"{""1"":6,""2"":7,""3"":12}","{""1"":7,""2"":10,""3"":8}","{""1"":7,""2"":10,""3"":8}","{""1"":30,""2"":31,""3"":44}",1,6,6,7,12,7,10,8,7,10,8,30,31,44,口SWEATYREREﻬ,Class 1,60,420,0,480,8.33,8.333333333333334,0,0,0
FRIENDS OR FOES,Standard,5,BRANDON,rrHKtFIklquwAlLsk8vF,Narcissist,ukMz1QObm2RORWQOa9dc,25,23.8,23.809523809523807,8.33,8.333333333333334,3,3,105,"{""1"":8,""2"":6,""3"":11}","{""1"":7,""2"":10,""3"":8}","{""1"":7,""2"":10,""3"":8}","{""1"":30,""2"":31,""3"":44}",1,7,8,6,11,7,10,8,7,10,8,30,31,44,口PANCAKE,Class 1,60,420,0,480,8.33,8.333333333333334,0,0,0
FRIENDS OR FOES,Standard,5,PAGANINI,APlTtB3VKt0P7QlbaYHA,ENVY 7 ONE,tm_ubz3oae5j,25,28.4,28.40909090909091,8,8,3,3,88,"{""1"":9,""2"":5,""3"":11}","{""1"":6,""2"":11,""3"":7}","{""1"":6,""2"":11,""3"":7}","{""1"":34,""2"":27,""3"":27}",2,8,9,5,11,6,11,7,6,11,7,34,27,27,SIX.SVN,Class 1,55,352,0,407,8.33,8.333333333333334,0,0,0
FRIENDS OR FOES,Standard,5,SWAYZE,qefoLXaT9gaO2ycKQocy,Narcissist,ukMz1QObm2RORWQOa9dc,25,23.8,23.809523809523807,8.33,8.333333333333334,3,3,105,"{""1"":4,""2"":11,""3"":10}","{""1"":7,""2"":10,""3"":8}","{""1"":7,""2"":10,""3"":8}","{""1"":30,""2"":31,""3"":44}",1,9,4,11,10,7,10,8,7,10,8,30,31,44,口ISWAYZETT,Class 1,60,420,0,480,8.33,8.333333333333334,0,0,0
FRIENDS OR FOES,Standard,5,CODGOD,dqr1RKopXDu3zfgmOqcY,VORTEX ONE,tm_4oss9tizq,24,28.2,28.235294117647058,10.67,10.666666666666666,3,3,85,"{""1"":10,""2"":14,""3"":0}","{""1"":5,""2"":6,""3"":21}","{""1"":5,""2"":6,""3"":21}","{""1"":27,""2"":56,""3"":2}",5,10,10,14,0,5,6,21,5,6,21,27,56,2,CODGOD.VRX,Class 1,55,340,0,395,8,8,0,0,0
FRIENDS OR FOES,Standard,5,COLDSKI,ZMq7kz2SSMfPugtDW1dB,KYZON ESPORTS,tm_yvpteelv4,22,34.4,34.375,14.33,14.333333333333334,3,3,64,"{""1"":7,""2"":11,""3"":4}","{""1"":12,""2"":12,""3"":19}","{""1"":12,""2"":12,""3"":19}","{""1"":26,""2"":31,""3"":7}",8,11,7,11,4,12,12,19,12,12,19,26,31,7,ҞZ・COLDSKI,Class 1,40,256,0,296,7.33,7.333333333333333,0,0,0
FRIENDS OR FOES,Standard,5,TRAUMA,mRdFfQB7p8thuw53PwWL,TEAM X,D2dU5QVY9U6g9t3bKk9C,21,31.3,31.343283582089555,5,5,3,3,67,"{""1"":10,""2"":5,""3"":6}","{""1"":2,""2"":8,""3"":5}","{""1"":2,""2"":8,""3"":5}","{""1"":38,""2"":14,""3"":15}",6,12,10,5,6,2,8,5,2,8,5,38,14,15,叶°TRAUMA,Class 1,95,268,0,363,7,7,0,0,0
FRIENDS OR FOES,Standard,5,SLY,j39wPvPuSoMq1TOb78Ih,TEAM X,D2dU5QVY9U6g9t3bKk9C,21,31.3,31.343283582089555,5,5,3,3,67,"{""1"":12,""2"":3,""3"":6}","{""1"":2,""2"":8,""3"":5}","{""1"":2,""2"":8,""3"":5}","{""1"":38,""2"":14,""3"":15}",6,13,12,3,6,2,8,5,2,8,5,38,14,15,叶°SLY,Class 1,95,268,0,363,7,7,0,0,0
FRIENDS OR FOES,Standard,5,APOLLO,tHmxoGylXYBAT5j7XhRQ,CIAO GUARDIANS,xZgUbwrDC2TK3wcpPUY3,20,71.4,71.42857142857143,12,12,3,3,28,"{""1"":6,""2"":8,""3"":6}","{""1"":1,""2"":21,""3"":14}","{""1"":1,""2"":21,""3"":14}","{""1"":22,""2"":0,""3"":6}",18,14,6,8,6,1,21,14,1,21,14,22,0,6,APOLLOYT.CHX,Class 1,70,112,0,182,6.67,6.666666666666667,0,0,0
FRIENDS OR FOES,Standard,5,NEGAN,MZpEVrmRkAAV37WP7AsF,MAIN CHARACTERS OG,tm_mgol0xhrx,20,26.7,26.666666666666668,5.33,5.333333333333333,3,3,75,"{""1"":12,""2"":1,""3"":7}","{""1"":3,""2"":2,""3"":11}","{""1"":3,""2"":2,""3"":11}","{""1"":30,""2"":20,""3"":25}",4,15,12,1,7,3,2,11,3,2,11,30,20,25,水RDM・NEGAN,Transferred In,100,300,0,400,6.67,6.666666666666667,0,0,0
FRIENDS OR FOES,Standard,5,SOG,B9K5pOOLE39QnCqnDNHY,ENVY 7 ONE,tm_ubz3oae5j,19,21.6,21.59090909090909,8,8,3,3,88,"{""1"":7,""2"":8,""3"":4}","{""1"":6,""2"":11,""3"":7}","{""1"":6,""2"":11,""3"":7}","{""1"":34,""2"":27,""3"":27}",2,16,7,8,4,6,11,7,6,11,7,34,27,27,SOG.SVN¹,Class 1,55,352,0,407,6.33,6.333333333333333,0,0,0
FRIENDS OR FOES,Standard,5,BIGTULA,qj6FOc1Z8aeEWmqUk84v,KYZON ALLIANCE,tm_3fapr2cz9,19,22.6,22.61904761904762,10,10,3,3,84,"{""1"":6,""2"":8,""3"":5}","{""1"":17,""2"":4,""3"":9}","{""1"":17,""2"":4,""3"":9}","{""1"":28,""2"":34,""3"":22}",3,17,6,8,5,17,4,9,17,4,9,28,34,22,KZ GILLIFANT,Class 1,65,336,0,401,6.33,6.333333333333333,0,0,0
FRIENDS OR FOES,Standard,5,DERAZ,pPvCKKzMoO9wgFzAq0sd,DEVELOPERS,tm_w0a02yn8h,19,33.3,33.33333333333333,14,14,3,3,57,"{""1"":9,""2"":6,""3"":4}","{""1"":9,""2"":16,""3"":17}","{""1"":9,""2"":16,""3"":17}","{""1"":21,""2"":12,""3"":24}",10,18,9,6,4,9,16,17,9,16,17,21,12,24,DERAZYT.DXV,Class 1,40,228,0,268,6.33,6.333333333333333,0,0,0
FRIENDS OR FOES,Standard,5,LAZY,Tmdfj4k7UPoE2wFXGHxJ,REMEDIUM INVICTUS,tm_kdh97vkx3,19,36.5,36.53846153846153,10,10,3,3,52,"{""1"":0,""2"":7,""3"":12}","{""1"":20,""2"":7,""3"":3}","{""1"":20,""2"":7,""3"":3}","{""1"":3,""2"":17,""3"":32}",9,19,0,7,12,20,7,3,20,7,3,3,17,32,水RDM・LAZY,Class 1,70,208,0,278,6.33,6.333333333333333,0,0,0
FRIENDS OR FOES,Standard,5,POPE,EHyRjfeTvbYD9VvE9H1H,CIAO HUNTERS X,tm_twhkzzdmf,19,30.2,30.158730158730158,8.33,8.333333333333334,3,3,63,"{""1"":0,""2"":6,""3"":13}","{""1"":21,""2"":3,""3"":1}","{""1"":21,""2"":3,""3"":1}","{""1"":2,""2"":27,""3"":34}",7,20,0,6,13,21,3,1,21,3,1,2,27,34,GENESIS¹.CHX,Class 1,95,252,0,347,6.33,6.333333333333333,0,0,0
FRIENDS OR FOES,Standard,5,WINDIGO,Y3hmYqIvBg07ApvAvtRu,MAIN CHARACTERS OG,tm_mgol0xhrx,18,24,24,5.33,5.333333333333333,3,3,75,"{""1"":10,""2"":4,""3"":4}","{""1"":3,""2"":2,""3"":11}","{""1"":3,""2"":2,""3"":11}","{""1"":30,""2"":20,""3"":25}",4,21,10,4,4,3,2,11,3,2,11,30,20,25,MC丨NASTYA,Class 1,100,300,0,400,6,6,0,0,0
FRIENDS OR FOES,Standard,5,LXST,AiwEpwWBvqiSpmaA7Huh,MERCILESS ESPORTS,tm_sip25jqm7,18,40,40,9.67,9.666666666666666,3,3,45,"{""1"":4,""2"":7,""3"":7}","{""1"":8,""2"":5,""3"":16}","{""1"":8,""2"":5,""3"":16}","{""1"":13,""2"":17,""3"":15}",14,22,4,7,7,8,5,16,8,5,16,13,17,15,MŁ・LXST,Class 1,60,180,0,240,6,6,0,0,0
FRIENDS OR FOES,Standard,5,IDIVYNE,EUVvfZ1fKDe844RVNXE2,KYZON ESPORTS,tm_yvpteelv4,17,26.6,26.5625,14.33,14.333333333333334,3,3,64,"{""1"":7,""2"":9,""3"":1}","{""1"":12,""2"":12,""3"":19}","{""1"":12,""2"":12,""3"":19}","{""1"":26,""2"":31,""3"":7}",8,23,7,9,1,12,12,19,12,12,19,26,31,7,KZ • DIVYNE,Class 1,40,256,0,296,5.67,5.666666666666667,0,0,0
FRIENDS OR FOES,Standard,5,APOSTLE,L1LKfVKd47rwlshv2vY1,CIAO HUNTERS X,tm_twhkzzdmf,17,27,26.984126984126984,8.33,8.333333333333334,3,3,63,"{""1"":1,""2"":8,""3"":8}","{""1"":21,""2"":3,""3"":1}","{""1"":21,""2"":3,""3"":1}","{""1"":2,""2"":27,""3"":34}",7,24,1,8,8,21,3,1,21,3,1,2,27,34,APOSTLEOP.CHX,Class 1,95,252,0,347,5.67,5.666666666666667,0,0,0
FRIENDS OR FOES,Standard,5,LARRYCODM,IsJGFwRijyY55ezUgJMG,VORTEX ONE,tm_4oss9tizq,17,20,20,10.67,10.666666666666666,3,3,85,"{""1"":7,""2"":10,""3"":0}","{""1"":5,""2"":6,""3"":21}","{""1"":5,""2"":6,""3"":21}","{""1"":27,""2"":56,""3"":2}",5,25,7,10,0,5,6,21,5,6,21,27,56,2,RARRI.VRX,Class 1,55,340,0,395,5.67,5.666666666666667,0,0,0
FRIENDS OR FOES,Standard,5,YUSUF,qKQQ85V7nwqlL2KDXoGl,ENVY 7 ONE,tm_ubz3oae5j,17,19.3,19.318181818181817,8,8,3,3,88,"{""1"":6,""2"":7,""3"":4}","{""1"":6,""2"":11,""3"":7}","{""1"":6,""2"":11,""3"":7}","{""1"":34,""2"":27,""3"":27}",2,26,6,7,4,6,11,7,6,11,7,34,27,27,YUSUF.SVN¹,Class 1,55,352,0,407,5.67,5.666666666666667,0,0,0
FRIENDS OR FOES,Standard,5,SHINIGAMI,WFVAap5uGud4aOIhxsKI,7G NEW TAKERS,NpKzXoJZdBhUMOLnmCxj,16,41,41.02564102564102,5.67,5.666666666666667,3,3,39,"{""1"":8,""2"":4,""3"":4}","{""1"":4,""2"":1,""3"":12}","{""1"":4,""2"":1,""3"":12}","{""1"":17,""2"":14,""3"":8}",11,27,8,4,4,4,1,12,4,1,12,17,14,8,7Ɠ・FUJIMOTO,Class 1,100,156,0,256,5.33,5.333333333333333,0,0,0
FRIENDS OR FOES,Standard,5,RUSTY,GQC099yRTvpPKG2zBXZD,⁠FAZE RAIDERS,VBWUGsiSMKIkkTYb3TSn,16,29.1,29.09090909090909,16.33,16.333333333333332,3,3,55,"{""1"":6,""2"":3,""3"":7}","{""1"":13,""2"":18,""3"":18}","{""1"":13,""2"":18,""3"":18}","{""1"":22,""2"":10,""3"":23}",13,28,6,3,7,13,18,18,13,18,18,22,10,23,ҒZ HEKI,Class 1,35,220,0,255,5.33,5.333333333333333,0,0,0
FRIENDS OR FOES,Standard,5,GIANT,hBECUtYPJyNHl9P8uRjR,⁠FAZE RAIDERS,VBWUGsiSMKIkkTYb3TSn,16,29.1,29.09090909090909,16.33,16.333333333333332,3,3,55,"{""1"":10,""2"":1,""3"":5}","{""1"":13,""2"":18,""3"":18}","{""1"":13,""2"":18,""3"":18}","{""1"":22,""2"":10,""3"":23}",13,29,10,1,5,13,18,18,13,18,18,22,10,23,ғZ MALVADO,Transferred In,35,220,0,255,5.33,5.333333333333333,0,0,0
FRIENDS OR FOES,Standard,5,ATTIEKE,0ZiIKcgXBKZnIVK3RY5b,Marines Cartel,o7Dp7knjVTxhemRjJF7R,15,37.5,37.5,9,9,3,3,40,"{""1"":4,""2"":4,""3"":7}","{""1"":10,""2"":13,""3"":4}","{""1"":10,""2"":13,""3"":4}","{""1"":10,""2"":10,""3"":20}",15,30,4,4,7,10,13,4,10,13,4,10,10,20,M7・DAVE | ¹LT,Class 1,70,160,0,230,5,5,0,0,0
FRIENDS OR FOES,Standard,5,MAYHEM,w0TDikwzq62t4ST2ZjeZ,KYZON ESPORTS,tm_yvpteelv4,15,23.4,23.4375,14.33,14.333333333333334,3,3,64,"{""1"":8,""2"":6,""3"":1}","{""1"":12,""2"":12,""3"":19}","{""1"":12,""2"":12,""3"":19}","{""1"":26,""2"":31,""3"":7}",8,31,8,6,1,12,12,19,12,12,19,26,31,7,ҞZ・APE২,Class 1,40,256,0,296,5,5,0,0,0
FRIENDS OR FOES,Standard,5,CEEJAY,p_q0z253rna,⁠FAZE RAIDERS,VBWUGsiSMKIkkTYb3TSn,15,27.3,27.27272727272727,16.33,16.333333333333332,3,3,55,"{""1"":5,""2"":5,""3"":5}","{""1"":13,""2"":18,""3"":18}","{""1"":13,""2"":18,""3"":18}","{""1"":22,""2"":10,""3"":23}",13,32,5,5,5,13,18,18,13,18,18,22,10,23,ҒZ JAPAN,Class 1,35,220,0,255,5,5,0,0,0
FRIENDS OR FOES,Standard,5,CHEF PUNK,1LO5N9nzQfk09XHoISVW,PREACHER X,tm_c0yc4xjf4,15,27.8,27.77777777777778,16.33,16.333333333333332,3,3,54,"{""1"":5,""2"":5,""3"":5}","{""1"":14,""2"":20,""3"":15}","{""1"":14,""2"":20,""3"":15}","{""1"":17,""2"":10,""3"":27}",12,33,5,5,5,14,20,15,14,20,15,17,10,27,PЯX・OBTAINER,Class 1,40,216,0,256,5,5,0,0,0
FRIENDS OR FOES,Standard,5,NURUTA,UiCvqj6uu4EoGsvi2kLs,CIAO HUNTERS X,tm_twhkzzdmf,15,23.8,23.809523809523807,8.33,8.333333333333334,3,3,63,"{""1"":1,""2"":5,""3"":9}","{""1"":21,""2"":3,""3"":1}","{""1"":21,""2"":3,""3"":1}","{""1"":2,""2"":27,""3"":34}",7,34,1,5,9,21,3,1,21,3,1,2,27,34,NURUTA.CHX,Class 1,95,252,0,347,5,5,0,0,0
FRIENDS OR FOES,Standard,5,SAVAGE,Hq5gw6eD9HnU8lTr2RHZ,FEARLESS WARRIORS,tm_rgqdo8wje,15,39.5,39.473684210526315,13.67,13.666666666666666,3,3,38,"{""1"":6,""2"":3,""3"":6}","{""1"":16,""2"":15,""3"":10}","{""1"":16,""2"":15,""3"":10}","{""1"":11,""2"":11,""3"":16}",17,35,6,3,6,16,15,10,16,15,10,11,11,16,ƑW・SAVAGEYT,Class 1,45,152,0,197,5,5,0,0,0
FRIENDS OR FOES,Standard,5,JOJO,T2sK7jSZkJqKgLswvF1g,REMEDIUM INVICTUS,tm_kdh97vkx3,14,26.9,26.923076923076923,10,10,3,3,52,"{""1"":2,""2"":5,""3"":7}","{""1"":20,""2"":7,""3"":3}","{""1"":20,""2"":7,""3"":3}","{""1"":3,""2"":17,""3"":32}",9,36,2,5,7,20,7,3,20,7,3,3,17,32,水RDM・JOJO,Class 1,70,208,0,278,4.67,4.666666666666667,0,0,0
FRIENDS OR FOES,Standard,5,SAMMY,CRgmZpi6YPL39TOInRBz,REMEDIUM INVICTUS,tm_kdh97vkx3,14,26.9,26.923076923076923,10,10,3,3,52,"{""1"":1,""2"":4,""3"":9}","{""1"":20,""2"":7,""3"":3}","{""1"":20,""2"":7,""3"":3}","{""1"":3,""2"":17,""3"":32}",9,37,1,4,9,20,7,3,20,7,3,3,17,32,水RDM • SAMMY.+,Class 1,70,208,0,278,4.67,4.666666666666667,0,0,0
FRIENDS OR FOES,Standard,5,AIMBOTONIPAD,bNNoVfpqP2dN4eICglng,KYZON ALLIANCE,tm_3fapr2cz9,13,15.5,15.476190476190476,10,10,3,3,84,"{""1"":5,""2"":6,""3"":2}","{""1"":17,""2"":4,""3"":9}","{""1"":17,""2"":4,""3"":9}","{""1"":28,""2"":34,""3"":22}",3,38,5,6,2,17,4,9,17,4,9,28,34,22,ҞZ GRYPHON,Class 1,65,336,0,401,4.33,4.333333333333333,0,0,0
FRIENDS OR FOES,Standard,5,A1,VOElYffXxZkcpmPLe4T4,MERCILESS ESPORTS,tm_sip25jqm7,13,28.9,28.888888888888886,9.67,9.666666666666666,3,3,45,"{""1"":4,""2"":4,""3"":5}","{""1"":8,""2"":5,""3"":16}","{""1"":8,""2"":5,""3"":16}","{""1"":13,""2"":17,""3"":15}",14,39,4,4,5,8,5,16,8,5,16,13,17,15,MŁ • A1,Class 1,60,180,0,240,4.33,4.333333333333333,0,0,0
FRIENDS OR FOES,Standard,5,YAMII,JEnWA5TkFzeJpFKvyVQA,PREACHER X,tm_c0yc4xjf4,13,24.1,24.074074074074073,16.33,16.333333333333332,3,3,54,"{""1"":2,""2"":3,""3"":8}","{""1"":14,""2"":20,""3"":15}","{""1"":14,""2"":20,""3"":15}","{""1"":17,""2"":10,""3"":27}",12,40,2,3,8,14,20,15,14,20,15,17,10,27,PЯX・YAMII,Class 1,40,216,0,256,4.33,4.333333333333333,0,0,0
FRIENDS OR FOES,Standard,5,DFW,n72Tu2HiBOwdIesxFG6d,PREACHER X,tm_c0yc4xjf4,13,24.1,24.074074074074073,16.33,16.333333333333332,3,3,54,"{""1"":5,""2"":1,""3"":7}","{""1"":14,""2"":20,""3"":15}","{""1"":14,""2"":20,""3"":15}","{""1"":17,""2"":10,""3"":27}",12,41,5,1,7,14,20,15,14,20,15,17,10,27,PЯX・DFW,Class 1,40,216,0,256,4.33,4.333333333333333,0,0,0
FRIENDS OR FOES,Standard,5,ALLFATHER,eZr86KcPlEoSTarsNbR0,TEAM X,D2dU5QVY9U6g9t3bKk9C,13,19.4,19.402985074626866,5,5,3,3,67,"{""1"":9,""2"":3,""3"":1}","{""1"":2,""2"":8,""3"":5}","{""1"":2,""2"":8,""3"":5}","{""1"":38,""2"":14,""3"":15}",6,42,9,3,1,2,8,5,2,8,5,38,14,15,叶°MP-0,Class 1,95,268,0,363,4.33,4.333333333333333,0,0,0
FRIENDS OR FOES,Standard,5,LAN,FvWvZtGG7YSLiq17ZCtE,YVL ZENITH,9QcWKHtOAOLOrVMJNE0C,12,34.3,34.285714285714285,12.33,12.333333333333334,3,3,35,"{""1"":3,""2"":1,""3"":8}","{""1"":18,""2"":17,""3"":2}","{""1"":18,""2"":17,""3"":2}","{""1"":8,""2"":6,""3"":21}",16,43,3,1,8,18,17,2,18,17,2,8,6,21,yvlゝ LAN,Transferred In,65,140,0,205,4,4,0,0,0
FRIENDS OR FOES,Standard,5,JOZZY,FdJ3rIlmedcTFhzRruvA,DEVELOPERS,tm_w0a02yn8h,12,21.1,21.052631578947366,14,14,3,3,57,"{""1"":3,""2"":3,""3"":6}","{""1"":9,""2"":16,""3"":17}","{""1"":9,""2"":16,""3"":17}","{""1"":21,""2"":12,""3"":24}",10,44,3,3,6,9,16,17,9,16,17,21,12,24,BLADE.DXV,Class 1,40,228,0,268,4,4,0,0,0
FRIENDS OR FOES,Standard,5,MAUS,kUOdoGK7ff8eYeZgwvXq,TEAM X,D2dU5QVY9U6g9t3bKk9C,12,17.9,17.91044776119403,5,5,3,3,67,"{""1"":7,""2"":3,""3"":2}","{""1"":2,""2"":8,""3"":5}","{""1"":2,""2"":8,""3"":5}","{""1"":38,""2"":14,""3"":15}",6,45,7,3,2,2,8,5,2,8,5,38,14,15,叶°MAUS,Class 1,95,268,0,363,4,4,0,0,0
FRIENDS OR FOES,Standard,5,TOLU MARTINS,qiDPTJl18fmW4r6n11Pr,CIAO HUNTERS X,tm_twhkzzdmf,12,19,19.047619047619047,8.33,8.333333333333334,3,3,63,"{""1"":0,""2"":8,""3"":4}","{""1"":21,""2"":3,""3"":1}","{""1"":21,""2"":3,""3"":1}","{""1"":2,""2"":27,""3"":34}",7,46,0,8,4,21,3,1,21,3,1,2,27,34,ROMANS1:18.CHX,Class 1,95,252,0,347,4,4,0,0,0
FRIENDS OR FOES,Standard,5,GB CRYPTO,OxMhCUSkyAT0LrziaNDP,GOAT ESPORT,tm_ws9x2fl5b,12,37.5,37.5,16.67,16.666666666666668,3,3,32,"{""1"":8,""2"":4,""3"":0}","{""1"":11,""2"":19,""3"":20}","{""1"":11,""2"":19,""3"":20}","{""1"":21,""2"":11,""3"":0}",20,47,8,4,0,11,19,20,11,19,20,21,11,0,毒GOAT CRYPTO,Class 1,35,128,0,163,4,4,0,0,0
FRIENDS OR FOES,Standard,5,NANAYAW,tX7GCLJJ61u8bLkRroBP,GOAT ESPORT,tm_ws9x2fl5b,12,37.5,37.5,16.67,16.666666666666668,3,3,32,"{""1"":9,""2"":3,""3"":0}","{""1"":11,""2"":19,""3"":20}","{""1"":11,""2"":19,""3"":20}","{""1"":21,""2"":11,""3"":0}",20,48,9,3,0,11,19,20,11,19,20,21,11,0,毒GOAT GOAT,Class 1,35,128,0,163,4,4,0,0,0
FRIENDS OR FOES,Standard,5,SNAKE,Cd8QlNwfF9c1FQo5dC2l,MERCILESS ESPORTS,tm_sip25jqm7,11,24.4,24.444444444444443,9.67,9.666666666666666,3,3,45,"{""1"":3,""2"":5,""3"":3}","{""1"":8,""2"":5,""3"":16}","{""1"":8,""2"":5,""3"":16}","{""1"":13,""2"":17,""3"":15}",14,49,3,5,3,8,5,16,8,5,16,13,17,15,ML • SNAKE,Class 1,60,180,0,240,3.67,3.6666666666666665,0,0,0
FRIENDS OR FOES,Standard,5,NAGDY,yFIWbCiDqV5ohHdVZoW9,VORTEX ONE,tm_4oss9tizq,11,12.9,12.941176470588237,10.67,10.666666666666666,2,3,85,"{""2"":10,""3"":1}","{""2"":6,""3"":21}","{""1"":5,""2"":6,""3"":21}","{""1"":27,""2"":56,""3"":2}",5,50,,10,1,,6,21,5,6,21,27,56,2,NAGDY.VRX,Class 1,55,340,0,395,5.5,5.5,0,0,0
FRIENDS OR FOES,Standard,5,RAYSARK,8FLaRdZhys6KFQ4Ds2YV,7G NEW TAKERS,NpKzXoJZdBhUMOLnmCxj,11,28.2,28.205128205128204,5.67,5.666666666666667,3,3,39,"{""1"":5,""2"":5,""3"":1}","{""1"":4,""2"":1,""3"":12}","{""1"":4,""2"":1,""3"":12}","{""1"":17,""2"":14,""3"":8}",11,51,5,5,1,4,1,12,4,1,12,17,14,8,7Ɠ・0,Class 1,100,156,0,256,3.67,3.6666666666666665,0,0,0
FRIENDS OR FOES,Standard,5,FAZZY,AHbzUpq8xHnx1391KBuT,Marines Cartel,o7Dp7knjVTxhemRjJF7R,11,27.5,27.500000000000004,9,9,3,3,40,"{""1"":3,""2"":2,""3"":6}","{""1"":10,""2"":13,""3"":4}","{""1"":10,""2"":13,""3"":4}","{""1"":10,""2"":10,""3"":20}",15,52,3,2,6,10,13,4,10,13,4,10,10,20,¹LT | FAZZY,Class 1,70,160,0,230,3.67,3.6666666666666665,0,0,0
FRIENDS OR FOES,Standard,5,TGEE,y2YUNpxJGXpPnWUgTEpV,YVL ZENITH,9QcWKHtOAOLOrVMJNE0C,11,31.4,31.428571428571427,12.33,12.333333333333334,3,3,35,"{""1"":2,""2"":2,""3"":7}","{""1"":18,""2"":17,""3"":2}","{""1"":18,""2"":17,""3"":2}","{""1"":8,""2"":6,""3"":21}",16,53,2,2,7,18,17,2,18,17,2,8,6,21,RX•INK,Transferred In,65,140,0,205,3.67,3.6666666666666665,0,0,0
FRIENDS OR FOES,Standard,5,INDIGO,zp3jg9OOxd217vbYIoBu,7G NEW TAKERS,NpKzXoJZdBhUMOLnmCxj,10,25.6,25.64102564102564,5.67,5.666666666666667,3,3,39,"{""1"":2,""2"":5,""3"":3}","{""1"":4,""2"":1,""3"":12}","{""1"":4,""2"":1,""3"":12}","{""1"":17,""2"":14,""3"":8}",11,54,2,5,3,4,1,12,4,1,12,17,14,8,7Ɠ・INÐIGØ,Class 1,100,156,0,256,3.33,3.3333333333333335,0,0,0
FRIENDS OR FOES,Standard,5,RELAX OG,OKrAHDFNWaCteQUIc2bK,FEARLESS WARRIORS,tm_rgqdo8wje,10,26.3,26.31578947368421,13.67,13.666666666666666,3,3,38,"{""1"":2,""2"":4,""3"":4}","{""1"":16,""2"":15,""3"":10}","{""1"":16,""2"":15,""3"":10}","{""1"":11,""2"":11,""3"":16}",17,55,2,4,4,16,15,10,16,15,10,11,11,16,ƑW・ƦELAXOG۶,Class 1,45,152,0,197,3.33,3.3333333333333335,0,0,0
FRIENDS OR FOES,Standard,5,GENIUS,uuEZBl8ygzwctHZbKjGV,KYZON ESPORTS,tm_yvpteelv4,10,15.6,15.625,14.33,14.333333333333334,3,3,64,"{""1"":4,""2"":5,""3"":1}","{""1"":12,""2"":12,""3"":19}","{""1"":12,""2"":12,""3"":19}","{""1"":26,""2"":31,""3"":7}",8,56,4,5,1,12,12,19,12,12,19,26,31,7,ҞZ • GENIUS ২,Class 1,40,256,0,296,3.33,3.3333333333333335,0,0,0
FRIENDS OR FOES,Standard,5,BH GREY,9WczEt0mrYEQoeKfntMO,BROTHERHOOD,ORtlxzvsOKPEjdtaekig,10,34.5,34.48275862068966,11.33,11.333333333333334,3,3,29,"{""1"":1,""2"":4,""3"":5}","{""1"":19,""2"":9,""3"":6}","{""1"":19,""2"":9,""3"":6}","{""1"":2,""2"":8,""3"":19}",19,57,1,4,5,19,9,6,19,9,6,2,8,19,BH GREY,Registered,50,116,0,166,3.33,3.3333333333333335,0,0,0
FRIENDS OR FOES,Standard,5,BETROWOLF,ZE8R7Mty1GmpwwhIBgxF,CIAO GUARDIANS,xZgUbwrDC2TK3wcpPUY3,9,32.1,32.142857142857146,12,12,3,3,28,"{""1"":6,""2"":0,""3"":3}","{""1"":1,""2"":21,""3"":14}","{""1"":1,""2"":21,""3"":14}","{""1"":22,""2"":0,""3"":6}",18,58,6,0,3,1,21,14,1,21,14,22,0,6,BETROYT۶.CHX,Class 1,70,112,0,182,3,3,0,0,0
FRIENDS OR FOES,Standard,5,LIONFACE,PMOZmTbjtV7Jea8FMW8Y,Marines Cartel,o7Dp7knjVTxhemRjJF7R,9,22.5,22.5,9,9,3,3,40,"{""1"":1,""2"":3,""3"":5}","{""1"":10,""2"":13,""3"":4}","{""1"":10,""2"":13,""3"":4}","{""1"":10,""2"":10,""3"":20}",15,59,1,3,5,10,13,4,10,13,4,10,10,20,¹LT丨DADYLION,Class 1,70,160,0,230,3,3,0,0,0
FRIENDS OR FOES,Standard,5,MICHAEL,8hYOt0XXhRZHBESjFoAH,BROTHERHOOD,ORtlxzvsOKPEjdtaekig,9,31,31.03448275862069,11.33,11.333333333333334,3,3,29,"{""1"":1,""2"":1,""3"":7}","{""1"":19,""2"":9,""3"":6}","{""1"":19,""2"":9,""3"":6}","{""1"":2,""2"":8,""3"":19}",19,60,1,1,7,19,9,6,19,9,6,2,8,19,BH | MR MIKE,Class 1,50,116,0,166,3,3,0,0,0
FRIENDS OR FOES,Standard,5,FEEZYYT,l3vxxu4J4YVLLtpydbiX,MAIN CHARACTERS OG,tm_mgol0xhrx,9,12,12,5.33,5.333333333333333,3,3,75,"{""1"":1,""2"":5,""3"":3}","{""1"":3,""2"":2,""3"":11}","{""1"":3,""2"":2,""3"":11}","{""1"":30,""2"":20,""3"":25}",4,61,1,5,3,3,2,11,3,2,11,30,20,25,FEEZYYYT丨MC,Class 1,100,300,0,400,3,3,0,0,0
FRIENDS OR FOES,Standard,5,MR P,kl2hoTAKjBPgfOMMvkKH,DEVELOPERS,tm_w0a02yn8h,9,15.8,15.789473684210526,14,14,1,3,57,"{""3"":9}","{""3"":17}","{""1"":9,""2"":16,""3"":17}","{""1"":21,""2"":12,""3"":24}",10,62,,,9,,,17,9,16,17,21,12,24,ARTETA.DXV,Class 1,40,228,0,268,9,9,0,0,0
FRIENDS OR FOES,Standard,5,VENOM,STmUpiwkCk5ybUeJJAAW,CIAO GUARDIANS,xZgUbwrDC2TK3wcpPUY3,8,28.6,28.57142857142857,12,12,2,3,28,"{""1"":8,""2"":0}","{""1"":1,""2"":21}","{""1"":1,""2"":21,""3"":14}","{""1"":22,""2"":0,""3"":6}",18,63,8,0,,1,21,,1,21,14,22,0,6,VENOMYT.CHX,Class 1,70,112,0,182,4,4,0,0,0
FRIENDS OR FOES,Standard,5,NAGATO,4drN06J7VhcUWU1ydASK,⁠FAZE RAIDERS,VBWUGsiSMKIkkTYb3TSn,8,14.5,14.545454545454545,16.33,16.333333333333332,3,3,55,"{""1"":1,""2"":1,""3"":6}","{""1"":13,""2"":18,""3"":18}","{""1"":13,""2"":18,""3"":18}","{""1"":22,""2"":10,""3"":23}",13,64,1,1,6,13,18,18,13,18,18,22,10,23,ҒZ ANIZ,Class 1,35,220,0,255,2.67,2.6666666666666665,0,0,0
FRIENDS OR FOES,Standard,5,MOVEMENT,zbgasCEzQ3XBmq26KwCr,DEVELOPERS,tm_w0a02yn8h,8,14,14.035087719298245,14,14,2,3,57,"{""2"":3,""3"":5}","{""2"":16,""3"":17}","{""1"":9,""2"":16,""3"":17}","{""1"":21,""2"":12,""3"":24}",10,65,,3,5,,16,17,9,16,17,21,12,24,MOVEMENT..DXV,Class 1,40,228,0,268,4,4,0,0,0
FRIENDS OR FOES,Standard,5,MXNIAC,TbGmnsma5nuwWfiUl3FL,FEARLESS ULTIMATE,QXr3HX0HM3Rf35A0UKUN,7,30.4,30.434782608695656,14,14,3,3,23,"{""1"":4,""2"":0,""3"":3}","{""1"":15,""2"":14,""3"":13}","{""1"":15,""2"":14,""3"":13}","{""1"":7,""2"":9,""3"":7}",21,66,4,0,3,15,14,13,15,14,13,7,9,7,ƑW・MXNIAC,Class 1,45,92,0,137,2.33,2.3333333333333335,0,0,0
FRIENDS OR FOES,Standard,5,SUSBEAMS,0OJhItNagyO2mf8AdYji,BROTHERHOOD,ORtlxzvsOKPEjdtaekig,7,24.1,24.137931034482758,11.33,11.333333333333334,3,3,29,"{""1"":0,""2"":2,""3"":5}","{""1"":19,""2"":9,""3"":6}","{""1"":19,""2"":9,""3"":6}","{""1"":2,""2"":8,""3"":19}",19,67,0,2,5,19,9,6,19,9,6,2,8,19,Bh_susbeams,Transferred In,50,116,0,166,2.33,2.3333333333333335,0,0,0
FRIENDS OR FOES,Standard,5,ROGUE,r7ePhyqUmojwCVE0MNwB,FEARLESS ULTIMATE,QXr3HX0HM3Rf35A0UKUN,7,30.4,30.434782608695656,14,14,3,3,23,"{""1"":2,""2"":4,""3"":1}","{""1"":15,""2"":14,""3"":13}","{""1"":15,""2"":14,""3"":13}","{""1"":7,""2"":9,""3"":7}",21,68,2,4,1,15,14,13,15,14,13,7,9,7,ƑW・ওSHADOW,Class 1,45,92,0,137,2.33,2.3333333333333335,0,0,0
FRIENDS OR FOES,Standard,5,TOM,hxHrnWldh81VX3Ygl3kw,PREACHER X,tm_c0yc4xjf4,7,13,12.962962962962962,16.33,16.333333333333332,2,3,54,"{""2"":0,""3"":7}","{""2"":20,""3"":15}","{""1"":14,""2"":20,""3"":15}","{""1"":17,""2"":10,""3"":27}",12,69,,0,7,,20,15,14,20,15,17,10,27,PЯX・TOMSKI,Class 1,40,216,0,256,3.5,3.5,0,0,0
FRIENDS OR FOES,Standard,5,PHILIP MELO,gybDsWbwIY4s0wRh2Nj4,FEARLESS WARRIORS,tm_rgqdo8wje,7,18.4,18.421052631578945,13.67,13.666666666666666,3,3,38,"{""1"":1,""2"":2,""3"":4}","{""1"":16,""2"":15,""3"":10}","{""1"":16,""2"":15,""3"":10}","{""1"":11,""2"":11,""3"":16}",17,70,1,2,4,16,15,10,16,15,10,11,11,16,ƑW・MELO,Class 1,45,152,0,197,2.33,2.3333333333333335,0,0,0
FRIENDS OR FOES,Standard,5,ZINOPLAYS,yWni6juo4WjqiGJF3jyo,CIAO GUARDIANS,xZgUbwrDC2TK3wcpPUY3,7,25,25,12,12,2,3,28,"{""1"":7,""3"":0}","{""1"":1,""3"":14}","{""1"":1,""2"":21,""3"":14}","{""1"":22,""2"":0,""3"":6}",18,71,7,,0,1,,14,1,21,14,22,0,6,ZPYT۶.CHX,Class 1,70,112,0,182,3.5,3.5,0,0,0
FRIENDS OR FOES,Standard,5,TRYING,PoZ1r7UYNb4ferMN4h0R,YVL ZENITH,9QcWKHtOAOLOrVMJNE0C,7,20,20,12.33,12.333333333333334,3,3,35,"{""1"":1,""2"":2,""3"":4}","{""1"":18,""2"":17,""3"":2}","{""1"":18,""2"":17,""3"":2}","{""1"":8,""2"":6,""3"":21}",16,72,1,2,4,18,17,2,18,17,2,8,6,21,٧VLゝOLA,Class 1,65,140,0,205,2.33,2.3333333333333335,0,0,0
FRIENDS OR FOES,Standard,5,LUDGER,PQAripc5A3a7tOZ5qHrY,FEARLESS WARRIORS,tm_rgqdo8wje,6,15.8,15.789473684210526,13.67,13.666666666666666,3,3,38,"{""1"":2,""2"":2,""3"":2}","{""1"":16,""2"":15,""3"":10}","{""1"":16,""2"":15,""3"":10}","{""1"":11,""2"":11,""3"":16}",17,73,2,2,2,16,15,10,16,15,10,11,11,16,ZN SKY・ƑW,Class 1,45,152,0,197,2,2,0,0,0
FRIENDS OR FOES,Standard,5,STIMRUSKI,p5EHMys5nSlc36BtJXoK,PREACHER X,tm_c0yc4xjf4,6,11.1,11.11111111111111,16.33,16.333333333333332,2,3,54,"{""1"":5,""2"":1}","{""1"":14,""2"":20}","{""1"":14,""2"":20,""3"":15}","{""1"":17,""2"":10,""3"":27}",12,74,5,1,,14,20,,14,20,15,17,10,27,PЯX・ STIMRUSKI,Class 1,40,216,0,256,3,3,0,0,0
FRIENDS OR FOES,Standard,5,DANIEL,2hoGdFkIX9KrsMSafUIB,FEARLESS ULTIMATE,QXr3HX0HM3Rf35A0UKUN,5,21.7,21.73913043478261,14,14,3,3,23,"{""1"":1,""2"":1,""3"":3}","{""1"":15,""2"":14,""3"":13}","{""1"":15,""2"":14,""3"":13}","{""1"":7,""2"":9,""3"":7}",21,75,1,1,3,15,14,13,15,14,13,7,9,7,ƑW・X TA C,Class 1,45,92,0,137,1.67,1.6666666666666667,0,0,0
FRIENDS OR FOES,Standard,5,SUSMEDIC,qNv71p42rEEps23BrUvF,REMEDIUM INVICTUS,tm_kdh97vkx3,5,9.6,9.615384615384617,10,10,3,3,52,"{""1"":0,""2"":1,""3"":4}","{""1"":20,""2"":7,""3"":3}","{""1"":20,""2"":7,""3"":3}","{""1"":3,""2"":17,""3"":32}",9,76,0,1,4,20,7,3,20,7,3,3,17,32,水RDM・MEDIC,Class 1,70,208,0,278,1.67,1.6666666666666667,0,0,0
FRIENDS OR FOES,Standard,5,H,1p147F2F2H3SBlfhv9jn,Marines Cartel,o7Dp7knjVTxhemRjJF7R,5,12.5,12.5,9,9,3,3,40,"{""1"":2,""2"":1,""3"":2}","{""1"":10,""2"":13,""3"":4}","{""1"":10,""2"":13,""3"":4}","{""1"":10,""2"":10,""3"":20}",15,77,2,1,2,10,13,4,10,13,4,10,10,20,ƝW~H | ¹LT,Class 1,70,160,0,230,1.67,1.6666666666666667,0,0,0
FRIENDS OR FOES,Standard,5,ODOGWU,EL0jkB2u1HR36UhBAUWa,DEVELOPERS,tm_w0a02yn8h,5,8.8,8.771929824561402,14,14,2,3,57,"{""1"":5,""2"":0}","{""1"":9,""2"":16}","{""1"":9,""2"":16,""3"":17}","{""1"":21,""2"":12,""3"":24}",10,78,5,0,,9,16,,9,16,17,21,12,24,AALIYAH.DXV,Class 1,40,228,0,268,2.5,2.5,0,0,0
FRIENDS OR FOES,Standard,5,CHIKE,WP7wn4jjPa6n4busZVnT,GOAT ESPORT,tm_ws9x2fl5b,4,12.5,12.5,16.67,16.666666666666668,3,3,32,"{""1"":3,""2"":1,""3"":0}","{""1"":11,""2"":19,""3"":20}","{""1"":11,""2"":19,""3"":20}","{""1"":21,""2"":11,""3"":0}",20,79,3,1,0,11,19,20,11,19,20,21,11,0,毒GOAT CHIKE,Class 1,35,128,0,163,1.33,1.3333333333333333,0,0,0
FRIENDS OR FOES,Standard,5,POISON,QZIn6rAU2CGPFbGbQu4v,GOAT ESPORT,tm_ws9x2fl5b,4,12.5,12.5,16.67,16.666666666666668,3,3,32,"{""1"":1,""2"":3,""3"":0}","{""1"":11,""2"":19,""3"":20}","{""1"":11,""2"":19,""3"":20}","{""1"":21,""2"":11,""3"":0}",20,80,1,3,0,11,19,20,11,19,20,21,11,0,毒GOAT SHUSH,Class 1,35,128,0,163,1.33,1.3333333333333333,0,0,0
FRIENDS OR FOES,Standard,5,SWEET,uNBiS0JpsyP3FeuQXkU7,FEARLESS ULTIMATE,QXr3HX0HM3Rf35A0UKUN,4,17.4,17.391304347826086,14,14,3,3,23,"{""1"":0,""2"":4,""3"":0}","{""1"":15,""2"":14,""3"":13}","{""1"":15,""2"":14,""3"":13}","{""1"":7,""2"":9,""3"":7}",21,81,0,4,0,15,14,13,15,14,13,7,9,7,ƑW・BIGSWEET,Class 1,45,92,0,137,1.33,1.3333333333333333,0,0,0
FRIENDS OR FOES,Standard,5,YAGAMI,Bx7S0iZlMNevEE4eXnqz,VORTEX ONE,tm_4oss9tizq,4,4.7,4.705882352941177,10.67,10.666666666666666,1,3,85,"{""1"":4}","{""1"":5}","{""1"":5,""2"":6,""3"":21}","{""1"":27,""2"":56,""3"":2}",5,82,4,,,5,,,5,6,21,27,56,2,QTR YAGA.VRX,Class 1,55,340,0,395,4,4,0,0,0
FRIENDS OR FOES,Standard,5,LYON,rsul2CWwdEzEvzuOnnFu,DEVELOPERS,tm_w0a02yn8h,4,7,7.017543859649122,14,14,1,3,57,"{""1"":4}","{""1"":9}","{""1"":9,""2"":16,""3"":17}","{""1"":21,""2"":12,""3"":24}",10,83,4,,,9,,,9,16,17,21,12,24,CHASE.DXV,Class 1,40,228,0,268,4,4,0,0,0
FRIENDS OR FOES,Standard,5,ITXNY,Q0fJtKuQbSeRP1X3TvMA,BROTHERHOOD,ORtlxzvsOKPEjdtaekig,3,10.3,10.344827586206897,11.33,11.333333333333334,3,3,29,"{""1"":0,""2"":1,""3"":2}","{""1"":19,""2"":9,""3"":6}","{""1"":19,""2"":9,""3"":6}","{""1"":2,""2"":8,""3"":19}",19,84,0,1,2,19,9,6,19,9,6,2,8,19,BH MESSI,Class 1,50,116,0,166,1,1,0,0,0
FRIENDS OR FOES,Standard,5,QUAVOOYT,X99tCChq00z9qNYp8vVM,MERCILESS ESPORTS,tm_sip25jqm7,3,6.7,6.666666666666667,9.67,9.666666666666666,3,3,45,"{""1"":2,""2"":1,""3"":0}","{""1"":8,""2"":5,""3"":16}","{""1"":8,""2"":5,""3"":16}","{""1"":13,""2"":17,""3"":15}",14,85,2,1,0,8,5,16,8,5,16,13,17,15,MŁ • QUAVO,Class 1,60,180,0,240,1,1,0,0,0
FRIENDS OR FOES,Standard,5,KANSA,k9nyT6GjcJmeaURwI6rr,CIAO GUARDIANS,xZgUbwrDC2TK3wcpPUY3,3,10.7,10.714285714285714,12,12,3,3,28,"{""1"":1,""2"":0,""3"":2}","{""1"":1,""2"":21,""3"":14}","{""1"":1,""2"":21,""3"":14}","{""1"":22,""2"":0,""3"":6}",18,86,1,0,2,1,21,14,1,21,14,22,0,6,YAS.CHX,Class 1,70,112,0,182,1,1,0,0,0
FRIENDS OR FOES,Standard,5,TORUSKI,JS1VnLDlLbM6yIBFzo0u,YVL ZENITH,9QcWKHtOAOLOrVMJNE0C,3,8.6,8.571428571428571,12.33,12.333333333333334,2,3,35,"{""1"":2,""2"":1}","{""1"":18,""2"":17}","{""1"":18,""2"":17,""3"":2}","{""1"":8,""2"":6,""3"":21}",16,87,2,1,,18,17,,18,17,2,8,6,21,YVLゝDГ. Ƭ,Class 1,65,140,0,205,1.5,1.5,0,0,0
FRIENDS OR FOES,Standard,5,NIEL,HllRAi3xdKU7I8tCNB6B,7G NEW TAKERS,NpKzXoJZdBhUMOLnmCxj,2,5.1,5.128205128205128,5.67,5.666666666666667,3,3,39,"{""1"":2,""2"":0,""3"":0}","{""1"":4,""2"":1,""3"":12}","{""1"":4,""2"":1,""3"":12}","{""1"":17,""2"":14,""3"":8}",11,88,2,0,0,4,1,12,4,1,12,17,14,8,7Ɠ・NIEL?,Class 1,100,156,0,256,0.67,0.6666666666666666,0,0,0
FRIENDS OR FOES,Standard,5,REACHER,wyrK9RX0czI2aidGBDd3,YVL ZENITH,9QcWKHtOAOLOrVMJNE0C,2,5.7,5.714285714285714,12.33,12.333333333333334,1,3,35,"{""3"":2}","{""3"":2}","{""1"":18,""2"":17,""3"":2}","{""1"":8,""2"":6,""3"":21}",16,89,,,2,,,2,18,17,2,8,6,21,YVLゝREACHER,Class 1,65,140,0,205,2,2,0,0,0
FRIENDS OR FOES,Standard,5,STEYNTT,QbdL2ROba57WR1rfaKST,CIAO GUARDIANS,xZgUbwrDC2TK3wcpPUY3,1,3.6,3.571428571428571,12,12,1,3,28,"{""3"":1}","{""3"":14}","{""1"":1,""2"":21,""3"":14}","{""1"":22,""2"":0,""3"":6}",18,90,,,1,,,14,1,21,14,22,0,6,Ƙ STEYNTT.CHX,Class 1,70,112,0,182,1,1,0,0,0
FRIENDS OR FOES,Standard,6,REBORNKUTIGAMING,FZVIafWRLP5NJH3ZDtCO,REMEDIUM INVICTUS,tm_kdh97vkx3,37,40.2,40.21739130434783,4,4,3,3,92,"{""1"":15,""2"":7,""3"":15}","{""1"":7,""2"":1,""3"":4}","{""1"":7,""2"":1,""3"":4}","{""1"":31,""2"":22,""3"":39}",1,1,15,7,15,7,1,4,7,1,4,31,22,39,水RDM • R-KUTI,Transferred In,105,368,0,473,12.33,12.333333333333334,0,0,0
FRIENDS OR FOES,Standard,6,CODGHOST,AZdZ5MvPMJMZep4m3bBN,Narcissist,ukMz1QObm2RORWQOa9dc,34,36.2,36.17021276595745,7,7,3,3,94,"{""1"":8,""2"":18,""3"":8}","{""1"":12,""2"":3,""3"":6}","{""1"":12,""2"":3,""3"":6}","{""1"":20,""2"":41,""3"":33}",3,2,8,18,8,12,3,6,12,3,6,20,41,33,口7,Class 1,75,376,0,451,11.33,11.333333333333334,0,0,0
FRIENDS OR FOES,Standard,6,BRANDON,rrHKtFIklquwAlLsk8vF,Narcissist,ukMz1QObm2RORWQOa9dc,34,36.2,36.17021276595745,7,7,3,3,94,"{""1"":12,""2"":10,""3"":12}","{""1"":12,""2"":3,""3"":6}","{""1"":12,""2"":3,""3"":6}","{""1"":20,""2"":41,""3"":33}",3,3,12,10,12,12,3,6,12,3,6,20,41,33,口PANCAKE,Class 1,75,376,0,451,11.33,11.333333333333334,0,0,0
FRIENDS OR FOES,Standard,6,TRYING,PoZ1r7UYNb4ferMN4h0R,YVL ZENITH,9QcWKHtOAOLOrVMJNE0C,32,84.2,84.21052631578947,17,17,3,3,38,"{""1"":16,""2"":0,""3"":16}","{""1"":20,""2"":19,""3"":12}","{""1"":20,""2"":19,""3"":12}","{""1"":7,""2"":0,""3"":31}",14,4,16,0,16,20,19,12,20,19,12,7,0,31,٧VLゝOLA,Class 1,35,152,0,187,10.67,10.666666666666666,0,0,0
FRIENDS OR FOES,Standard,6,DEMON,NiT6GePQhD8XyqSCmuMI,PREACHER X,tm_c0yc4xjf4,32,34.8,34.78260869565217,6.33,6.333333333333333,3,3,92,"{""1"":11,""2"":10,""3"":11}","{""1"":4,""2"":10,""3"":5}","{""1"":4,""2"":10,""3"":5}","{""1"":28,""2"":37,""3"":27}",2,5,11,10,11,4,10,5,4,10,5,28,37,27,PЯX・OLUOMO,Class 1,85,368,0,453,10.67,10.666666666666666,0,0,0
FRIENDS OR FOES,Standard,6,TOM,hxHrnWldh81VX3Ygl3kw,PREACHER X,tm_c0yc4xjf4,31,33.7,33.69565217391305,6.33,6.333333333333333,3,3,92,"{""1"":10,""2"":11,""3"":10}","{""1"":4,""2"":10,""3"":5}","{""1"":4,""2"":10,""3"":5}","{""1"":28,""2"":37,""3"":27}",2,6,10,11,10,4,10,5,4,10,5,28,37,27,PЯX・TOMSKI,Class 1,85,368,0,453,10.33,10.333333333333334,0,0,0
FRIENDS OR FOES,Standard,6,GAARA,frAw1ZokwwidsPGWguSM,ENVY 7 ONE,tm_ubz3oae5j,31,37.3,37.34939759036144,8.67,8.666666666666666,3,3,83,"{""1"":11,""2"":9,""3"":11}","{""1"":8,""2"":8,""3"":10}","{""1"":8,""2"":8,""3"":10}","{""1"":28,""2"":21,""3"":34}",6,7,11,9,11,8,8,10,8,8,10,28,21,34,GAARA.SVN¹,Class 1,60,332,0,392,10.33,10.333333333333334,0,0,0
FRIENDS OR FOES,Standard,6,ICONIC,Bupc8GCd3yBuLtWbFou4,KYZON ALLIANCE,tm_3fapr2cz9,30,46.2,46.15384615384615,3.33,3.3333333333333335,3,3,65,"{""1"":12,""2"":6,""3"":12}","{""1"":6,""2"":2,""3"":2}","{""1"":6,""2"":2,""3"":2}","{""1"":20,""2"":13,""3"":32}",7,8,12,6,12,6,2,2,6,2,2,20,13,32,KZ GIANNA,Class 1,110,260,0,370,10,10,0,0,0
FRIENDS OR FOES,Standard,6,SAVAGE,Hq5gw6eD9HnU8lTr2RHZ,FEARLESS WARRIORS,tm_rgqdo8wje,25,32.1,32.05128205128205,6.33,6.333333333333333,3,3,78,"{""1"":9,""2"":7,""3"":9}","{""1"":3,""2"":13,""3"":3}","{""1"":3,""2"":13,""3"":3}","{""1"":28,""2"":22,""3"":28}",4,9,9,7,9,3,13,3,3,13,3,28,22,28,ƑW・SAVAGEYT,Class 1,95,312,0,407,8.33,8.333333333333334,0,0,0
FRIENDS OR FOES,Standard,6,JOJO,T2sK7jSZkJqKgLswvF1g,REMEDIUM INVICTUS,tm_kdh97vkx3,24,26.1,26.08695652173913,4,4,3,3,92,"{""1"":10,""2"":4,""3"":10}","{""1"":7,""2"":1,""3"":4}","{""1"":7,""2"":1,""3"":4}","{""1"":31,""2"":22,""3"":39}",1,10,10,4,10,7,1,4,7,1,4,31,22,39,水RDM・JOJO,Class 1,105,368,0,473,8,8,0,0,0
FRIENDS OR FOES,Standard,6,MAYHEM,w0TDikwzq62t4ST2ZjeZ,KYZON ESPORTS,tm_yvpteelv4,23,45.1,45.09803921568628,14,14,3,3,51,"{""1"":11,""2"":1,""3"":11}","{""1"":9,""2"":18,""3"":15}","{""1"":9,""2"":18,""3"":15}","{""1"":21,""2"":1,""3"":29}",11,11,11,1,11,9,18,15,9,18,15,21,1,29,ҞZ・APE২,Class 1,45,204,0,249,7.67,7.666666666666667,0,0,0
FRIENDS OR FOES,Standard,6,LAZY,Tmdfj4k7UPoE2wFXGHxJ,REMEDIUM INVICTUS,tm_kdh97vkx3,23,25,25,4,4,3,3,92,"{""1"":7,""2"":9,""3"":7}","{""1"":7,""2"":1,""3"":4}","{""1"":7,""2"":1,""3"":4}","{""1"":31,""2"":22,""3"":39}",1,12,7,9,7,7,1,4,7,1,4,31,22,39,水RDM・LAZY,Class 1,105,368,0,473,7.67,7.666666666666667,0,0,0
FRIENDS OR FOES,Standard,6,CAPTAIN BULLET,JB2LuNncTgZI28W5mXvr,FEARLESS WARRIORS,tm_rgqdo8wje,22,28.2,28.205128205128204,6.33,6.333333333333333,3,3,78,"{""1"":7,""2"":8,""3"":7}","{""1"":3,""2"":13,""3"":3}","{""1"":3,""2"":13,""3"":3}","{""1"":28,""2"":22,""3"":28}",4,13,7,8,7,3,13,3,3,13,3,28,22,28,Ƒw・Bullet,Transferred In,95,312,0,407,7.33,7.333333333333333,0,0,0
FRIENDS OR FOES,Standard,6,CODGOD,dqr1RKopXDu3zfgmOqcY,VORTEX ONE,tm_4oss9tizq,22,31.4,31.428571428571427,3.67,3.6666666666666665,3,3,70,"{""1"":7,""2"":8,""3"":7}","{""1"":1,""2"":9,""3"":1}","{""1"":1,""2"":9,""3"":1}","{""1"":25,""2"":18,""3"":27}",5,14,7,8,7,1,9,1,1,9,1,25,18,27,CODGOD.VRX,Class 1,120,280,0,400,7.33,7.333333333333333,0,0,0
FRIENDS OR FOES,Standard,6,PAGANINI,APlTtB3VKt0P7QlbaYHA,ENVY 7 ONE,tm_ubz3oae5j,21,25.3,25.301204819277107,8.67,8.666666666666666,3,3,83,"{""1"":8,""2"":5,""3"":8}","{""1"":8,""2"":8,""3"":10}","{""1"":8,""2"":8,""3"":10}","{""1"":28,""2"":21,""3"":34}",6,15,8,5,8,8,8,10,8,8,10,28,21,34,SIX.SVN,Class 1,60,332,0,392,7,7,0,0,0
FRIENDS OR FOES,Standard,6,FATHERALI,lQ3oUgLHQF7EsyPL3mFJ,VORTEX ONE,tm_4oss9tizq,21,30,30,3.67,3.6666666666666665,3,3,70,"{""1"":8,""2"":5,""3"":8}","{""1"":1,""2"":9,""3"":1}","{""1"":1,""2"":9,""3"":1}","{""1"":25,""2"":18,""3"":27}",5,16,8,5,8,1,9,1,1,9,1,25,18,27,DEMON.VRX,Class 1,120,280,0,400,7,7,0,0,0
FRIENDS OR FOES,Standard,6,SENÕR J,ycTWfDj2OJDBcpjn5DKa,MAIN CHARACTERS OG,tm_mgol0xhrx,20,38.5,38.46153846153847,12.33,12.333333333333334,3,3,52,"{""1"":2,""2"":16,""3"":2}","{""1"":14,""2"":4,""3"":19}","{""1"":14,""2"":4,""3"":19}","{""1"":10,""2"":33,""3"":9}",10,17,2,16,2,14,4,19,14,4,19,10,33,9,MC丨DELYNA,Class 1,60,208,0,268,6.67,6.666666666666667,0,0,0
FRIENDS OR FOES,Standard,6,DFW,n72Tu2HiBOwdIesxFG6d,PREACHER X,tm_c0yc4xjf4,20,21.7,21.73913043478261,6.33,6.333333333333333,3,3,92,"{""1"":6,""2"":8,""3"":6}","{""1"":4,""2"":10,""3"":5}","{""1"":4,""2"":10,""3"":5}","{""1"":28,""2"":37,""3"":27}",2,18,6,8,6,4,10,5,4,10,5,28,37,27,PЯX・DFW,Class 1,85,368,0,453,6.67,6.666666666666667,0,0,0
FRIENDS OR FOES,Standard,6,YUSUF,qKQQ85V7nwqlL2KDXoGl,ENVY 7 ONE,tm_ubz3oae5j,20,24.1,24.096385542168676,8.67,8.666666666666666,3,3,83,"{""1"":8,""2"":4,""3"":8}","{""1"":8,""2"":8,""3"":10}","{""1"":8,""2"":8,""3"":10}","{""1"":28,""2"":21,""3"":34}",6,19,8,4,8,8,8,10,8,8,10,28,21,34,YUSUF.SVN¹,Class 1,60,332,0,392,6.67,6.666666666666667,0,0,0
FRIENDS OR FOES,Standard,6,REMO,dYruCjqNO7qAYaIBjTDt,Narcissist,ukMz1QObm2RORWQOa9dc,20,21.3,21.27659574468085,7,7,3,3,94,"{""1"":6,""2"":8,""3"":6}","{""1"":12,""2"":3,""3"":6}","{""1"":12,""2"":3,""3"":6}","{""1"":20,""2"":41,""3"":33}",3,20,6,8,6,12,3,6,12,3,6,20,41,33,口SWEATYREREﻬ,Class 1,75,376,0,451,6.67,6.666666666666667,0,0,0
FRIENDS OR FOES,Standard,6,SWAYZE,qefoLXaT9gaO2ycKQocy,Narcissist,ukMz1QObm2RORWQOa9dc,19,20.2,20.212765957446805,7,7,3,3,94,"{""1"":7,""2"":5,""3"":7}","{""1"":12,""2"":3,""3"":6}","{""1"":12,""2"":3,""3"":6}","{""1"":20,""2"":41,""3"":33}",3,21,7,5,7,12,3,6,12,3,6,20,41,33,口ISWAYZETT,Class 1,75,376,0,451,6.33,6.333333333333333,0,0,0
FRIENDS OR FOES,Standard,6,LUDGER,PQAripc5A3a7tOZ5qHrY,FEARLESS WARRIORS,tm_rgqdo8wje,18,23.1,23.076923076923077,6.33,6.333333333333333,3,3,78,"{""1"":7,""2"":4,""3"":7}","{""1"":3,""2"":13,""3"":3}","{""1"":3,""2"":13,""3"":3}","{""1"":28,""2"":22,""3"":28}",4,22,7,4,7,3,13,3,3,13,3,28,22,28,ZN SKY・ƑW,Class 1,95,312,0,407,6,6,0,0,0
FRIENDS OR FOES,Standard,6,COLDSKI,ZMq7kz2SSMfPugtDW1dB,KYZON ESPORTS,tm_yvpteelv4,18,35.3,35.294117647058826,14,14,3,3,51,"{""1"":9,""2"":0,""3"":9}","{""1"":9,""2"":18,""3"":15}","{""1"":9,""2"":18,""3"":15}","{""1"":21,""2"":1,""3"":29}",11,23,9,0,9,9,18,15,9,18,15,21,1,29,ҞZ・COLDSKI,Class 1,45,204,0,249,6,6,0,0,0
FRIENDS OR FOES,Standard,6,MR P,kl2hoTAKjBPgfOMMvkKH,DEVELOPERS,tm_w0a02yn8h,18,38.3,38.297872340425535,13.67,13.666666666666666,3,3,47,"{""1"":9,""2"":0,""3"":9}","{""1"":10,""2"":20,""3"":11}","{""1"":10,""2"":20,""3"":11}","{""1"":22,""2"":0,""3"":25}",12,24,9,0,9,10,20,11,10,20,11,22,0,25,ARTETA.DXV,Class 1,45,188,0,233,6,6,0,0,0
FRIENDS OR FOES,Standard,6,BIGTULA,qj6FOc1Z8aeEWmqUk84v,KYZON ALLIANCE,tm_3fapr2cz9,17,26.2,26.153846153846157,3.33,3.3333333333333335,3,3,65,"{""1"":8,""2"":1,""3"":8}","{""1"":6,""2"":2,""3"":2}","{""1"":6,""2"":2,""3"":2}","{""1"":20,""2"":13,""3"":32}",7,25,8,1,8,6,2,2,6,2,2,20,13,32,KZ GILLIFANT,Class 1,110,260,0,370,5.67,5.666666666666667,0,0,0
FRIENDS OR FOES,Standard,6,CEEJAY,p_q0z253rna,⁠FAZE RAIDERS,VBWUGsiSMKIkkTYb3TSn,17,35.4,35.41666666666667,5,5,3,3,48,"{""1"":8,""2"":1,""3"":8}","{""1"":2,""2"":5,""3"":8}","{""1"":2,""2"":5,""3"":8}","{""1"":20,""2"":8,""3"":20}",8,26,8,1,8,2,5,8,2,5,8,20,8,20,ҒZ JAPAN,Class 1,95,192,0,287,5.67,5.666666666666667,0,0,0
FRIENDS OR FOES,Standard,6,NAGDY,yFIWbCiDqV5ohHdVZoW9,VORTEX ONE,tm_4oss9tizq,17,24.3,24.285714285714285,3.67,3.6666666666666665,3,3,70,"{""1"":8,""2"":1,""3"":8}","{""1"":1,""2"":9,""3"":1}","{""1"":1,""2"":9,""3"":1}","{""1"":25,""2"":18,""3"":27}",5,27,8,1,8,1,9,1,1,9,1,25,18,27,NAGDY.VRX,Class 1,120,280,0,400,5.67,5.666666666666667,0,0,0
FRIENDS OR FOES,Standard,6,GIANT,hBECUtYPJyNHl9P8uRjR,⁠FAZE RAIDERS,VBWUGsiSMKIkkTYb3TSn,17,35.4,35.41666666666667,5,5,3,3,48,"{""1"":7,""2"":3,""3"":7}","{""1"":2,""2"":5,""3"":8}","{""1"":2,""2"":5,""3"":8}","{""1"":20,""2"":8,""3"":20}",8,28,7,3,7,2,5,8,2,5,8,20,8,20,ғZ MALVADO,Transferred In,95,192,0,287,5.67,5.666666666666667,0,0,0
FRIENDS OR FOES,Standard,6,SOG,B9K5pOOLE39QnCqnDNHY,ENVY 7 ONE,tm_ubz3oae5j,17,20.5,20.481927710843372,8.67,8.666666666666666,3,3,83,"{""1"":7,""2"":3,""3"":7}","{""1"":8,""2"":8,""3"":10}","{""1"":8,""2"":8,""3"":10}","{""1"":28,""2"":21,""3"":34}",6,29,7,3,7,8,8,10,8,8,10,28,21,34,SOG.SVN¹,Class 1,60,332,0,392,5.67,5.666666666666667,0,0,0
FRIENDS OR FOES,Standard,6,RAYSARK,8FLaRdZhys6KFQ4Ds2YV,7G NEW TAKERS,NpKzXoJZdBhUMOLnmCxj,16,53.3,53.333333333333336,12,12,3,3,30,"{""1"":7,""2"":2,""3"":7}","{""1"":18,""2"":11,""3"":7}","{""1"":18,""2"":11,""3"":7}","{""1"":6,""2"":9,""3"":15}",18,30,7,2,7,18,11,7,18,11,7,6,9,15,7Ɠ・0,Class 1,45,120,0,165,5.33,5.333333333333333,0,0,0
FRIENDS OR FOES,Standard,6,SAMMY,CRgmZpi6YPL39TOInRBz,REMEDIUM INVICTUS,tm_kdh97vkx3,16,17.4,17.391304347826086,4,4,3,3,92,"{""1"":7,""2"":2,""3"":7}","{""1"":7,""2"":1,""3"":4}","{""1"":7,""2"":1,""3"":4}","{""1"":31,""2"":22,""3"":39}",1,31,7,2,7,7,1,4,7,1,4,31,22,39,水RDM • SAMMY.+,Class 1,105,368,0,473,5.33,5.333333333333333,0,0,0
FRIENDS OR FOES,Standard,6,APOSTLE,L1LKfVKd47rwlshv2vY1,CIAO HUNTERS X,tm_twhkzzdmf,16,44.4,44.44444444444444,14.67,14.666666666666666,3,3,36,"{""1"":5,""2"":6,""3"":5}","{""1"":19,""2"":12,""3"":13}","{""1"":19,""2"":12,""3"":13}","{""1"":6,""2"":10,""3"":20}",15,32,5,6,5,19,12,13,19,12,13,6,10,20,APOSTLEOP.CHX,Class 1,40,144,0,184,5.33,5.333333333333333,0,0,0
FRIENDS OR FOES,Standard,6,WINDIGO,Y3hmYqIvBg07ApvAvtRu,MAIN CHARACTERS OG,tm_mgol0xhrx,16,30.8,30.76923076923077,12.33,12.333333333333334,3,3,52,"{""1"":5,""2"":6,""3"":5}","{""1"":14,""2"":4,""3"":19}","{""1"":14,""2"":4,""3"":19}","{""1"":10,""2"":33,""3"":9}",10,33,5,6,5,14,4,19,14,4,19,10,33,9,MC丨NASTYA,Class 1,60,208,0,268,5.33,5.333333333333333,0,0,0
FRIENDS OR FOES,Standard,6,DANIEL,2hoGdFkIX9KrsMSafUIB,FEARLESS ULTIMATE,QXr3HX0HM3Rf35A0UKUN,16,45.7,45.714285714285715,15,15,2,3,35,"{""1"":8,""3"":8}","{""1"":15,""3"":14}","{""1"":15,""2"":16,""3"":14}","{""1"":16,""2"":2,""3"":17}",16,34,8,,8,15,,14,15,16,14,16,2,17,ƑW・X TA C,Class 1,40,140,0,180,8,8,0,0,0
FRIENDS OR FOES,Standard,6,QUAVOOYT,X99tCChq00z9qNYp8vVM,MERCILESS ESPORTS,tm_sip25jqm7,15,27.3,27.27272727272727,12,12,3,3,55,"{""1"":6,""2"":3,""3"":6}","{""1"":5,""2"":14,""3"":17}","{""1"":5,""2"":14,""3"":17}","{""1"":26,""2"":10,""3"":19}",9,35,6,3,6,5,14,17,5,14,17,26,10,19,MŁ • QUAVO,Class 1,55,220,0,275,5,5,0,0,0
FRIENDS OR FOES,Standard,6,LAN,FvWvZtGG7YSLiq17ZCtE,YVL ZENITH,9QcWKHtOAOLOrVMJNE0C,15,39.5,39.473684210526315,17,17,3,3,38,"{""1"":8,""2"":0,""3"":7}","{""1"":20,""2"":19,""3"":12}","{""1"":20,""2"":19,""3"":12}","{""1"":7,""2"":0,""3"":31}",14,36,8,0,7,20,19,12,20,19,12,7,0,31,yvlゝ LAN,Transferred In,35,152,0,187,5,5,0,0,0
FRIENDS OR FOES,Standard,6,REACHER,wyrK9RX0czI2aidGBDd3,YVL ZENITH,9QcWKHtOAOLOrVMJNE0C,14,36.8,36.84210526315789,17,17,3,3,38,"{""1"":7,""2"":0,""3"":7}","{""1"":20,""2"":19,""3"":12}","{""1"":20,""2"":19,""3"":12}","{""1"":7,""2"":0,""3"":31}",14,37,7,0,7,20,19,12,20,19,12,7,0,31,YVLゝREACHER,Class 1,35,152,0,187,4.67,4.666666666666667,0,0,0
FRIENDS OR FOES,Standard,6,NURUTA,UiCvqj6uu4EoGsvi2kLs,CIAO HUNTERS X,tm_twhkzzdmf,14,38.9,38.88888888888889,14.67,14.666666666666666,3,3,36,"{""1"":6,""2"":2,""3"":6}","{""1"":19,""2"":12,""3"":13}","{""1"":19,""2"":12,""3"":13}","{""1"":6,""2"":10,""3"":20}",15,38,6,2,6,19,12,13,19,12,13,6,10,20,NURUTA.CHX,Class 1,40,144,0,184,4.67,4.666666666666667,0,0,0
FRIENDS OR FOES,Standard,6,TOLU MARTINS,qiDPTJl18fmW4r6n11Pr,CIAO HUNTERS X,tm_twhkzzdmf,13,36.1,36.11111111111111,14.67,14.666666666666666,3,3,36,"{""1"":6,""2"":1,""3"":6}","{""1"":19,""2"":12,""3"":13}","{""1"":19,""2"":12,""3"":13}","{""1"":6,""2"":10,""3"":20}",15,39,6,1,6,19,12,13,19,12,13,6,10,20,ROMANS1:18.CHX,Class 1,40,144,0,184,4.33,4.333333333333333,0,0,0
FRIENDS OR FOES,Standard,6,PHILIP MELO,gybDsWbwIY4s0wRh2Nj4,FEARLESS WARRIORS,tm_rgqdo8wje,13,16.7,16.666666666666664,6.33,6.333333333333333,3,3,78,"{""1"":5,""2"":3,""3"":5}","{""1"":3,""2"":13,""3"":3}","{""1"":3,""2"":13,""3"":3}","{""1"":28,""2"":22,""3"":28}",4,40,5,3,5,3,13,3,3,13,3,28,22,28,ƑW・MELO,Class 1,95,312,0,407,4.33,4.333333333333333,0,0,0
FRIENDS OR FOES,Standard,6,AIMBOTONIPAD,bNNoVfpqP2dN4eICglng,KYZON ALLIANCE,tm_3fapr2cz9,13,20,20,3.33,3.3333333333333335,3,3,65,"{""1"":6,""2"":1,""3"":6}","{""1"":6,""2"":2,""3"":2}","{""1"":6,""2"":2,""3"":2}","{""1"":20,""2"":13,""3"":32}",7,41,6,1,6,6,2,2,6,2,2,20,13,32,ҞZ GRYPHON,Class 1,110,260,0,370,4.33,4.333333333333333,0,0,0
FRIENDS OR FOES,Standard,6,LARRYCODM,IsJGFwRijyY55ezUgJMG,VORTEX ONE,tm_4oss9tizq,12,17.1,17.142857142857142,3.67,3.6666666666666665,3,3,70,"{""1"":4,""2"":4,""3"":4}","{""1"":1,""2"":9,""3"":1}","{""1"":1,""2"":9,""3"":1}","{""1"":25,""2"":18,""3"":27}",5,42,4,4,4,1,9,1,1,9,1,25,18,27,RARRI.VRX,Class 1,120,280,0,400,4,4,0,0,0
FRIENDS OR FOES,Standard,6,MOVEMENT,zbgasCEzQ3XBmq26KwCr,DEVELOPERS,tm_w0a02yn8h,12,25.5,25.53191489361702,13.67,13.666666666666666,3,3,47,"{""1"":6,""2"":0,""3"":6}","{""1"":10,""2"":20,""3"":11}","{""1"":10,""2"":20,""3"":11}","{""1"":22,""2"":0,""3"":25}",12,43,6,0,6,10,20,11,10,20,11,22,0,25,MOVEMENT..DXV,Class 1,45,188,0,233,4,4,0,0,0
FRIENDS OR FOES,Standard,6,SNAKE,Cd8QlNwfF9c1FQo5dC2l,MERCILESS ESPORTS,tm_sip25jqm7,12,21.8,21.818181818181817,12,12,3,3,55,"{""1"":5,""2"":3,""3"":4}","{""1"":5,""2"":14,""3"":17}","{""1"":5,""2"":14,""3"":17}","{""1"":26,""2"":10,""3"":19}",9,44,5,3,4,5,14,17,5,14,17,26,10,19,ML • SNAKE,Class 1,55,220,0,275,4,4,0,0,0
FRIENDS OR FOES,Standard,6,MO,p7NXVZszmKHPcyymmjED,MERCILESS ESPORTS,tm_sip25jqm7,11,20,20,12,12,3,3,55,"{""1"":5,""2"":1,""3"":5}","{""1"":5,""2"":14,""3"":17}","{""1"":5,""2"":14,""3"":17}","{""1"":26,""2"":10,""3"":19}",9,45,5,1,5,5,14,17,5,14,17,26,10,19,MŁ • MO,Class 1,55,220,0,275,3.67,3.6666666666666665,0,0,0
FRIENDS OR FOES,Standard,6,APOLLO,tHmxoGylXYBAT5j7XhRQ,CIAO GUARDIANS,xZgUbwrDC2TK3wcpPUY3,11,68.8,68.75,,,2,0,16,"{""1"":6,""2"":5}",{},{},{},,46,6,5,,,,,,,,,,,APOLLOYT.CHX,Class 1,,,,,5.5,5.5,0,0,0
FRIENDS OR FOES,Standard,6,NEGAN,MZpEVrmRkAAV37WP7AsF,MAIN CHARACTERS OG,tm_mgol0xhrx,10,19.2,19.230769230769234,12.33,12.333333333333334,2,3,52,"{""1"":2,""2"":8}","{""1"":14,""2"":4}","{""1"":14,""2"":4,""3"":19}","{""1"":10,""2"":33,""3"":9}",10,47,2,8,,14,4,,14,4,19,10,33,9,水RDM・NEGAN,Transferred In,60,208,0,268,5,5,0,0,0
FRIENDS OR FOES,Standard,6,DERAZ,pPvCKKzMoO9wgFzAq0sd,DEVELOPERS,tm_w0a02yn8h,10,21.3,21.27659574468085,13.67,13.666666666666666,3,3,47,"{""1"":5,""2"":0,""3"":5}","{""1"":10,""2"":20,""3"":11}","{""1"":10,""2"":20,""3"":11}","{""1"":22,""2"":0,""3"":25}",12,48,5,0,5,10,20,11,10,20,11,22,0,25,DERAZYT.DXV,Class 1,45,188,0,233,3.33,3.3333333333333335,0,0,0
FRIENDS OR FOES,Standard,6,IDIVYNE,EUVvfZ1fKDe844RVNXE2,KYZON ESPORTS,tm_yvpteelv4,10,19.6,19.607843137254903,14,14,3,3,51,"{""1"":5,""2"":0,""3"":5}","{""1"":9,""2"":18,""3"":15}","{""1"":9,""2"":18,""3"":15}","{""1"":21,""2"":1,""3"":29}",11,49,5,0,5,9,18,15,9,18,15,21,1,29,KZ • DIVYNE,Class 1,45,204,0,249,3.33,3.3333333333333335,0,0,0
FRIENDS OR FOES,Standard,6,CHIKE,WP7wn4jjPa6n4busZVnT,GOAT ESPORT,tm_ws9x2fl5b,10,47.6,47.61904761904761,11,11,3,3,21,"{""1"":3,""2"":4,""3"":3}","{""1"":17,""2"":7,""3"":9}","{""1"":17,""2"":7,""3"":9}","{""1"":2,""2"":13,""3"":6}",19,50,3,4,3,17,7,9,17,7,9,2,13,6,毒GOAT CHIKE,Class 1,50,84,0,134,3.33,3.3333333333333335,0,0,0
FRIENDS OR FOES,Standard,6,JOZZY,FdJ3rIlmedcTFhzRruvA,DEVELOPERS,tm_w0a02yn8h,10,21.3,21.27659574468085,13.67,13.666666666666666,3,3,47,"{""1"":5,""2"":0,""3"":5}","{""1"":10,""2"":20,""3"":11}","{""1"":10,""2"":20,""3"":11}","{""1"":22,""2"":0,""3"":25}",12,51,5,0,5,10,20,11,10,20,11,22,0,25,BLADE.DXV,Class 1,45,188,0,233,3.33,3.3333333333333335,0,0,0
FRIENDS OR FOES,Standard,6,INDIGO,zp3jg9OOxd217vbYIoBu,7G NEW TAKERS,NpKzXoJZdBhUMOLnmCxj,9,30,30,12,12,3,3,30,"{""1"":4,""2"":1,""3"":4}","{""1"":18,""2"":11,""3"":7}","{""1"":18,""2"":11,""3"":7}","{""1"":6,""2"":9,""3"":15}",18,52,4,1,4,18,11,7,18,11,7,6,9,15,7Ɠ・INÐIGØ,Class 1,45,120,0,165,3,3,0,0,0
FRIENDS OR FOES,Standard,6,LXST,AiwEpwWBvqiSpmaA7Huh,MERCILESS ESPORTS,tm_sip25jqm7,9,16.4,16.363636363636363,12,12,3,3,55,"{""1"":3,""2"":3,""3"":3}","{""1"":5,""2"":14,""3"":17}","{""1"":5,""2"":14,""3"":17}","{""1"":26,""2"":10,""3"":19}",9,53,3,3,3,5,14,17,5,14,17,26,10,19,MŁ・LXST,Class 1,55,220,0,275,3,3,0,0,0
FRIENDS OR FOES,Standard,6,ATTIEKE,0ZiIKcgXBKZnIVK3RY5b,Marines Cartel,o7Dp7knjVTxhemRjJF7R,9,39.1,39.130434782608695,16.33,16.333333333333332,3,3,23,"{""1"":4,""2"":1,""3"":4}","{""1"":16,""2"":17,""3"":16}","{""1"":16,""2"":17,""3"":16}","{""1"":14,""2"":2,""3"":7}",20,54,4,1,4,16,17,16,16,17,16,14,2,7,M7・DAVE | ¹LT,Class 1,30,92,0,122,3,3,0,0,0
FRIENDS OR FOES,Standard,6,MXNIAC,TbGmnsma5nuwWfiUl3FL,FEARLESS ULTIMATE,QXr3HX0HM3Rf35A0UKUN,8,22.9,22.857142857142858,15,15,3,3,35,"{""1"":3,""2"":2,""3"":3}","{""1"":15,""2"":16,""3"":14}","{""1"":15,""2"":16,""3"":14}","{""1"":16,""2"":2,""3"":17}",16,55,3,2,3,15,16,14,15,16,14,16,2,17,ƑW・MXNIAC,Class 1,40,140,0,180,2.67,2.6666666666666665,0,0,0
FRIENDS OR FOES,Standard,6,KEKE,Qwl2vRUJbA6CWBqKcZ1O,⁠FAZE RAIDERS,VBWUGsiSMKIkkTYb3TSn,8,16.7,16.666666666666664,5,5,3,3,48,"{""1"":3,""2"":2,""3"":3}","{""1"":2,""2"":5,""3"":8}","{""1"":2,""2"":5,""3"":8}","{""1"":20,""2"":8,""3"":20}",8,56,3,2,3,2,5,8,2,5,8,20,8,20,ҒZ SYNA,Class 1,95,192,0,287,2.67,2.6666666666666665,0,0,0
FRIENDS OR FOES,Standard,6,FLUFFY,zJzKvUNu4k0ilGg2ocCY,KYZON ESPORTS,tm_yvpteelv4,8,15.7,15.686274509803921,14,14,3,3,51,"{""1"":4,""2"":0,""3"":4}","{""1"":9,""2"":18,""3"":15}","{""1"":9,""2"":18,""3"":15}","{""1"":21,""2"":1,""3"":29}",11,57,4,0,4,9,18,15,9,18,15,21,1,29,ҞZ・MONKEY,Class 1,45,204,0,249,2.67,2.6666666666666665,0,0,0
FRIENDS OR FOES,Standard,6,OMEGA,5yx4Bj2tFtb311znF0Np,FEARLESS ULTIMATE,QXr3HX0HM3Rf35A0UKUN,8,22.9,22.857142857142858,15,15,3,3,35,"{""1"":4,""2"":0,""3"":4}","{""1"":15,""2"":16,""3"":14}","{""1"":15,""2"":16,""3"":14}","{""1"":16,""2"":2,""3"":17}",16,58,4,0,4,15,16,14,15,16,14,16,2,17,ƑW・NOOB,Class 1,40,140,0,180,2.67,2.6666666666666665,0,0,0
FRIENDS OR FOES,Standard,6,CHEF PUNK,1LO5N9nzQfk09XHoISVW,PREACHER X,tm_c0yc4xjf4,8,8.7,8.695652173913043,6.33,6.333333333333333,3,3,92,"{""1"":0,""2"":8,""3"":0}","{""1"":4,""2"":10,""3"":5}","{""1"":4,""2"":10,""3"":5}","{""1"":28,""2"":37,""3"":27}",2,59,0,8,0,4,10,5,4,10,5,28,37,27,PЯX・OBTAINER,Class 1,85,368,0,453,2.67,2.6666666666666665,0,0,0
FRIENDS OR FOES,Standard,6,NIEL,HllRAi3xdKU7I8tCNB6B,7G NEW TAKERS,NpKzXoJZdBhUMOLnmCxj,7,23.3,23.333333333333332,12,12,3,3,30,"{""1"":3,""2"":1,""3"":3}","{""1"":18,""2"":11,""3"":7}","{""1"":18,""2"":11,""3"":7}","{""1"":6,""2"":9,""3"":15}",18,60,3,1,3,18,11,7,18,11,7,6,9,15,7Ɠ・NIEL?,Class 1,45,120,0,165,2.33,2.3333333333333335,0,0,0
FRIENDS OR FOES,Standard,6,NANAYAW,tX7GCLJJ61u8bLkRroBP,GOAT ESPORT,tm_ws9x2fl5b,7,33.3,33.33333333333333,11,11,3,3,21,"{""1"":1,""2"":5,""3"":1}","{""1"":17,""2"":7,""3"":9}","{""1"":17,""2"":7,""3"":9}","{""1"":2,""2"":13,""3"":6}",19,61,1,5,1,17,7,9,17,7,9,2,13,6,毒GOAT GOAT,Class 1,50,84,0,134,2.33,2.3333333333333335,0,0,0
FRIENDS OR FOES,Standard,6,POPE,EHyRjfeTvbYD9VvE9H1H,CIAO HUNTERS X,tm_twhkzzdmf,7,19.4,19.444444444444446,14.67,14.666666666666666,3,3,36,"{""1"":3,""2"":1,""3"":3}","{""1"":19,""2"":12,""3"":13}","{""1"":19,""2"":12,""3"":13}","{""1"":6,""2"":10,""3"":20}",15,62,3,1,3,19,12,13,19,12,13,6,10,20,GENESIS¹.CHX,Class 1,40,144,0,184,2.33,2.3333333333333335,0,0,0
FRIENDS OR FOES,Standard,6,RUSTY,GQC099yRTvpPKG2zBXZD,⁠FAZE RAIDERS,VBWUGsiSMKIkkTYb3TSn,6,12.5,12.5,5,5,3,3,48,"{""1"":2,""2"":2,""3"":2}","{""1"":2,""2"":5,""3"":8}","{""1"":2,""2"":5,""3"":8}","{""1"":20,""2"":8,""3"":20}",8,63,2,2,2,2,5,8,2,5,8,20,8,20,ҒZ HEKI,Class 1,95,192,0,287,2,2,0,0,0
FRIENDS OR FOES,Standard,6,H,1p147F2F2H3SBlfhv9jn,Marines Cartel,o7Dp7knjVTxhemRjJF7R,5,21.7,21.73913043478261,16.33,16.333333333333332,3,3,23,"{""1"":2,""2"":1,""3"":2}","{""1"":16,""2"":17,""3"":16}","{""1"":16,""2"":17,""3"":16}","{""1"":14,""2"":2,""3"":7}",20,64,2,1,2,16,17,16,16,17,16,14,2,7,ƝW~H | ¹LT,Class 1,30,92,0,122,1.67,1.6666666666666667,0,0,0
FRIENDS OR FOES,Standard,6,SWEET,uNBiS0JpsyP3FeuQXkU7,FEARLESS ULTIMATE,QXr3HX0HM3Rf35A0UKUN,5,14.3,14.285714285714285,15,15,3,3,35,"{""1"":2,""2"":0,""3"":3}","{""1"":15,""2"":16,""3"":14}","{""1"":15,""2"":16,""3"":14}","{""1"":16,""2"":2,""3"":17}",16,65,2,0,3,15,16,14,15,16,14,16,2,17,ƑW・BIGSWEET,Class 1,40,140,0,180,1.67,1.6666666666666667,0,0,0
FRIENDS OR FOES,Standard,6,BH GREY,9WczEt0mrYEQoeKfntMO,BROTHERHOOD,ORtlxzvsOKPEjdtaekig,5,13.2,13.157894736842104,11.67,11.666666666666666,2,3,38,"{""1"":0,""2"":5}","{""1"":11,""2"":6}","{""1"":11,""2"":6,""3"":18}","{""1"":24,""2"":13,""3"":1}",13,66,0,5,,11,6,,11,6,18,24,13,1,BH GREY,Registered,45,152,0,197,2.5,2.5,0,0,0
FRIENDS OR FOES,Standard,6,VENOM,STmUpiwkCk5ybUeJJAAW,CIAO GUARDIANS,xZgUbwrDC2TK3wcpPUY3,5,31.3,31.25,,,1,0,16,"{""2"":5}",{},{},{},,67,,5,,,,,,,,,,,VENOMYT.CHX,Class 1,,,,,5,5,0,0,0
FRIENDS OR FOES,Standard,6,POISON,QZIn6rAU2CGPFbGbQu4v,GOAT ESPORT,tm_ws9x2fl5b,4,19,19.047619047619047,11,11,3,3,21,"{""1"":1,""2"":2,""3"":1}","{""1"":17,""2"":7,""3"":9}","{""1"":17,""2"":7,""3"":9}","{""1"":2,""2"":13,""3"":6}",19,68,1,2,1,17,7,9,17,7,9,2,13,6,毒GOAT SHUSH,Class 1,50,84,0,134,1.33,1.3333333333333333,0,0,0
FRIENDS OR FOES,Standard,6,GB CRYPTO,OxMhCUSkyAT0LrziaNDP,GOAT ESPORT,tm_ws9x2fl5b,4,19,19.047619047619047,11,11,3,3,21,"{""1"":1,""2"":2,""3"":1}","{""1"":17,""2"":7,""3"":9}","{""1"":17,""2"":7,""3"":9}","{""1"":2,""2"":13,""3"":6}",19,69,1,2,1,17,7,9,17,7,9,2,13,6,毒GOAT CRYPTO,Class 1,50,84,0,134,1.33,1.3333333333333333,0,0,0
FRIENDS OR FOES,Standard,6,MICHAEL,8hYOt0XXhRZHBESjFoAH,BROTHERHOOD,ORtlxzvsOKPEjdtaekig,4,10.5,10.526315789473683,11.67,11.666666666666666,2,3,38,"{""1"":0,""2"":4}","{""1"":11,""2"":6}","{""1"":11,""2"":6,""3"":18}","{""1"":24,""2"":13,""3"":1}",13,70,0,4,,11,6,,11,6,18,24,13,1,BH | MR MIKE,Class 1,45,152,0,197,2,2,0,0,0
FRIENDS OR FOES,Standard,6,SLY,j39wPvPuSoMq1TOb78Ih,TEAM X,D2dU5QVY9U6g9t3bKk9C,4,12.5,12.5,16,16,2,3,32,"{""1"":0,""2"":4}","{""1"":13,""2"":15}","{""1"":13,""2"":15,""3"":20}","{""1"":20,""2"":12,""3"":0}",17,71,0,4,,13,15,,13,15,20,20,12,0,叶°SLY,Class 1,40,128,0,168,2,2,0,0,0
FRIENDS OR FOES,Standard,6,TRAUMA,mRdFfQB7p8thuw53PwWL,TEAM X,D2dU5QVY9U6g9t3bKk9C,3,9.4,9.375,16,16,2,3,32,"{""1"":0,""2"":3}","{""1"":13,""2"":15}","{""1"":13,""2"":15,""3"":20}","{""1"":20,""2"":12,""3"":0}",17,72,0,3,,13,15,,13,15,20,20,12,0,叶°TRAUMA,Class 1,40,128,0,168,1.5,1.5,0,0,0
FRIENDS OR FOES,Standard,6,MAUS,kUOdoGK7ff8eYeZgwvXq,TEAM X,D2dU5QVY9U6g9t3bKk9C,3,9.4,9.375,16,16,2,3,32,"{""1"":0,""2"":3}","{""1"":13,""2"":15}","{""1"":13,""2"":15,""3"":20}","{""1"":20,""2"":12,""3"":0}",17,73,0,3,,13,15,,13,15,20,20,12,0,叶°MAUS,Class 1,40,128,0,168,1.5,1.5,0,0,0
FRIENDS OR FOES,Standard,6,SUSBEAMS,0OJhItNagyO2mf8AdYji,BROTHERHOOD,ORtlxzvsOKPEjdtaekig,3,7.9,7.894736842105263,11.67,11.666666666666666,2,3,38,"{""1"":0,""2"":3}","{""1"":11,""2"":6}","{""1"":11,""2"":6,""3"":18}","{""1"":24,""2"":13,""3"":1}",13,74,0,3,,11,6,,11,6,18,24,13,1,Bh_susbeams,Transferred In,45,152,0,197,1.5,1.5,0,0,0
FRIENDS OR FOES,Standard,6,FEEZYYT,l3vxxu4J4YVLLtpydbiX,MAIN CHARACTERS OG,tm_mgol0xhrx,3,5.8,5.769230769230769,12.33,12.333333333333334,3,3,52,"{""1"":0,""2"":3,""3"":0}","{""1"":14,""2"":4,""3"":19}","{""1"":14,""2"":4,""3"":19}","{""1"":10,""2"":33,""3"":9}",10,75,0,3,0,14,4,19,14,4,19,10,33,9,FEEZYYYT丨MC,Class 1,60,208,0,268,1,1,0,0,0
FRIENDS OR FOES,Standard,6,LIONFACE,PMOZmTbjtV7Jea8FMW8Y,Marines Cartel,o7Dp7knjVTxhemRjJF7R,2,8.7,8.695652173913043,16.33,16.333333333333332,3,3,23,"{""1"":1,""2"":0,""3"":1}","{""1"":16,""2"":17,""3"":16}","{""1"":16,""2"":17,""3"":16}","{""1"":14,""2"":2,""3"":7}",20,76,1,0,1,16,17,16,16,17,16,14,2,7,¹LT丨DADYLION,Class 1,30,92,0,122,0.67,0.6666666666666666,0,0,0
FRIENDS OR FOES,Standard,6,ITXNY,Q0fJtKuQbSeRP1X3TvMA,BROTHERHOOD,ORtlxzvsOKPEjdtaekig,2,5.3,5.263157894736842,11.67,11.666666666666666,2,3,38,"{""1"":1,""2"":1}","{""1"":11,""2"":6}","{""1"":11,""2"":6,""3"":18}","{""1"":24,""2"":13,""3"":1}",13,77,1,1,,11,6,,11,6,18,24,13,1,BH MESSI,Class 1,45,152,0,197,1,1,0,0,0
FRIENDS OR FOES,Standard,6,SHINIGAMI,WFVAap5uGud4aOIhxsKI,7G NEW TAKERS,NpKzXoJZdBhUMOLnmCxj,2,6.7,6.666666666666667,12,12,2,3,30,"{""1"":1,""3"":1}","{""1"":18,""3"":7}","{""1"":18,""2"":11,""3"":7}","{""1"":6,""2"":9,""3"":15}",18,78,1,,1,18,,7,18,11,7,6,9,15,7Ɠ・FUJIMOTO,Class 1,45,120,0,165,1,1,0,0,0
FRIENDS OR FOES,Standard,6,ALLFATHER,eZr86KcPlEoSTarsNbR0,TEAM X,D2dU5QVY9U6g9t3bKk9C,2,6.3,6.25,16,16,2,3,32,"{""1"":0,""2"":2}","{""1"":13,""2"":15}","{""1"":13,""2"":15,""3"":20}","{""1"":20,""2"":12,""3"":0}",17,79,0,2,,13,15,,13,15,20,20,12,0,叶°MP-0,Class 1,40,128,0,168,1,1,0,0,0
FRIENDS OR FOES,Standard,6,STAR,x8eXTa7LZz6eHWTdvM7v,YVL ZENITH,9QcWKHtOAOLOrVMJNE0C,0,0,0,17,17,3,3,38,"{""1"":0,""2"":0,""3"":0}","{""1"":20,""2"":19,""3"":12}","{""1"":20,""2"":19,""3"":12}","{""1"":7,""2"":0,""3"":31}",14,80,0,0,0,20,19,12,20,19,12,7,0,31,YVLゝSTXR,Class 1,35,152,0,187,0,0,0,0,0
FRIENDS OR FOES,Standard,6,FAZZY,AHbzUpq8xHnx1391KBuT,Marines Cartel,o7Dp7knjVTxhemRjJF7R,0,0,0,16.33,16.333333333333332,3,3,23,"{""1"":0,""2"":0,""3"":0}","{""1"":16,""2"":17,""3"":16}","{""1"":16,""2"":17,""3"":16}","{""1"":14,""2"":2,""3"":7}",20,81,0,0,0,16,17,16,16,17,16,14,2,7,¹LT | FAZZY,Class 1,30,92,0,122,0,0,0,0,0
FRIENDS OR FOES,Standard,6,ROGUE,r7ePhyqUmojwCVE0MNwB,FEARLESS ULTIMATE,QXr3HX0HM3Rf35A0UKUN,0,0,0,15,15,1,3,35,"{""2"":0}","{""2"":16}","{""1"":15,""2"":16,""3"":14}","{""1"":16,""2"":2,""3"":17}",16,82,,0,,,16,,15,16,14,16,2,17,ƑW・ওSHADOW,Class 1,40,140,0,180,0,0,0,0,0
ELITE ESPORT,Standard,1,ANDREW,zccOX3iQQuevsZAxcr4f,REMEDIUM INVICTUS,tm_kdh97vkx3,34,30.1,30.08849557522124,7.33,7.333333333333333,3,3,113,"{""1"":10,""2"":15,""3"":9}","{""1"":1,""2"":1,""3"":20}","{""1"":1,""2"":1,""3"":20}","{""1"":44,""2"":47,""3"":22}",1,1,10,15,9,1,1,20,1,1,20,44,47,22,水RDM・XAKII,Class 1,78,226,0,304,11.33,11.333333333333334,0,0,0
ELITE ESPORT,Standard,1,KABAL,CoXY5hzzw9FrsNyz2A13,DEVELOPERS,tm_w0a02yn8h,30,31.6,31.57894736842105,9,9,3,3,95,"{""1"":3,""2"":12,""3"":15}","{""1"":20,""2"":3,""3"":4}","{""1"":20,""2"":3,""3"":4}","{""1"":24,""2"":28,""3"":43}",2,2,3,12,15,20,3,4,20,3,4,24,28,43,KABALSKI.DXV,Class 1,46,190,0,236,10,10,0,0,0
ELITE ESPORT,Standard,1,FATHERALI,lQ3oUgLHQF7EsyPL3mFJ,VORTEX ONE,tm_4oss9tizq,29,35.8,35.80246913580247,12,12,3,3,81,"{""1"":3,""2"":12,""3"":14}","{""1"":13,""2"":11,""3"":12}","{""1"":13,""2"":11,""3"":12}","{""1"":13,""2"":41,""3"":27}",6,3,3,12,14,13,11,12,13,11,12,13,41,27,FATHERALI.VRX,Class 1,36,162,0,198,9.67,9.666666666666666,0,0,0
ELITE ESPORT,Standard,1,LAZY,Tmdfj4k7UPoE2wFXGHxJ,REMEDIUM INVICTUS,tm_kdh97vkx3,28,24.8,24.778761061946902,7.33,7.333333333333333,3,3,113,"{""1"":10,""2"":10,""3"":8}","{""1"":1,""2"":1,""3"":20}","{""1"":1,""2"":1,""3"":20}","{""1"":44,""2"":47,""3"":22}",1,4,10,10,8,1,1,20,1,1,20,44,47,22,水RDM・AURACLE,Class 1,78,226,0,304,9.33,9.333333333333334,0,0,0
ELITE ESPORT,Standard,1,MOVEMENT,zbgasCEzQ3XBmq26KwCr,DEVELOPERS,tm_w0a02yn8h,28,29.5,29.47368421052631,9,9,3,3,95,"{""1"":6,""2"":9,""3"":13}","{""1"":20,""2"":3,""3"":4}","{""1"":20,""2"":3,""3"":4}","{""1"":24,""2"":28,""3"":43}",2,5,6,9,13,20,3,4,20,3,4,24,28,43,MOVEMENT..DXV,Class 1,46,190,0,236,9.33,9.333333333333334,0,0,0
ELITE ESPORT,Standard,1,POISON,QZIn6rAU2CGPFbGbQu4v,GOAT ESPORT,tm_ws9x2fl5b,28,32.6,32.55813953488372,6.33,6.333333333333333,3,3,86,"{""1"":12,""2"":8,""3"":8}","{""1"":11,""2"":2,""3"":6}","{""1"":11,""2"":2,""3"":6}","{""1"":37,""2"":17,""3"":32}",3,6,12,8,8,11,2,6,11,2,6,37,17,32,毒GOAT POISON,Class 1,52,172,0,224,9.33,9.333333333333334,0,0,0
ELITE ESPORT,Standard,1,NAGATO,4drN06J7VhcUWU1ydASK,REMEDIUM INVICTUS,tm_kdh97vkx3,26,23,23.008849557522122,7.33,7.333333333333333,3,3,113,"{""1"":11,""2"":10,""3"":5}","{""1"":1,""2"":1,""3"":20}","{""1"":1,""2"":1,""3"":20}","{""1"":44,""2"":47,""3"":22}",1,7,11,10,5,1,1,20,1,1,20,44,47,22,水RDM・CHERKI,Class 1,78,226,0,304,8.67,8.666666666666666,0,0,0
ELITE ESPORT,Standard,1,SAMMY,CRgmZpi6YPL39TOInRBz,LEGIONARIES,tm_ffc044d9o,26,33.8,33.76623376623377,4.67,4.666666666666667,3,3,77,"{""1"":9,""2"":8,""3"":9}","{""1"":7,""2"":6,""3"":1}","{""1"":7,""2"":6,""3"":1}","{""1"":24,""2"":20,""3"":33}",4,8,9,8,9,7,6,1,7,6,1,24,20,33,LGN • SAMMY.ﻬ,Class 1,65,154,0,219,8.67,8.666666666666666,0,0,0
ELITE ESPORT,Standard,1,COLDSKI,ZMq7kz2SSMfPugtDW1dB,KYZON ESPORTS,tm_yvpteelv4,26,46.4,46.42857142857143,14,14,3,3,56,"{""1"":8,""2"":7,""3"":11}","{""1"":8,""2"":23,""3"":11}","{""1"":8,""2"":23,""3"":11}","{""1"":16,""2"":13,""3"":27}",12,9,8,7,11,8,23,11,8,23,11,16,13,27,ҞZ・COLDSKI,Class 1,32,112,0,144,8.67,8.666666666666666,0,0,0
ELITE ESPORT,Standard,1,YAMMI,mKbAZEsRT1eWe7ky4jci,PREACHER X,tm_c0yc4xjf4,25,39.1,39.0625,9,9,3,3,64,"{""1"":9,""2"":5,""3"":11}","{""1"":14,""2"":8,""3"":5}","{""1"":14,""2"":8,""3"":5}","{""1"":18,""2"":20,""3"":26}",9,10,9,5,11,14,8,5,14,8,5,18,20,26,PЯX・YAMMI,Class 1,42,128,0,170,8.33,8.333333333333334,0,0,0
ELITE ESPORT,Standard,1,JOZZY,FdJ3rIlmedcTFhzRruvA,PARIS CHITUARI,tm_eoz9k9c4p,25,37.3,37.3134328358209,17.33,17.333333333333332,3,3,67,"{""1"":2,""2"":10,""3"":13}","{""1"":24,""2"":14,""3"":14}","{""1"":24,""2"":14,""3"":14}","{""1"":3,""2"":30,""3"":34}",11,11,2,10,13,24,14,14,24,14,14,3,30,34,۶PARIS JOZZY,Class 1,29,134,0,163,8.33,8.333333333333334,0,0,0
ELITE ESPORT,Standard,1,JOJO,T2sK7jSZkJqKgLswvF1g,REMEDIUM INVICTUS,tm_kdh97vkx3,25,22.1,22.123893805309734,7.33,7.333333333333333,3,3,113,"{""1"":13,""2"":12,""3"":0}","{""1"":1,""2"":1,""3"":20}","{""1"":1,""2"":1,""3"":20}","{""1"":44,""2"":47,""3"":22}",1,12,13,12,0,1,1,20,1,1,20,44,47,22,水RDM・JOJO,Class 1,78,226,0,304,8.33,8.333333333333334,0,0,0
ELITE ESPORT,Standard,1,4PFCODM,Zhb9cb37gIIm0yeWpF7M,KYZON ALLIANCE,tm_3fapr2cz9,24,35.8,35.82089552238806,12.33,12.333333333333334,3,3,67,"{""1"":8,""2"":4,""3"":12}","{""1"":17,""2"":18,""3"":2}","{""1"":17,""2"":18,""3"":2}","{""1"":15,""2"":16,""3"":36}",19,13,8,4,12,17,18,2,17,18,2,15,16,36,KZ 4PF,Class 1,41,134,-100,75,8,8,0,0,0
ELITE ESPORT,Standard,1,GB CRYPTO,OxMhCUSkyAT0LrziaNDP,GOAT ESPORT,tm_ws9x2fl5b,24,27.9,27.906976744186046,6.33,6.333333333333333,3,3,86,"{""1"":11,""2"":6,""3"":7}","{""1"":11,""2"":2,""3"":6}","{""1"":11,""2"":2,""3"":6}","{""1"":37,""2"":17,""3"":32}",3,14,11,6,7,11,2,6,11,2,6,37,17,32,毒GOAT CRYPTO,Class 1,52,172,0,224,8,8,0,0,0
ELITE ESPORT,Standard,1,NEMESIS,6lq8ySkqC6xbaUo6Erzq,CIAO HUNTERS X,tm_twhkzzdmf,24,31.6,31.57894736842105,12.67,12.666666666666666,3,3,76,"{""1"":7,""2"":10,""3"":7}","{""1"":2,""2"":17,""3"":19}","{""1"":2,""2"":17,""3"":19}","{""1"":25,""2"":34,""3"":17}",7,15,7,10,7,2,17,19,2,17,19,25,34,17,NEMESIS.CHX,Class 1,41,152,0,193,8,8,0,0,0
ELITE ESPORT,Standard,1,GAARA,frAw1ZokwwidsPGWguSM,ENVY 7 ONE,tm_ubz3oae5j,24,28.9,28.915662650602407,10.67,10.666666666666666,3,3,83,"{""1"":9,""2"":8,""3"":7}","{""1"":10,""2"":4,""3"":18}","{""1"":10,""2"":4,""3"":18}","{""1"":22,""2"":33,""3"":28}",5,16,9,8,7,10,4,18,10,4,18,22,33,28,GAARA.SVN¹,Class 1,38,166,0,204,8,8,0,0,0
ELITE ESPORT,Standard,1,APOSTLE,L1LKfVKd47rwlshv2vY1,CIAO HUNTERS X,tm_twhkzzdmf,24,31.6,31.57894736842105,12.67,12.666666666666666,3,3,76,"{""1"":11,""2"":8,""3"":5}","{""1"":2,""2"":17,""3"":19}","{""1"":2,""2"":17,""3"":19}","{""1"":25,""2"":34,""3"":17}",7,17,11,8,5,2,17,19,2,17,19,25,34,17,ZN APYT.CHX,Class 1,41,152,0,193,8,8,0,0,0
ELITE ESPORT,Standard,1,VANESSAFRAMES,BWcE2ndSsjkYFrLxi3J2,ENVY 7 ONE,tm_ubz3oae5j,23,27.7,27.710843373493976,10.67,10.666666666666666,3,3,83,"{""1"":6,""2"":11,""3"":6}","{""1"":10,""2"":4,""3"":18}","{""1"":10,""2"":4,""3"":18}","{""1"":22,""2"":33,""3"":28}",5,18,6,11,6,10,4,18,10,4,18,22,33,28,FRXMES.SVN¹,Class 1,38,166,0,204,7.67,7.666666666666667,0,0,0
ELITE ESPORT,Standard,1,SOG,B9K5pOOLE39QnCqnDNHY,ENVY 7 ONE,tm_ubz3oae5j,23,27.7,27.710843373493976,10.67,10.666666666666666,3,3,83,"{""1"":4,""2"":10,""3"":9}","{""1"":10,""2"":4,""3"":18}","{""1"":10,""2"":4,""3"":18}","{""1"":22,""2"":33,""3"":28}",5,19,4,10,9,10,4,18,10,4,18,22,33,28,SXG.SVN¹,Class 1,38,166,0,204,7.67,7.666666666666667,0,0,0
ELITE ESPORT,Standard,1,ODOGWU,EL0jkB2u1HR36UhBAUWa,DEVELOPERS,tm_w0a02yn8h,22,23.2,23.157894736842106,9,9,3,3,95,"{""1"":6,""2"":5,""3"":11}","{""1"":20,""2"":3,""3"":4}","{""1"":20,""2"":3,""3"":4}","{""1"":24,""2"":28,""3"":43}",2,20,6,5,11,20,3,4,20,3,4,24,28,43,GOATED .DXV,Class 1,46,190,0,236,7.33,7.333333333333333,0,0,0
ELITE ESPORT,Standard,1,NANAYAW,tX7GCLJJ61u8bLkRroBP,GOAT ESPORT,tm_ws9x2fl5b,21,24.4,24.418604651162788,6.33,6.333333333333333,3,3,86,"{""1"":10,""2"":2,""3"":9}","{""1"":11,""2"":2,""3"":6}","{""1"":11,""2"":2,""3"":6}","{""1"":37,""2"":17,""3"":32}",3,21,10,2,9,11,2,6,11,2,6,37,17,32,毒GOAT YAW,Class 1,52,172,0,224,7,7,0,0,0
ELITE ESPORT,Standard,1,CODGOD,dqr1RKopXDu3zfgmOqcY,LEGIONARIES,tm_ffc044d9o,20,26,25.97402597402597,4.67,4.666666666666667,3,3,77,"{""1"":8,""2"":5,""3"":7}","{""1"":7,""2"":6,""3"":1}","{""1"":7,""2"":6,""3"":1}","{""1"":24,""2"":20,""3"":33}",4,22,8,5,7,7,6,1,7,6,1,24,20,33,LGN・CODGOD宗,Class 1,65,154,0,219,6.67,6.666666666666667,0,0,0
ELITE ESPORT,Standard,1,MONA,RjLod2c19OM2AXEUuMRx,VORTEX ONE,tm_4oss9tizq,20,24.7,24.691358024691358,12,12,3,3,81,"{""1"":6,""2"":9,""3"":5}","{""1"":13,""2"":11,""3"":12}","{""1"":13,""2"":11,""3"":12}","{""1"":13,""2"":41,""3"":27}",6,23,6,9,5,13,11,12,13,11,12,13,41,27,ADIGUN.VRX,Class 1,36,162,0,198,6.67,6.666666666666667,0,0,0
ELITE ESPORT,Standard,1,YAGAMI,Bx7S0iZlMNevEE4eXnqz,VORTEX ONE,tm_4oss9tizq,19,23.5,23.456790123456788,12,12,3,3,81,"{""1"":3,""2"":13,""3"":3}","{""1"":13,""2"":11,""3"":12}","{""1"":13,""2"":11,""3"":12}","{""1"":13,""2"":41,""3"":27}",6,24,3,13,3,13,11,12,13,11,12,13,41,27,YAGAMI.VRX,Class 1,36,162,0,198,6.33,6.333333333333333,0,0,0
ELITE ESPORT,Standard,1,DELETE,yXsVHpZGIDJoF3CpeME2,MAIN CHARACTERS OG,tm_mgol0xhrx,18,27.3,27.27272727272727,10.67,10.666666666666666,3,3,66,"{""1"":12,""2"":5,""3"":1}","{""1"":3,""2"":5,""3"":24}","{""1"":3,""2"":5,""3"":24}","{""1"":34,""2"":29,""3"":3}",8,25,12,5,1,3,5,24,3,5,24,34,29,3,MC丨IFA,Class 1,40,132,0,172,6,6,0,0,0
ELITE ESPORT,Standard,1,A1,VOElYffXxZkcpmPLe4T4,MERCILESS ESPORTS,tm_sip25jqm7,18,41.9,41.86046511627907,13.67,13.666666666666666,3,3,43,"{""1"":4,""2"":6,""3"":8}","{""1"":4,""2"":22,""3"":15}","{""1"":4,""2"":22,""3"":15}","{""1"":12,""2"":11,""3"":20}",17,26,4,6,8,4,22,15,4,22,15,12,11,20,MŁ • A1,Class 1,35,86,-20,101,6,6,0,0,0
ELITE ESPORT,Standard,1,KLAUD,JpfWZasDzdDT21MA9Zzy,MAIN CHARACTERS OG,tm_mgol0xhrx,18,27.3,27.27272727272727,10.67,10.666666666666666,3,3,66,"{""1"":10,""2"":8,""3"":0}","{""1"":3,""2"":5,""3"":24}","{""1"":3,""2"":5,""3"":24}","{""1"":34,""2"":29,""3"":3}",8,27,10,8,0,3,5,24,3,5,24,34,29,3,MC丨KLAUD,Class 1,40,132,0,172,6,6,0,0,0
ELITE ESPORT,Standard,1,POPE,EHyRjfeTvbYD9VvE9H1H,LEGIONARIES,tm_ffc044d9o,17,22.1,22.07792207792208,4.67,4.666666666666667,3,3,77,"{""1"":4,""2"":4,""3"":9}","{""1"":7,""2"":6,""3"":1}","{""1"":7,""2"":6,""3"":1}","{""1"":24,""2"":20,""3"":33}",4,28,4,4,9,7,6,1,7,6,1,24,20,33,LGN・ARSON,Class 1,65,154,0,219,5.67,5.666666666666667,0,0,0
ELITE ESPORT,Standard,1,REZOX,Ev0TDfM50zwRoU5gtCAm,PARIS CHITUARI,tm_eoz9k9c4p,17,25.4,25.37313432835821,17.33,17.333333333333332,3,3,67,"{""1"":1,""2"":6,""3"":10}","{""1"":24,""2"":14,""3"":14}","{""1"":24,""2"":14,""3"":14}","{""1"":3,""2"":30,""3"":34}",11,29,1,6,10,24,14,14,24,14,14,3,30,34,PARIS REYZOX,Class 1,29,134,0,163,5.67,5.666666666666667,0,0,0
ELITE ESPORT,Standard,1,CHEF PUNK,1LO5N9nzQfk09XHoISVW,PREACHER X,tm_c0yc4xjf4,16,25,25,9,9,3,3,64,"{""1"":2,""2"":8,""3"":6}","{""1"":14,""2"":8,""3"":5}","{""1"":14,""2"":8,""3"":5}","{""1"":18,""2"":20,""3"":26}",9,30,2,8,6,14,8,5,14,8,5,18,20,26,PЯX・CHEFPUNK,Class 1,42,128,0,170,5.33,5.333333333333333,0,0,0
ELITE ESPORT,Standard,1,SNAKEYT,fuzblN1OfmEtQUB8ZTyd,MAIN CHARACTERS OG,tm_mgol0xhrx,16,24.2,24.242424242424242,10.67,10.666666666666666,3,3,66,"{""1"":4,""2"":10,""3"":2}","{""1"":3,""2"":5,""3"":24}","{""1"":3,""2"":5,""3"":24}","{""1"":34,""2"":29,""3"":3}",8,31,4,10,2,3,5,24,3,5,24,34,29,3,SNAKEYT丨MC,Class 1,40,132,0,172,5.33,5.333333333333333,0,0,0
ELITE ESPORT,Standard,1,LARRYCODM,IsJGFwRijyY55ezUgJMG,PARIS CHITUARI,tm_eoz9k9c4p,16,23.9,23.88059701492537,17.33,17.333333333333332,3,3,67,"{""1"":0,""2"":8,""3"":8}","{""1"":24,""2"":14,""3"":14}","{""1"":24,""2"":14,""3"":14}","{""1"":3,""2"":30,""3"":34}",11,32,0,8,8,24,14,14,24,14,14,3,30,34,PARIS LARRY,Class 1,29,134,0,163,5.33,5.333333333333333,0,0,0
ELITE ESPORT,Standard,1,NURUTA,UiCvqj6uu4EoGsvi2kLs,DEVELOPERS,tm_w0a02yn8h,15,15.8,15.789473684210526,9,9,3,3,95,"{""1"":9,""2"":2,""3"":4}","{""1"":20,""2"":3,""3"":4}","{""1"":20,""2"":3,""3"":4}","{""1"":24,""2"":28,""3"":43}",2,33,9,2,4,20,3,4,20,3,4,24,28,43,NURUTATADXV,Class 1,46,190,0,236,5,5,0,0,0
ELITE ESPORT,Standard,1,ZAZA,HtSymBySFjthhFwbCNho,Wicked Esports,siPv7Ygm9BKPZ5jHgV9j,15,38.5,38.46153846153847,12.67,12.666666666666666,3,3,39,"{""1"":3,""2"":7,""3"":5}","{""1"":21,""2"":7,""3"":10}","{""1"":21,""2"":7,""3"":10}","{""1"":3,""2"":16,""3"":20}",15,34,3,7,5,21,7,10,21,7,10,3,16,20,Ƹи丨YUTA ढ,Class 1,32,78,0,110,5,5,0,0,0
ELITE ESPORT,Standard,1,CODGHOST,AZdZ5MvPMJMZep4m3bBN,FEARLESS WARRIORS,tm_rgqdo8wje,15,36.6,36.58536585365854,12,12,3,3,41,"{""1"":6,""2"":6,""3"":3}","{""1"":6,""2"":9,""3"":21}","{""1"":6,""2"":9,""3"":21}","{""1"":20,""2"":14,""3"":7}",13,35,6,6,3,6,9,21,6,9,21,20,14,7,ƑW・7.,Class 1,35,82,0,117,5,5,0,0,0
ELITE ESPORT,Standard,1,ITACHI,8GOX41vVXHYB1HR3LSNi,WICKED ENTITIES,tm_n96zqds0m,15,36.6,36.58536585365854,14.67,14.666666666666666,3,3,41,"{""1"":6,""2"":3,""3"":6}","{""1"":9,""2"":19,""3"":16}","{""1"":9,""2"":19,""3"":16}","{""1"":11,""2"":8,""3"":22}",14,36,6,3,6,9,19,16,9,19,16,11,8,22,Ƹи丨ZN,Class 1,31,82,0,113,5,5,0,0,0
ELITE ESPORT,Standard,1,LIONFACE,PMOZmTbjtV7Jea8FMW8Y,Marines Cartel,o7Dp7knjVTxhemRjJF7R,15,46.9,46.875,8.67,8.666666666666666,3,3,32,"{""1"":6,""2"":7,""3"":2}","{""1"":5,""2"":13,""3"":8}","{""1"":5,""2"":13,""3"":8}","{""1"":8,""2"":14,""3"":10}",16,37,6,7,2,5,13,8,5,13,8,8,14,10,¹LT丨DADDYLION,Class 1,42,64,0,106,5,5,0,0,0
ELITE ESPORT,Standard,1,SUSMEDIC,qNv71p42rEEps23BrUvF,CIAO HUNTERS X,tm_twhkzzdmf,15,19.7,19.736842105263158,12.67,12.666666666666666,3,3,76,"{""1"":4,""2"":7,""3"":4}","{""1"":2,""2"":17,""3"":19}","{""1"":2,""2"":17,""3"":19}","{""1"":25,""2"":34,""3"":17}",7,38,4,7,4,2,17,19,2,17,19,25,34,17,SUSMEDIC.CHX,Class 1,41,152,0,193,5,5,0,0,0
ELITE ESPORT,Standard,1,FLUFFY,zJzKvUNu4k0ilGg2ocCY,KYZON ESPORTS,tm_yvpteelv4,15,26.8,26.785714285714285,14,14,3,3,56,"{""1"":4,""2"":3,""3"":8}","{""1"":8,""2"":23,""3"":11}","{""1"":8,""2"":23,""3"":11}","{""1"":16,""2"":13,""3"":27}",12,39,4,3,8,8,23,11,8,23,11,16,13,27,ҞZ・FLUFF২ढ,Class 1,32,112,0,144,5,5,0,0,0
ELITE ESPORT,Standard,1,ICONIC,Bupc8GCd3yBuLtWbFou4,KYZON ALLIANCE,tm_3fapr2cz9,15,22.4,22.388059701492537,12.33,12.333333333333334,2,3,67,"{""1"":4,""3"":11}","{""1"":17,""3"":2}","{""1"":17,""2"":18,""3"":2}","{""1"":15,""2"":16,""3"":36}",19,40,4,,11,17,,2,17,18,2,15,16,36,KZ QUDUS,Class 1,41,134,-100,75,7.5,7.5,0,0,0
ELITE ESPORT,Standard,1,SLY,j39wPvPuSoMq1TOb78Ih,⁠FAZE RAIDERS,VBWUGsiSMKIkkTYb3TSn,14,40,40,16.33,16.333333333333332,3,3,35,"{""1"":7,""2"":0,""3"":7}","{""1"":12,""2"":24,""3"":13}","{""1"":12,""2"":24,""3"":13}","{""1"":19,""2"":3,""3"":13}",18,41,7,0,7,12,24,13,12,24,13,19,3,13,ғZ PELNEEZ.,Class 1,29,70,0,99,4.67,4.666666666666667,0,0,0
ELITE ESPORT,Standard,1,RELAX OG,OKrAHDFNWaCteQUIc2bK,Vanguards Insurgents,BRjeTeB5jko6PQyzCcVM,14,46.7,46.666666666666664,18,18,3,3,30,"{""1"":2,""2"":9,""3"":3}","{""1"":16,""2"":16,""3"":22}","{""1"":16,""2"":16,""3"":22}","{""1"":7,""2"":14,""3"":9}",21,42,2,9,3,16,16,22,16,16,22,7,14,9,IƦ7.VNG,Class 1,21,60,-60,21,4.67,4.666666666666667,0,0,0
ELITE ESPORT,Standard,1,PAGANINI,APlTtB3VKt0P7QlbaYHA,LEGIONARIES,tm_ffc044d9o,14,18.2,18.181818181818183,4.67,4.666666666666667,3,3,77,"{""1"":3,""2"":3,""3"":8}","{""1"":7,""2"":6,""3"":1}","{""1"":7,""2"":6,""3"":1}","{""1"":24,""2"":20,""3"":33}",4,43,3,3,8,7,6,1,7,6,1,24,20,33,LGN・BABOON,Class 1,65,154,0,219,4.67,4.666666666666667,0,0,0
ELITE ESPORT,Standard,1,MAVII,3aWGLybd7lTlgTArNwti,MERCILESS ESPORTS,tm_sip25jqm7,14,32.6,32.55813953488372,13.67,13.666666666666666,3,3,43,"{""1"":6,""2"":2,""3"":6}","{""1"":4,""2"":22,""3"":15}","{""1"":4,""2"":22,""3"":15}","{""1"":12,""2"":11,""3"":20}",17,44,6,2,6,4,22,15,4,22,15,12,11,20,MŁ • MAVII,Class 1,35,86,-20,101,4.67,4.666666666666667,0,0,0
ELITE ESPORT,Standard,1,BIGTULA,qj6FOc1Z8aeEWmqUk84v,KYZON ALLIANCE,tm_3fapr2cz9,14,20.9,20.8955223880597,12.33,12.333333333333334,3,3,67,"{""1"":2,""2"":5,""3"":7}","{""1"":17,""2"":18,""3"":2}","{""1"":17,""2"":18,""3"":2}","{""1"":15,""2"":16,""3"":36}",19,45,2,5,7,17,18,2,17,18,2,15,16,36,KZ TUFVAN,Class 1,41,134,-100,75,4.67,4.666666666666667,0,0,0
ELITE ESPORT,Standard,1,FEEZYYT,l3vxxu4J4YVLLtpydbiX,MAIN CHARACTERS OG,tm_mgol0xhrx,14,21.2,21.21212121212121,10.67,10.666666666666666,3,3,66,"{""1"":8,""2"":6,""3"":0}","{""1"":3,""2"":5,""3"":24}","{""1"":3,""2"":5,""3"":24}","{""1"":34,""2"":29,""3"":3}",8,46,8,6,0,3,5,24,3,5,24,34,29,3,FZ丨MC,Class 1,40,132,0,172,4.67,4.666666666666667,0,0,0
ELITE ESPORT,Standard,1,YUSUF,qKQQ85V7nwqlL2KDXoGl,ENVY 7 ONE,tm_ubz3oae5j,13,15.7,15.66265060240964,10.67,10.666666666666666,3,3,83,"{""1"":3,""2"":4,""3"":6}","{""1"":10,""2"":4,""3"":18}","{""1"":10,""2"":4,""3"":18}","{""1"":22,""2"":33,""3"":28}",5,47,3,4,6,10,4,18,10,4,18,22,33,28,YUSUF.SVN¹,Class 1,38,166,0,204,4.33,4.333333333333333,0,0,0
ELITE ESPORT,Standard,1,CHIKE,WP7wn4jjPa6n4busZVnT,GOAT ESPORT,tm_ws9x2fl5b,13,15.1,15.11627906976744,6.33,6.333333333333333,3,3,86,"{""1"":4,""2"":1,""3"":8}","{""1"":11,""2"":2,""3"":6}","{""1"":11,""2"":2,""3"":6}","{""1"":37,""2"":17,""3"":32}",3,48,4,1,8,11,2,6,11,2,6,37,17,32,毒GOAT CR7,Class 1,52,172,0,224,4.33,4.333333333333333,0,0,0
ELITE ESPORT,Standard,1,NAGDY,yFIWbCiDqV5ohHdVZoW9,VORTEX ONE,tm_4oss9tizq,13,16,16.049382716049383,12,12,3,3,81,"{""1"":1,""2"":7,""3"":5}","{""1"":13,""2"":11,""3"":12}","{""1"":13,""2"":11,""3"":12}","{""1"":13,""2"":41,""3"":27}",6,49,1,7,5,13,11,12,13,11,12,13,41,27,PYRAMID.VRX,Class 1,36,162,0,198,4.33,4.333333333333333,0,0,0
ELITE ESPORT,Standard,1,KEKE,Qwl2vRUJbA6CWBqKcZ1O,CIAO GUARDIANS,xZgUbwrDC2TK3wcpPUY3,12,32.4,32.432432432432435,18.67,18.666666666666668,3,3,37,"{""1"":4,""2"":1,""3"":7}","{""1"":19,""2"":20,""3"":17}","{""1"":19,""2"":20,""3"":17}","{""1"":9,""2"":4,""3"":24}",22,50,4,1,7,19,20,17,19,20,17,9,4,24,OUTLAW.CHX,Class 1,24,74,-80,18,4,4,0,0,0
ELITE ESPORT,Standard,1,TRYING,PoZ1r7UYNb4ferMN4h0R,CIAO HUNTERS X,tm_twhkzzdmf,12,15.8,15.789473684210526,12.67,12.666666666666666,2,3,76,"{""1"":3,""2"":9}","{""1"":2,""2"":17}","{""1"":2,""2"":17,""3"":19}","{""1"":25,""2"":34,""3"":17}",7,51,3,9,,2,17,,2,17,19,25,34,17,TRYING.CHX,Class 1,41,152,0,193,6,6,0,0,0
ELITE ESPORT,Standard,1,SAVAGE,Hq5gw6eD9HnU8lTr2RHZ,FEARLESS WARRIORS,tm_rgqdo8wje,12,29.3,29.268292682926827,12,12,3,3,41,"{""1"":7,""2"":3,""3"":2}","{""1"":6,""2"":9,""3"":21}","{""1"":6,""2"":9,""3"":21}","{""1"":20,""2"":14,""3"":7}",13,52,7,3,2,6,9,21,6,9,21,20,14,7,ƑW・SAVAGEYT,Class 1,35,82,0,117,4,4,0,0,0
ELITE ESPORT,Standard,1,LUZY..,IBjxzcpDIbXJfXjbGIJt,Wicked Esports,siPv7Ygm9BKPZ5jHgV9j,12,30.8,30.76923076923077,12.67,12.666666666666666,2,3,39,"{""2"":3,""3"":9}","{""2"":7,""3"":10}","{""1"":21,""2"":7,""3"":10}","{""1"":3,""2"":16,""3"":20}",15,53,,3,9,,7,10,21,7,10,3,16,20,Ƹи丨HOWढ,Class 1,32,78,0,110,6,6,0,0,0
ELITE ESPORT,Standard,1,BETROWOLF,ZE8R7Mty1GmpwwhIBgxF,CIAO GUARDIANS,xZgUbwrDC2TK3wcpPUY3,11,29.7,29.72972972972973,18.67,18.666666666666668,3,3,37,"{""1"":1,""2"":1,""3"":9}","{""1"":19,""2"":20,""3"":17}","{""1"":19,""2"":20,""3"":17}","{""1"":9,""2"":4,""3"":24}",22,54,1,1,9,19,20,17,19,20,17,9,4,24,MIA K.CHX,Class 1,24,74,-80,18,3.67,3.6666666666666665,0,0,0
ELITE ESPORT,Standard,1,ALLFATHER,eZr86KcPlEoSTarsNbR0,⁠FAZE RAIDERS,VBWUGsiSMKIkkTYb3TSn,11,31.4,31.428571428571427,16.33,16.333333333333332,3,3,35,"{""1"":3,""2"":1,""3"":7}","{""1"":12,""2"":24,""3"":13}","{""1"":12,""2"":24,""3"":13}","{""1"":19,""2"":3,""3"":13}",18,55,3,1,7,12,24,13,12,24,13,19,3,13,ғZ 乄.,Class 1,29,70,0,99,3.67,3.6666666666666665,0,0,0
ELITE ESPORT,Standard,1,NAMORTK,Gh8OnmG7zqJNJodm8MGp,KYZON ALLIANCE,tm_3fapr2cz9,11,16.4,16.417910447761194,12.33,12.333333333333334,3,3,67,"{""1"":1,""2"":4,""3"":6}","{""1"":17,""2"":18,""3"":2}","{""1"":17,""2"":18,""3"":2}","{""1"":15,""2"":16,""3"":36}",19,56,1,4,6,17,18,2,17,18,2,15,16,36,ҞZ NAMOR,Class 1,41,134,-100,75,3.67,3.6666666666666665,0,0,0
ELITE ESPORT,Standard,1,TOLU MARTINS,qiDPTJl18fmW4r6n11Pr,PREACHER X,tm_c0yc4xjf4,11,17.2,17.1875,9,9,2,3,64,"{""1"":7,""2"":4}","{""1"":14,""2"":8}","{""1"":14,""2"":8,""3"":5}","{""1"":18,""2"":20,""3"":26}",9,57,7,4,,14,8,,14,8,5,18,20,26,PЯX・MARTINS,Class 1,42,128,0,170,5.5,5.5,0,0,0
ELITE ESPORT,Standard,1,IDIVYNE,EUVvfZ1fKDe844RVNXE2,KYZON ESPORTS,tm_yvpteelv4,10,17.9,17.857142857142858,14,14,3,3,56,"{""1"":3,""2"":1,""3"":6}","{""1"":8,""2"":23,""3"":11}","{""1"":8,""2"":23,""3"":11}","{""1"":16,""2"":13,""3"":27}",12,58,3,1,6,8,23,11,8,23,11,16,13,27,ҞZ・DIVYNE২,Class 1,32,112,0,144,3.33,3.3333333333333335,0,0,0
ELITE ESPORT,Standard,1,LORD,GmzCDwRsPaVr3ja9DMC3,DARED DEVILS,MtuQDKCIZ6DVLuBq6yCs,10,43.5,43.47826086956522,16,16,3,3,23,"{""1"":4,""2"":6,""3"":0}","{""1"":15,""2"":10,""3"":23}","{""1"":15,""2"":10,""3"":23}","{""1"":11,""2"":11,""3"":1}",20,59,4,6,0,15,10,23,15,10,23,11,11,1,的 FIVE,Class 1,29,46,0,75,3.33,3.3333333333333335,0,0,0
ELITE ESPORT,Standard,1,DRXGZ,n3oNESibxYSYRBmN8Sz5,CIAO GUARDIANS,xZgUbwrDC2TK3wcpPUY3,10,27,27.027027027027028,18.67,18.666666666666668,3,3,37,"{""1"":4,""2"":0,""3"":6}","{""1"":19,""2"":20,""3"":17}","{""1"":19,""2"":20,""3"":17}","{""1"":9,""2"":4,""3"":24}",22,60,4,0,6,19,20,17,19,20,17,9,4,24,SNOWBUNNY.CHX,Class 1,24,74,-80,18,3.33,3.3333333333333335,0,0,0
ELITE ESPORT,Standard,1,TOM,hxHrnWldh81VX3Ygl3kw,PREACHER X,tm_c0yc4xjf4,10,15.6,15.625,9,9,2,3,64,"{""2"":3,""3"":7}","{""2"":8,""3"":5}","{""1"":14,""2"":8,""3"":5}","{""1"":18,""2"":20,""3"":26}",9,61,,3,7,,8,5,14,8,5,18,20,26,PЯX・OG TOM,Class 1,42,128,0,170,5,5,0,0,0
ELITE ESPORT,Standard,1,MĚŠŠǏ,Tc0laVqWzEJS0oLYQInZ,Marines Cartel,o7Dp7knjVTxhemRjJF7R,10,31.3,31.25,8.67,8.666666666666666,1,3,32,"{""1"":10}","{""1"":5}","{""1"":5,""2"":13,""3"":8}","{""1"":8,""2"":14,""3"":10}",16,62,10,,,5,,,5,13,8,8,14,10,¹LT丨MESSI,Class 1,42,64,0,106,10,10,0,0,0
ELITE ESPORT,Standard,1,YUMI,gf2ax5f84KAKtEyDdxTQ,Wicked Esports,siPv7Ygm9BKPZ5jHgV9j,9,23.1,23.076923076923077,12.67,12.666666666666666,3,3,39,"{""1"":0,""2"":5,""3"":4}","{""1"":21,""2"":7,""3"":10}","{""1"":21,""2"":7,""3"":10}","{""1"":3,""2"":16,""3"":20}",15,63,0,5,4,21,7,10,21,7,10,3,16,20,Ƹи丨YUMIढ,Class 1,32,78,0,110,3,3,0,0,0
ELITE ESPORT,Standard,1,LEX,1BsT7yYJiDSyQMkjMinw,PARIS CHITUARI,tm_eoz9k9c4p,9,13.4,13.432835820895523,17.33,17.333333333333332,3,3,67,"{""1"":0,""2"":6,""3"":3}","{""1"":24,""2"":14,""3"":14}","{""1"":24,""2"":14,""3"":14}","{""1"":3,""2"":30,""3"":34}",11,64,0,6,3,24,14,14,24,14,14,3,30,34,PARIS LOST,Class 1,29,134,0,163,3,3,0,0,0
ELITE ESPORT,Standard,1,ZOYS,EMH0sHPmuZIUX365wFgS,⁠FAZE RAIDERS,VBWUGsiSMKIkkTYb3TSn,8,22.9,22.857142857142858,16.33,16.333333333333332,3,3,35,"{""1"":3,""2"":1,""3"":4}","{""1"":12,""2"":24,""3"":13}","{""1"":12,""2"":24,""3"":13}","{""1"":19,""2"":3,""3"":13}",18,65,3,1,4,12,24,13,12,24,13,19,3,13,QTR 1TAP ғZ,Class 1,29,70,0,99,2.67,2.6666666666666665,0,0,0
ELITE ESPORT,Standard,1,RAMOTA,yzbjEUXjtVVBDd7wIeTa,WICKED ENTITIES,tm_n96zqds0m,8,19.5,19.51219512195122,14.67,14.666666666666666,3,3,41,"{""1"":1,""2"":2,""3"":5}","{""1"":9,""2"":19,""3"":16}","{""1"":9,""2"":19,""3"":16}","{""1"":11,""2"":8,""3"":22}",14,66,1,2,5,9,19,16,9,19,16,11,8,22,Ƹи丨FATHER,Class 1,31,82,0,113,2.67,2.6666666666666665,0,0,0
ELITE ESPORT,Standard,1,MAUS,kUOdoGK7ff8eYeZgwvXq,FEARLESS WARRIORS,tm_rgqdo8wje,8,19.5,19.51219512195122,12,12,3,3,41,"{""1"":4,""2"":3,""3"":1}","{""1"":6,""2"":9,""3"":21}","{""1"":6,""2"":9,""3"":21}","{""1"":20,""2"":14,""3"":7}",13,67,4,3,1,6,9,21,6,9,21,20,14,7,FW MAUS,Class 1,35,82,0,117,2.67,2.6666666666666665,0,0,0
ELITE ESPORT,Standard,1,TRAUMA,mRdFfQB7p8thuw53PwWL,⁠FAZE RAIDERS,VBWUGsiSMKIkkTYb3TSn,7,20,20,16.33,16.333333333333332,3,3,35,"{""1"":4,""2"":1,""3"":2}","{""1"":12,""2"":24,""3"":13}","{""1"":12,""2"":24,""3"":13}","{""1"":19,""2"":3,""3"":13}",18,68,4,1,2,12,24,13,12,24,13,19,3,13,ғZ T,Class 1,29,70,0,99,2.33,2.3333333333333335,0,0,0
ELITE ESPORT,Standard,1,KENOBI,pELJbpvr5LDNa3FC6EzA,WICKED ENTITIES,tm_n96zqds0m,7,17.1,17.073170731707318,14.67,14.666666666666666,3,3,41,"{""1"":1,""2"":2,""3"":4}","{""1"":9,""2"":19,""3"":16}","{""1"":9,""2"":19,""3"":16}","{""1"":11,""2"":8,""3"":22}",14,69,1,2,4,9,19,16,9,19,16,11,8,22,Ƹи丨KENOBI,Class 1,31,82,0,113,2.33,2.3333333333333335,0,0,0
ELITE ESPORT,Standard,1,BIRAYTI,3Vtf30EajVEnEAAnX7CH,Marines Cartel,o7Dp7knjVTxhemRjJF7R,7,21.9,21.875,8.67,8.666666666666666,3,3,32,"{""1"":1,""2"":4,""3"":2}","{""1"":5,""2"":13,""3"":8}","{""1"":5,""2"":13,""3"":8}","{""1"":8,""2"":14,""3"":10}",16,70,1,4,2,5,13,8,5,13,8,8,14,10,¹LT丨FAAAHHHH,Class 1,42,64,0,106,2.33,2.3333333333333335,0,0,0
ELITE ESPORT,Standard,1,SAAD,3nkvxUfrlGX1jG36oXAN,Vanguards Insurgents,BRjeTeB5jko6PQyzCcVM,7,23.3,23.333333333333332,18,18,3,3,30,"{""1"":3,""2"":3,""3"":1}","{""1"":16,""2"":16,""3"":22}","{""1"":16,""2"":16,""3"":22}","{""1"":7,""2"":14,""3"":9}",21,71,3,3,1,16,16,22,16,16,22,7,14,9,S•VNG,Class 1,21,60,-60,21,2.33,2.3333333333333335,0,0,0
ELITE ESPORT,Standard,1,ZENO,U5qUlNub5clz0gFGyN1o,AFP Supremacy,TlAvBYIpnJFyR6nkRevy,7,46.7,46.666666666666664,17.67,17.666666666666668,3,3,15,"{""1"":0,""2"":4,""3"":3}","{""1"":23,""2"":21,""3"":9}","{""1"":23,""2"":21,""3"":9}","{""1"":3,""2"":6,""3"":6}",24,72,0,4,3,23,21,9,23,21,9,3,6,6,今 | ZENO,Class 1,25,30,-150,-95,2.33,2.3333333333333335,0,0,0
ELITE ESPORT,Standard,1,EDDIE,PZDmwqcvB8vDIOHHB11e,DARED DEVILS,MtuQDKCIZ6DVLuBq6yCs,7,30.4,30.434782608695656,16,16,3,3,23,"{""1"":4,""2"":3,""3"":0}","{""1"":15,""2"":10,""3"":23}","{""1"":15,""2"":10,""3"":23}","{""1"":11,""2"":11,""3"":1}",20,73,4,3,0,15,10,23,15,10,23,11,11,1,的EDDIERETIRED,Class 1,29,46,0,75,2.33,2.3333333333333335,0,0,0
ELITE ESPORT,Standard,1,SANTAN,9FN7W6DcrRoPES1M1tmw,MERCILESS ESPORTS,tm_sip25jqm7,6,14,13.953488372093023,13.67,13.666666666666666,3,3,43,"{""1"":1,""2"":2,""3"":3}","{""1"":4,""2"":22,""3"":15}","{""1"":4,""2"":22,""3"":15}","{""1"":12,""2"":11,""3"":20}",17,74,1,2,3,4,22,15,4,22,15,12,11,20,MŁ • SXNTAN,Class 1,35,86,-20,101,2,2,0,0,0
ELITE ESPORT,Standard,1,LOVE,lEIbmv2Nb4W1hCF2WYdI,Findigo Mirage,DfsCHneTL900q2o2ZCT6,6,40,40,13.67,13.666666666666666,3,3,15,"{""1"":2,""2"":2,""3"":2}","{""1"":22,""2"":12,""3"":7}","{""1"":22,""2"":12,""3"":7}","{""1"":3,""2"":3,""3"":9}",23,75,2,2,2,22,12,7,22,12,7,3,3,9,GLITCH,Class 1,32,30,-150,-88,2,2,0,0,0
ELITE ESPORT,Standard,1,PHILIP MELO,gybDsWbwIY4s0wRh2Nj4,FEARLESS WARRIORS,tm_rgqdo8wje,6,14.6,14.634146341463413,12,12,3,3,41,"{""1"":3,""2"":2,""3"":1}","{""1"":6,""2"":9,""3"":21}","{""1"":6,""2"":9,""3"":21}","{""1"":20,""2"":14,""3"":7}",13,76,3,2,1,6,9,21,6,9,21,20,14,7,ƑW・MELO,Class 1,35,82,0,117,2,2,0,0,0
ELITE ESPORT,Standard,1,5G,mnKVwBUXcwHsOVSLfF7Z,KYZON ESPORTS,tm_yvpteelv4,5,8.9,8.928571428571429,14,14,3,3,56,"{""1"":1,""2"":2,""3"":2}","{""1"":8,""2"":23,""3"":11}","{""1"":8,""2"":23,""3"":11}","{""1"":16,""2"":13,""3"":27}",12,77,1,2,2,8,23,11,8,23,11,16,13,27,ҞZ・5G২,Class 1,32,112,0,144,1.67,1.6666666666666667,0,0,0
ELITE ESPORT,Standard,1,CPTRICHY,0Gq1L60Kz9PnkIVJpWIk,Marines Cartel,o7Dp7knjVTxhemRjJF7R,5,15.6,15.625,8.67,8.666666666666666,3,3,32,"{""1"":1,""2"":3,""3"":1}","{""1"":5,""2"":13,""3"":8}","{""1"":5,""2"":13,""3"":8}","{""1"":8,""2"":14,""3"":10}",16,78,1,3,1,5,13,8,5,13,8,8,14,10,¹LT丨SCRIPT,Class 1,42,64,0,106,1.67,1.6666666666666667,0,0,0
ELITE ESPORT,Standard,1,FOCUS.OP,5ViJDzyEADuv7oLkyovF,Vanguards Insurgents,BRjeTeB5jko6PQyzCcVM,5,16.7,16.666666666666664,18,18,3,3,30,"{""1"":2,""2"":1,""3"":2}","{""1"":16,""2"":16,""3"":22}","{""1"":16,""2"":16,""3"":22}","{""1"":7,""2"":14,""3"":9}",21,79,2,1,2,16,16,22,16,16,22,7,14,9,IƑ1•VNG,Class 1,21,60,-60,21,1.67,1.6666666666666667,0,0,0
ELITE ESPORT,Standard,1,CLASSIC,18vo3D5eg4OPp39IUoms,Findigo Mirage,DfsCHneTL900q2o2ZCT6,5,33.3,33.33333333333333,13.67,13.666666666666666,3,3,15,"{""1"":0,""2"":1,""3"":4}","{""1"":22,""2"":12,""3"":7}","{""1"":22,""2"":12,""3"":7}","{""1"":3,""2"":3,""3"":9}",23,80,0,1,4,22,12,7,22,12,7,3,3,9,CLASSIC・¹F¡,Class 1,32,30,-150,-88,1.67,1.6666666666666667,0,0,0
ELITE ESPORT,Standard,1,MO,p7NXVZszmKHPcyymmjED,MERCILESS ESPORTS,tm_sip25jqm7,5,11.6,11.627906976744185,13.67,13.666666666666666,3,3,43,"{""1"":1,""2"":1,""3"":3}","{""1"":4,""2"":22,""3"":15}","{""1"":4,""2"":22,""3"":15}","{""1"":12,""2"":11,""3"":20}",17,81,1,1,3,4,22,15,4,22,15,12,11,20,MŁ • MO,Class 1,35,86,-20,101,1.67,1.6666666666666667,0,0,0
ELITE ESPORT,Standard,1,OSASONTT,8Q8u8EfvZ4ZMHbhGPNZA,Marines Cartel,o7Dp7knjVTxhemRjJF7R,5,15.6,15.625,8.67,8.666666666666666,3,3,32,"{""1"":0,""2"":0,""3"":5}","{""1"":5,""2"":13,""3"":8}","{""1"":5,""2"":13,""3"":8}","{""1"":8,""2"":14,""3"":10}",16,82,0,0,5,5,13,8,5,13,8,8,14,10,¹LT丨OSASONTT,Class 1,42,64,0,106,1.67,1.6666666666666667,0,0,0
ELITE ESPORT,Standard,1,SUSRUSKI,vBXOB9nZFg2ugM7IThLa,DARED DEVILS,MtuQDKCIZ6DVLuBq6yCs,4,17.4,17.391304347826086,16,16,3,3,23,"{""1"":2,""2"":1,""3"":1}","{""1"":15,""2"":10,""3"":23}","{""1"":15,""2"":10,""3"":23}","{""1"":11,""2"":11,""3"":1}",20,83,2,1,1,15,10,23,15,10,23,11,11,1,的SUSRUSKI,Class 1,29,46,0,75,1.33,1.3333333333333333,0,0,0
ELITE ESPORT,Standard,1,DARKNESSTT,dmuBez2Kmpn6mg55lsY7,AFP Supremacy,TlAvBYIpnJFyR6nkRevy,4,26.7,26.666666666666668,17.67,17.666666666666668,3,3,15,"{""1"":1,""2"":1,""3"":2}","{""1"":23,""2"":21,""3"":9}","{""1"":23,""2"":21,""3"":9}","{""1"":3,""2"":6,""3"":6}",24,84,1,1,2,23,21,9,23,21,9,3,6,6,今丨DARKNESSTT,Class 1,25,30,-150,-95,1.33,1.3333333333333333,0,0,0
ELITE ESPORT,Standard,1,21MS,OlvDP99EsWN3sJd3nOZC,CIAO GUARDIANS,xZgUbwrDC2TK3wcpPUY3,4,10.8,10.81081081081081,18.67,18.666666666666668,3,3,37,"{""1"":0,""2"":2,""3"":2}","{""1"":19,""2"":20,""3"":17}","{""1"":19,""2"":20,""3"":17}","{""1"":9,""2"":4,""3"":24}",22,85,0,2,2,19,20,17,19,20,17,9,4,24,IKUUUU.CHX,Class 1,24,74,-80,18,1.33,1.3333333333333333,0,0,0
ELITE ESPORT,Standard,1,BOYKA,44JH5GEBQ3Oseh8xchJd,Wicked Esports,siPv7Ygm9BKPZ5jHgV9j,3,7.7,7.6923076923076925,12.67,12.666666666666666,3,3,39,"{""1"":0,""2"":1,""3"":2}","{""1"":21,""2"":7,""3"":10}","{""1"":21,""2"":7,""3"":10}","{""1"":3,""2"":16,""3"":20}",15,86,0,1,2,21,7,10,21,7,10,3,16,20,Ƹи丨BOYKAढ,Class 1,32,78,0,110,1,1,0,0,0
ELITE ESPORT,Standard,1,STEYNTT,QbdL2ROba57WR1rfaKST,AFP Supremacy,TlAvBYIpnJFyR6nkRevy,3,20,20,17.67,17.666666666666668,3,3,15,"{""1"":1,""2"":1,""3"":1}","{""1"":23,""2"":21,""3"":9}","{""1"":23,""2"":21,""3"":9}","{""1"":3,""2"":6,""3"":6}",24,87,1,1,1,23,21,9,23,21,9,3,6,6,今 | STEYNTT,Class 1,25,30,-150,-95,1,1,0,0,0
ELITE ESPORT,Standard,1,DXN,L7plRyFztyM41ijwcvke,Vanguards Insurgents,BRjeTeB5jko6PQyzCcVM,3,10,10,18,18,1,3,30,"{""1"":3}","{""1"":16}","{""1"":16,""2"":16,""3"":22}","{""1"":7,""2"":14,""3"":9}",21,88,3,,,16,,,16,16,22,7,14,9,D •VNG,Class 1,21,60,-60,21,3,3,0,0,0
ELITE ESPORT,Standard,1,MGANGA,Eb7telcdmcu781Batsx0,KYZON ALLIANCE,tm_3fapr2cz9,3,4.5,4.477611940298507,12.33,12.333333333333334,1,3,67,"{""2"":3}","{""2"":18}","{""1"":17,""2"":18,""3"":2}","{""1"":15,""2"":16,""3"":36}",19,89,,3,,,18,,17,18,2,15,16,36,KZ CHAMO 來,Class 1,41,134,-100,75,3,3,0,0,0
ELITE ESPORT,Standard,1,SNOW,d1Yob4KUrJTjdjDvMOOk,Findigo Mirage,DfsCHneTL900q2o2ZCT6,2,13.3,13.333333333333334,13.67,13.666666666666666,3,3,15,"{""1"":0,""2"":0,""3"":2}","{""1"":22,""2"":12,""3"":7}","{""1"":22,""2"":12,""3"":7}","{""1"":3,""2"":3,""3"":9}",23,90,0,0,2,22,12,7,22,12,7,3,3,9,SNOWSZN・¹F¡,Class 1,32,30,-150,-88,0.67,0.6666666666666666,0,0,0
ELITE ESPORT,Standard,1,MISTER,OT3OYiHhLhCCGE6fPU7c,Findigo Mirage,DfsCHneTL900q2o2ZCT6,2,13.3,13.333333333333334,13.67,13.666666666666666,3,3,15,"{""1"":1,""2"":0,""3"":1}","{""1"":22,""2"":12,""3"":7}","{""1"":22,""2"":12,""3"":7}","{""1"":3,""2"":3,""3"":9}",23,91,1,0,1,22,12,7,22,12,7,3,3,9,*MISTER・¹F¡,Class 1,32,30,-150,-88,0.67,0.6666666666666666,0,0,0
ELITE ESPORT,Standard,1,KINGSLEEK,FXStsIKBbfRsAXTNaySt,DARED DEVILS,MtuQDKCIZ6DVLuBq6yCs,2,8.7,8.695652173913043,16,16,2,3,23,"{""1"":1,""2"":1}","{""1"":15,""2"":10}","{""1"":15,""2"":10,""3"":23}","{""1"":11,""2"":11,""3"":1}",20,92,1,1,,15,10,,15,10,23,11,11,1,的AMADIOHA,Class 1,29,46,0,75,1,1,0,0,0
ELITE ESPORT,Standard,1,LOGIC,lnr5Lq6LubQMG2xapBht,PREACHER X,tm_c0yc4xjf4,2,3.1,3.125,9,9,1,3,64,"{""3"":2}","{""3"":5}","{""1"":14,""2"":8,""3"":5}","{""1"":18,""2"":20,""3"":26}",9,93,,,2,,,5,14,8,5,18,20,26,PЯX・LOGIC,Class 1,42,128,0,170,2,2,0,0,0
ELITE ESPORT,Standard,1,SWAYZE,qefoLXaT9gaO2ycKQocy,AFP Supremacy,TlAvBYIpnJFyR6nkRevy,1,6.7,6.666666666666667,17.67,17.666666666666668,1,3,15,"{""1"":1}","{""1"":23}","{""1"":23,""2"":21,""3"":9}","{""1"":3,""2"":6,""3"":6}",24,94,1,,,23,,,23,21,9,3,6,6,今 | SWAYZETT,Class 1,25,30,-150,-95,1,1,0,0,0
ELITE ESPORT,Standard,1,LUDGER,PQAripc5A3a7tOZ5qHrY,CIAO HUNTERS X,tm_twhkzzdmf,1,1.3,1.3157894736842104,12.67,12.666666666666666,1,3,76,"{""3"":1}","{""3"":19}","{""1"":2,""2"":17,""3"":19}","{""1"":25,""2"":34,""3"":17}",7,95,,,1,,,19,2,17,19,25,34,17,LUDGER.CHX,Class 1,41,152,0,193,1,1,0,0,0
ELITE ESPORT,Standard,1,INSIDIOUS,BRtXCxZHqLHMpnZTgpdw,PREACHER X,tm_c0yc4xjf4,0,0,0,9,9,1,3,64,"{""1"":0}","{""1"":14}","{""1"":14,""2"":8,""3"":5}","{""1"":18,""2"":20,""3"":26}",9,96,0,,,14,,,14,8,5,18,20,26,PЯX・FAAAHHH,Class 1,42,128,0,170,0,0,0,0,0
ELITE ESPORT,Standard,1,IMPROVE,Lm6IiiI1Kfp94RSmCvd5,Vanguards Insurgents,BRjeTeB5jko6PQyzCcVM,0,0,0,18,18,1,3,30,"{""1"":0}","{""1"":16}","{""1"":16,""2"":16,""3"":22}","{""1"":7,""2"":14,""3"":9}",21,97,0,,,16,,,16,16,22,7,14,9,YAMMII •VNG,Class 1,21,60,-60,21,0,0,0,0,0
ELITE ESPORT,Standard,2,STALKER,fLonAcil1vpsdmMvcMTT,VORTEX ONE,tm_4oss9tizq,36,32.1,32.142857142857146,11,11,3,3,112,"{""1"":8,""2"":14,""3"":14}","{""1"":19,""2"":1,""3"":13}","{""1"":19,""2"":1,""3"":13}","{""1"":23,""2"":55,""3"":34}",1,1,8,14,14,19,1,13,19,1,13,23,55,34,STALKER.VRX,Class 1,55,224,0,279,12,12,0,0,0
ELITE ESPORT,Standard,2,FATHERALI,lQ3oUgLHQF7EsyPL3mFJ,VORTEX ONE,tm_4oss9tizq,36,32.1,32.142857142857146,11,11,3,3,112,"{""1"":5,""2"":19,""3"":12}","{""1"":19,""2"":1,""3"":13}","{""1"":19,""2"":1,""3"":13}","{""1"":23,""2"":55,""3"":34}",1,2,5,19,12,19,1,13,19,1,13,23,55,34,FATHERALI.VRX,Class 1,55,224,0,279,12,12,0,0,0
ELITE ESPORT,Standard,2,CODGOD,dqr1RKopXDu3zfgmOqcY,LEGIONARIES,tm_ffc044d9o,33,38.4,38.372093023255815,3,3,3,3,86,"{""1"":13,""2"":14,""3"":6}","{""1"":4,""2"":3,""3"":2}","{""1"":4,""2"":3,""3"":2}","{""1"":43,""2"":29,""3"":14}",4,3,13,14,6,4,3,2,4,3,2,43,29,14,LGN・CODGOD宗,Class 1,63,172,0,235,11,11,0,0,0
ELITE ESPORT,Standard,2,YAMMI,mKbAZEsRT1eWe7ky4jci,PREACHER X,tm_c0yc4xjf4,30,33.7,33.70786516853933,4,4,3,3,89,"{""1"":7,""2"":9,""3"":14}","{""1"":7,""2"":2,""3"":3}","{""1"":7,""2"":2,""3"":3}","{""1"":20,""2"":34,""3"":35}",3,4,7,9,14,7,2,3,7,2,3,20,34,35,PЯX・YAMMI,Class 1,60,178,0,238,10,10,0,0,0
ELITE ESPORT,Standard,2,ANDREW,zccOX3iQQuevsZAxcr4f,REMEDIUM INVICTUS,tm_kdh97vkx3,28,30.1,30.107526881720432,2.67,2.6666666666666665,3,3,93,"{""1"":5,""2"":8,""3"":15}","{""1"":3,""2"":4,""3"":1}","{""1"":3,""2"":4,""3"":1}","{""1"":23,""2"":32,""3"":38}",2,5,5,8,15,3,4,1,3,4,1,23,32,38,水RDM・XAKII,Class 1,73,186,0,259,9.33,9.333333333333334,0,0,0
ELITE ESPORT,Standard,2,CHEF PUNK,1LO5N9nzQfk09XHoISVW,PREACHER X,tm_c0yc4xjf4,28,31.5,31.46067415730337,4,4,3,3,89,"{""1"":7,""2"":12,""3"":9}","{""1"":7,""2"":2,""3"":3}","{""1"":7,""2"":2,""3"":3}","{""1"":20,""2"":34,""3"":35}",3,6,7,12,9,7,2,3,7,2,3,20,34,35,PЯX・CHEFPUNK,Class 1,60,178,0,238,9.33,9.333333333333334,0,0,0
ELITE ESPORT,Standard,2,SOG,B9K5pOOLE39QnCqnDNHY,ENVY 7 ONE,tm_ubz3oae5j,25,35.7,35.714285714285715,7.33,7.333333333333333,3,3,70,"{""1"":11,""2"":7,""3"":7}","{""1"":2,""2"":8,""3"":12}","{""1"":2,""2"":8,""3"":12}","{""1"":31,""2"":25,""3"":14}",6,7,11,7,7,2,8,12,2,8,12,31,25,14,SXG.SVN¹,Class 1,52,140,0,192,8.33,8.333333333333334,0,0,0
ELITE ESPORT,Standard,2,NAGDY,yFIWbCiDqV5ohHdVZoW9,VORTEX ONE,tm_4oss9tizq,24,21.4,21.428571428571427,11,11,3,3,112,"{""1"":6,""2"":13,""3"":5}","{""1"":19,""2"":1,""3"":13}","{""1"":19,""2"":1,""3"":13}","{""1"":23,""2"":55,""3"":34}",1,8,6,13,5,19,1,13,19,1,13,23,55,34,PYRAMID.VRX,Class 1,55,224,0,279,8,8,0,0,0
ELITE ESPORT,Standard,2,LAZY,Tmdfj4k7UPoE2wFXGHxJ,REMEDIUM INVICTUS,tm_kdh97vkx3,24,25.8,25.806451612903224,2.67,2.6666666666666665,3,3,93,"{""1"":5,""2"":12,""3"":7}","{""1"":3,""2"":4,""3"":1}","{""1"":3,""2"":4,""3"":1}","{""1"":23,""2"":32,""3"":38}",2,9,5,12,7,3,4,1,3,4,1,23,32,38,水RDM・AURACLE,Class 1,73,186,0,259,8,8,0,0,0
ELITE ESPORT,Standard,2,ICONIC,Bupc8GCd3yBuLtWbFou4,KYZON ALLIANCE,tm_3fapr2cz9,24,31.6,31.57894736842105,8,8,3,3,76,"{""1"":11,""2"":7,""3"":6}","{""1"":5,""2"":12,""3"":7}","{""1"":5,""2"":12,""3"":7}","{""1"":29,""2"":27,""3"":20}",5,10,11,7,6,5,12,7,5,12,7,29,27,20,KZ QUDUS,Class 1,42,152,0,194,8,8,0,0,0
ELITE ESPORT,Standard,2,GAARA,frAw1ZokwwidsPGWguSM,ENVY 7 ONE,tm_ubz3oae5j,22,31.4,31.428571428571427,7.33,7.333333333333333,3,3,70,"{""1"":10,""2"":9,""3"":3}","{""1"":2,""2"":8,""3"":12}","{""1"":2,""2"":8,""3"":12}","{""1"":31,""2"":25,""3"":14}",6,11,10,9,3,2,8,12,2,8,12,31,25,14,GAARA.SVN¹,Class 1,52,140,0,192,7.33,7.333333333333333,0,0,0
ELITE ESPORT,Standard,2,4PFCODM,Zhb9cb37gIIm0yeWpF7M,KYZON ALLIANCE,tm_3fapr2cz9,22,28.9,28.947368421052634,8,8,3,3,76,"{""1"":8,""2"":8,""3"":6}","{""1"":5,""2"":12,""3"":7}","{""1"":5,""2"":12,""3"":7}","{""1"":29,""2"":27,""3"":20}",5,12,8,8,6,5,12,7,5,12,7,29,27,20,KZ 4PF,Class 1,42,152,0,194,7.33,7.333333333333333,0,0,0
ELITE ESPORT,Standard,2,TRAUMA,mRdFfQB7p8thuw53PwWL,⁠FAZE RAIDERS,VBWUGsiSMKIkkTYb3TSn,22,32.8,32.83582089552239,13.33,13.333333333333334,3,3,67,"{""1"":7,""2"":9,""3"":6}","{""1"":8,""2"":18,""3"":14}","{""1"":8,""2"":18,""3"":14}","{""1"":19,""2"":26,""3"":22}",7,13,7,9,6,8,18,14,8,18,14,19,26,22,ғZ T,Class 1,35,134,0,169,7.33,7.333333333333333,0,0,0
ELITE ESPORT,Standard,2,TOLU MARTINS,qiDPTJl18fmW4r6n11Pr,PREACHER X,tm_c0yc4xjf4,21,23.6,23.595505617977526,4,4,3,3,89,"{""1"":3,""2"":10,""3"":8}","{""1"":7,""2"":2,""3"":3}","{""1"":7,""2"":2,""3"":3}","{""1"":20,""2"":34,""3"":35}",3,14,3,10,8,7,2,3,7,2,3,20,34,35,PЯX・MARTINS,Class 1,60,178,0,238,7,7,0,0,0
ELITE ESPORT,Standard,2,APOSTLE,L1LKfVKd47rwlshv2vY1,CIAO HUNTERS X,tm_twhkzzdmf,21,32.3,32.30769230769231,12,12,3,3,65,"{""1"":4,""2"":9,""3"":8}","{""1"":15,""2"":5,""3"":16}","{""1"":15,""2"":5,""3"":16}","{""1"":12,""2"":26,""3"":27}",12,15,4,9,8,15,5,16,15,5,16,12,26,27,ZN APYT.CHX,Class 1,35,130,-60,105,7,7,0,0,0
ELITE ESPORT,Standard,2,JOJO,T2sK7jSZkJqKgLswvF1g,REMEDIUM INVICTUS,tm_kdh97vkx3,21,22.6,22.58064516129032,2.67,2.6666666666666665,3,3,93,"{""1"":6,""2"":7,""3"":8}","{""1"":3,""2"":4,""3"":1}","{""1"":3,""2"":4,""3"":1}","{""1"":23,""2"":32,""3"":38}",2,16,6,7,8,3,4,1,3,4,1,23,32,38,水RDM・JOJO,Class 1,73,186,0,259,7,7,0,0,0
ELITE ESPORT,Standard,2,POISON,QZIn6rAU2CGPFbGbQu4v,GOAT ESPORT,tm_ws9x2fl5b,21,31.8,31.818181818181817,14.67,14.666666666666666,3,3,66,"{""1"":1,""2"":14,""3"":6}","{""1"":21,""2"":6,""3"":17}","{""1"":21,""2"":6,""3"":17}","{""1"":9,""2"":38,""3"":19}",9,17,1,14,6,21,6,17,21,6,17,9,38,19,毒GOAT POISON,Class 1,28,132,0,160,7,7,0,0,0
ELITE ESPORT,Standard,2,NANAYAW,tX7GCLJJ61u8bLkRroBP,GOAT ESPORT,tm_ws9x2fl5b,20,30.3,30.303030303030305,14.67,14.666666666666666,3,3,66,"{""1"":7,""2"":9,""3"":4}","{""1"":21,""2"":6,""3"":17}","{""1"":21,""2"":6,""3"":17}","{""1"":9,""2"":38,""3"":19}",9,18,7,9,4,21,6,17,21,6,17,9,38,19,毒GOAT YAW,Class 1,28,132,0,160,6.67,6.666666666666667,0,0,0
ELITE ESPORT,Standard,2,SAVAGE,Hq5gw6eD9HnU8lTr2RHZ,FEARLESS WARRIORS,tm_rgqdo8wje,19,52.8,52.77777777777778,14,14,3,3,36,"{""1"":10,""2"":1,""3"":8}","{""1"":10,""2"":17,""3"":15}","{""1"":10,""2"":17,""3"":15}","{""1"":16,""2"":5,""3"":15}",14,19,10,1,8,10,17,15,10,17,15,16,5,15,ƑW・SAVAGEYT,Class 1,32,72,0,104,6.33,6.333333333333333,0,0,0
ELITE ESPORT,Standard,2,POPE,EHyRjfeTvbYD9VvE9H1H,LEGIONARIES,tm_ffc044d9o,19,22.1,22.093023255813954,3,3,3,3,86,"{""1"":10,""2"":5,""3"":4}","{""1"":4,""2"":3,""3"":2}","{""1"":4,""2"":3,""3"":2}","{""1"":43,""2"":29,""3"":14}",4,20,10,5,4,4,3,2,4,3,2,43,29,14,LGN・ARSON,Class 1,63,172,0,235,6.33,6.333333333333333,0,0,0
ELITE ESPORT,Standard,2,MAVII,3aWGLybd7lTlgTArNwti,MERCILESS ESPORTS,tm_sip25jqm7,18,29,29.03225806451613,10.33,10.333333333333334,3,3,62,"{""1"":7,""2"":2,""3"":9}","{""1"":11,""2"":10,""3"":10}","{""1"":11,""2"":10,""3"":10}","{""1"":23,""2"":14,""3"":25}",8,21,7,2,9,11,10,10,11,10,10,23,14,25,MŁ • MAVII,Class 1,36,124,0,160,6,6,0,0,0
ELITE ESPORT,Standard,2,SAMMY,CRgmZpi6YPL39TOInRBz,LEGIONARIES,tm_ffc044d9o,18,20.9,20.930232558139537,3,3,3,3,86,"{""1"":12,""2"":4,""3"":2}","{""1"":4,""2"":3,""3"":2}","{""1"":4,""2"":3,""3"":2}","{""1"":43,""2"":29,""3"":14}",4,22,12,4,2,4,3,2,4,3,2,43,29,14,LGN • SAMMY.ﻬ,Class 1,63,172,0,235,6,6,0,0,0
ELITE ESPORT,Standard,2,VANESSAFRAMES,BWcE2ndSsjkYFrLxi3J2,ENVY 7 ONE,tm_ubz3oae5j,18,25.7,25.71428571428571,7.33,7.333333333333333,3,3,70,"{""1"":7,""2"":7,""3"":4}","{""1"":2,""2"":8,""3"":12}","{""1"":2,""2"":8,""3"":12}","{""1"":31,""2"":25,""3"":14}",6,23,7,7,4,2,8,12,2,8,12,31,25,14,FRXMES.SVN¹,Class 1,52,140,0,192,6,6,0,0,0
ELITE ESPORT,Standard,2,RUSTY,GQC099yRTvpPKG2zBXZD,⁠FAZE RAIDERS,VBWUGsiSMKIkkTYb3TSn,18,26.9,26.865671641791046,13.33,13.333333333333334,3,3,67,"{""1"":3,""2"":4,""3"":11}","{""1"":8,""2"":18,""3"":14}","{""1"":8,""2"":18,""3"":14}","{""1"":19,""2"":26,""3"":22}",7,24,3,4,11,8,18,14,8,18,14,19,26,22,ғZ RXSTY,Class 1,35,134,0,169,6,6,0,0,0
ELITE ESPORT,Standard,2,BIGTULA,qj6FOc1Z8aeEWmqUk84v,KYZON ALLIANCE,tm_3fapr2cz9,18,23.7,23.684210526315788,8,8,3,3,76,"{""1"":7,""2"":6,""3"":5}","{""1"":5,""2"":12,""3"":7}","{""1"":5,""2"":12,""3"":7}","{""1"":29,""2"":27,""3"":20}",5,25,7,6,5,5,12,7,5,12,7,29,27,20,KZ TUFVAN,Class 1,42,152,0,194,6,6,0,0,0
ELITE ESPORT,Standard,2,GB CRYPTO,OxMhCUSkyAT0LrziaNDP,GOAT ESPORT,tm_ws9x2fl5b,17,25.8,25.757575757575758,14.67,14.666666666666666,3,3,66,"{""1"":0,""2"":13,""3"":4}","{""1"":21,""2"":6,""3"":17}","{""1"":21,""2"":6,""3"":17}","{""1"":9,""2"":38,""3"":19}",9,26,0,13,4,21,6,17,21,6,17,9,38,19,毒GOAT CRYPTO,Class 1,28,132,0,160,5.67,5.666666666666667,0,0,0
ELITE ESPORT,Standard,2,A1,VOElYffXxZkcpmPLe4T4,MERCILESS ESPORTS,tm_sip25jqm7,17,27.4,27.419354838709676,10.33,10.333333333333334,3,3,62,"{""1"":6,""2"":5,""3"":6}","{""1"":11,""2"":10,""3"":10}","{""1"":11,""2"":10,""3"":10}","{""1"":23,""2"":14,""3"":25}",8,27,6,5,6,11,10,10,11,10,10,23,14,25,MŁ • A1,Class 1,36,124,0,160,5.67,5.666666666666667,0,0,0
ELITE ESPORT,Standard,2,YAGAMI,Bx7S0iZlMNevEE4eXnqz,VORTEX ONE,tm_4oss9tizq,16,14.3,14.285714285714285,11,11,3,3,112,"{""1"":4,""2"":9,""3"":3}","{""1"":19,""2"":1,""3"":13}","{""1"":19,""2"":1,""3"":13}","{""1"":23,""2"":55,""3"":34}",1,28,4,9,3,19,1,13,19,1,13,23,55,34,YAGAMI.VRX,Class 1,55,224,0,279,5.33,5.333333333333333,0,0,0
ELITE ESPORT,Standard,2,DIESEL,bHkMFZ32og02YGmY4skf,LEGIONARIES,tm_ffc044d9o,16,18.6,18.6046511627907,3,3,3,3,86,"{""1"":8,""2"":6,""3"":2}","{""1"":4,""2"":3,""3"":2}","{""1"":4,""2"":3,""3"":2}","{""1"":43,""2"":29,""3"":14}",4,29,8,6,2,4,3,2,4,3,2,43,29,14,LGN・DIESEL,Class 1,63,172,0,235,5.33,5.333333333333333,0,0,0
ELITE ESPORT,Standard,2,NEMESIS,6lq8ySkqC6xbaUo6Erzq,CIAO HUNTERS X,tm_twhkzzdmf,16,24.6,24.615384615384617,12,12,3,3,65,"{""1"":4,""2"":6,""3"":6}","{""1"":15,""2"":5,""3"":16}","{""1"":15,""2"":5,""3"":16}","{""1"":12,""2"":26,""3"":27}",12,30,4,6,6,15,5,16,15,5,16,12,26,27,NEMESIS.CHX,Class 1,35,130,-60,105,5.33,5.333333333333333,0,0,0
ELITE ESPORT,Standard,2,RELAX OG,OKrAHDFNWaCteQUIc2bK,Vanguards Insurgents,BRjeTeB5jko6PQyzCcVM,15,34.1,34.090909090909086,14,14,3,3,44,"{""1"":4,""2"":7,""3"":4}","{""1"":18,""2"":16,""3"":8}","{""1"":18,""2"":16,""3"":8}","{""1"":10,""2"":20,""3"":14}",18,31,4,7,4,18,16,8,18,16,8,10,20,14,IƦ7.VNG,Class 1,31,88,-40,79,5,5,0,0,0
ELITE ESPORT,Standard,2,ZAZA,HtSymBySFjthhFwbCNho,Wicked Esports,siPv7Ygm9BKPZ5jHgV9j,15,35.7,35.714285714285715,13.67,13.666666666666666,3,3,42,"{""1"":2,""2"":6,""3"":7}","{""1"":22,""2"":15,""3"":4}","{""1"":22,""2"":15,""3"":4}","{""1"":7,""2"":14,""3"":21}",10,32,2,6,7,22,15,4,22,15,4,7,14,21,Ƹи丨YUTA ढ,Class 1,35,84,0,119,5,5,0,0,0
ELITE ESPORT,Standard,2,FLUFFY,zJzKvUNu4k0ilGg2ocCY,KYZON ESPORTS,tm_yvpteelv4,15,37.5,37.5,18.33,18.333333333333332,3,3,40,"{""1"":4,""2"":6,""3"":5}","{""1"":17,""2"":20,""3"":18}","{""1"":17,""2"":20,""3"":18}","{""1"":10,""2"":15,""3"":15}",15,33,4,6,5,17,20,18,17,20,18,10,15,15,ҞZ・FLUFF২ढ,Class 1,24,80,0,104,5,5,0,0,0
ELITE ESPORT,Standard,2,ITACHI,8GOX41vVXHYB1HR3LSNi,WICKED ENTITIES,tm_n96zqds0m,15,36.6,36.58536585365854,10,10,3,3,41,"{""1"":5,""2"":6,""3"":4}","{""1"":14,""2"":7,""3"":9}","{""1"":14,""2"":7,""3"":9}","{""1"":10,""2"":17,""3"":14}",13,34,5,6,4,14,7,9,14,7,9,10,17,14,Ƹи丨ZN,Class 1,42,82,-20,104,5,5,0,0,0
ELITE ESPORT,Standard,2,SUSMEDIC,qNv71p42rEEps23BrUvF,CIAO HUNTERS X,tm_twhkzzdmf,15,23.1,23.076923076923077,12,12,3,3,65,"{""1"":1,""2"":5,""3"":9}","{""1"":15,""2"":5,""3"":16}","{""1"":15,""2"":5,""3"":16}","{""1"":12,""2"":26,""3"":27}",12,35,1,5,9,15,5,16,15,5,16,12,26,27,SUSMEDIC.CHX,Class 1,35,130,-60,105,5,5,0,0,0
ELITE ESPORT,Standard,2,MO,p7NXVZszmKHPcyymmjED,MERCILESS ESPORTS,tm_sip25jqm7,14,22.6,22.58064516129032,10.33,10.333333333333334,3,3,62,"{""1"":6,""2"":3,""3"":5}","{""1"":11,""2"":10,""3"":10}","{""1"":11,""2"":10,""3"":10}","{""1"":23,""2"":14,""3"":25}",8,36,6,3,5,11,10,10,11,10,10,23,14,25,MŁ • MO,Class 1,36,124,0,160,4.67,4.666666666666667,0,0,0
ELITE ESPORT,Standard,2,SANTAN,9FN7W6DcrRoPES1M1tmw,MERCILESS ESPORTS,tm_sip25jqm7,13,21,20.967741935483872,10.33,10.333333333333334,3,3,62,"{""1"":4,""2"":4,""3"":5}","{""1"":11,""2"":10,""3"":10}","{""1"":11,""2"":10,""3"":10}","{""1"":23,""2"":14,""3"":25}",8,37,4,4,5,11,10,10,11,10,10,23,14,25,MŁ • SXNTAN,Class 1,36,124,0,160,4.33,4.333333333333333,0,0,0
ELITE ESPORT,Standard,2,TRYING,PoZ1r7UYNb4ferMN4h0R,CIAO HUNTERS X,tm_twhkzzdmf,13,20,20,12,12,3,3,65,"{""1"":3,""2"":6,""3"":4}","{""1"":15,""2"":5,""3"":16}","{""1"":15,""2"":5,""3"":16}","{""1"":12,""2"":26,""3"":27}",12,38,3,6,4,15,5,16,15,5,16,12,26,27,TRYING.CHX,Class 1,35,130,-60,105,4.33,4.333333333333333,0,0,0
ELITE ESPORT,Standard,2,LARRYCODM,IsJGFwRijyY55ezUgJMG,PARIS CHITUARI,tm_eoz9k9c4p,13,37.1,37.142857142857146,15,15,3,3,35,"{""1"":5,""2"":8,""3"":0}","{""1"":12,""2"":11,""3"":22}","{""1"":12,""2"":11,""3"":22}","{""1"":12,""2"":20,""3"":3}",16,39,5,8,0,12,11,22,12,11,22,12,20,3,PARIS LARRY,Class 1,29,70,0,99,4.33,4.333333333333333,0,0,0
ELITE ESPORT,Standard,2,LIONFACE,PMOZmTbjtV7Jea8FMW8Y,Marines Cartel,o7Dp7knjVTxhemRjJF7R,13,54.2,54.166666666666664,13,13,3,3,24,"{""1"":8,""2"":2,""3"":3}","{""1"":1,""2"":19,""3"":19}","{""1"":1,""2"":19,""3"":19}","{""1"":14,""2"":6,""3"":4}",17,40,8,2,3,1,19,19,1,19,19,14,6,4,¹LT丨DADDYLION,Class 1,51,48,-20,79,4.33,4.333333333333333,0,0,0
ELITE ESPORT,Standard,2,JOZZY,FdJ3rIlmedcTFhzRruvA,PARIS CHITUARI,tm_eoz9k9c4p,12,34.3,34.285714285714285,15,15,3,3,35,"{""1"":4,""2"":6,""3"":2}","{""1"":12,""2"":11,""3"":22}","{""1"":12,""2"":11,""3"":22}","{""1"":12,""2"":20,""3"":3}",16,41,4,6,2,12,11,22,12,11,22,12,20,3,۶PARIS JOZZY,Class 1,29,70,0,99,4,4,0,0,0
ELITE ESPORT,Standard,2,GREY,Wxiw1DKhlXTXvayohYTt,REMEDIUM INVICTUS,tm_kdh97vkx3,12,12.9,12.903225806451612,2.67,2.6666666666666665,2,3,93,"{""1"":7,""2"":5}","{""1"":3,""2"":4}","{""1"":3,""2"":4,""3"":1}","{""1"":23,""2"":32,""3"":38}",2,42,7,5,,3,4,,3,4,1,23,32,38,水RDM・ GREY,Class 1,73,186,0,259,6,6,0,0,0
ELITE ESPORT,Standard,2,NAMORTK,Gh8OnmG7zqJNJodm8MGp,KYZON ALLIANCE,tm_3fapr2cz9,12,15.8,15.789473684210526,8,8,3,3,76,"{""1"":3,""2"":6,""3"":3}","{""1"":5,""2"":12,""3"":7}","{""1"":5,""2"":12,""3"":7}","{""1"":29,""2"":27,""3"":20}",5,43,3,6,3,5,12,7,5,12,7,29,27,20,ҞZ NAMOR,Class 1,42,152,0,194,4,4,0,0,0
ELITE ESPORT,Standard,2,ALLFATHER,eZr86KcPlEoSTarsNbR0,⁠FAZE RAIDERS,VBWUGsiSMKIkkTYb3TSn,12,17.9,17.91044776119403,13.33,13.333333333333334,3,3,67,"{""1"":3,""2"":7,""3"":2}","{""1"":8,""2"":18,""3"":14}","{""1"":8,""2"":18,""3"":14}","{""1"":19,""2"":26,""3"":22}",7,44,3,7,2,8,18,14,8,18,14,19,26,22,ғZ 乄.,Class 1,35,134,0,169,4,4,0,0,0
ELITE ESPORT,Standard,2,BOYKA,44JH5GEBQ3Oseh8xchJd,Wicked Esports,siPv7Ygm9BKPZ5jHgV9j,12,28.6,28.57142857142857,13.67,13.666666666666666,3,3,42,"{""1"":1,""2"":4,""3"":7}","{""1"":22,""2"":15,""3"":4}","{""1"":22,""2"":15,""3"":4}","{""1"":7,""2"":14,""3"":21}",10,45,1,4,7,22,15,4,22,15,4,7,14,21,Ƹи丨BOYKAढ,Class 1,35,84,0,119,4,4,0,0,0
ELITE ESPORT,Standard,2,SLY,j39wPvPuSoMq1TOb78Ih,⁠FAZE RAIDERS,VBWUGsiSMKIkkTYb3TSn,11,16.4,16.417910447761194,13.33,13.333333333333334,2,3,67,"{""1"":6,""2"":5}","{""1"":8,""2"":18}","{""1"":8,""2"":18,""3"":14}","{""1"":19,""2"":26,""3"":22}",7,46,6,5,,8,18,,8,18,14,19,26,22,ғZ PELNEEZ.,Class 1,35,134,0,169,5.5,5.5,0,0,0
ELITE ESPORT,Standard,2,TOM,hxHrnWldh81VX3Ygl3kw,PREACHER X,tm_c0yc4xjf4,10,11.2,11.235955056179774,4,4,3,3,89,"{""1"":3,""2"":3,""3"":4}","{""1"":7,""2"":2,""3"":3}","{""1"":7,""2"":2,""3"":3}","{""1"":20,""2"":34,""3"":35}",3,47,3,3,4,7,2,3,7,2,3,20,34,35,PЯX・OG TOM,Class 1,60,178,0,238,3.33,3.3333333333333335,0,0,0
ELITE ESPORT,Standard,2,RAMOTA,yzbjEUXjtVVBDd7wIeTa,WICKED ENTITIES,tm_n96zqds0m,10,24.4,24.390243902439025,10,10,3,3,41,"{""1"":2,""2"":2,""3"":6}","{""1"":14,""2"":7,""3"":9}","{""1"":14,""2"":7,""3"":9}","{""1"":10,""2"":17,""3"":14}",13,48,2,2,6,14,7,9,14,7,9,10,17,14,Ƹи丨FATHER,Class 1,42,82,-20,104,3.33,3.3333333333333335,0,0,0
ELITE ESPORT,Standard,2,COLDSKI,ZMq7kz2SSMfPugtDW1dB,KYZON ESPORTS,tm_yvpteelv4,9,22.5,22.5,18.33,18.333333333333332,3,3,40,"{""1"":3,""2"":3,""3"":3}","{""1"":17,""2"":20,""3"":18}","{""1"":17,""2"":20,""3"":18}","{""1"":10,""2"":15,""3"":15}",15,49,3,3,3,17,20,18,17,20,18,10,15,15,ҞZ・COLDSKI,Class 1,24,80,0,104,3,3,0,0,0
ELITE ESPORT,Standard,2,IDIVYNE,EUVvfZ1fKDe844RVNXE2,KYZON ESPORTS,tm_yvpteelv4,9,22.5,22.5,18.33,18.333333333333332,3,3,40,"{""1"":3,""2"":4,""3"":2}","{""1"":17,""2"":20,""3"":18}","{""1"":17,""2"":20,""3"":18}","{""1"":10,""2"":15,""3"":15}",15,50,3,4,2,17,20,18,17,20,18,10,15,15,ҞZ・DIVYNE২,Class 1,24,80,0,104,3,3,0,0,0
ELITE ESPORT,Standard,2,SAIKO,yOfga3ucBJKbkmBsPnQJ,Wicked Esports,siPv7Ygm9BKPZ5jHgV9j,9,21.4,21.428571428571427,13.67,13.666666666666666,3,3,42,"{""1"":1,""2"":3,""3"":5}","{""1"":22,""2"":15,""3"":4}","{""1"":22,""2"":15,""3"":4}","{""1"":7,""2"":14,""3"":21}",10,51,1,3,5,22,15,4,22,15,4,7,14,21,Ƹи丨POLLOढ,Class 1,35,84,0,119,3,3,0,0,0
ELITE ESPORT,Standard,2,FOCUS.OP,5ViJDzyEADuv7oLkyovF,Vanguards Insurgents,BRjeTeB5jko6PQyzCcVM,9,20.5,20.454545454545457,14,14,3,3,44,"{""1"":1,""2"":5,""3"":3}","{""1"":18,""2"":16,""3"":8}","{""1"":18,""2"":16,""3"":8}","{""1"":10,""2"":20,""3"":14}",18,52,1,5,3,18,16,8,18,16,8,10,20,14,IƑ1•VNG,Class 1,31,88,-40,79,3,3,0,0,0
ELITE ESPORT,Standard,2,CHIKE,WP7wn4jjPa6n4busZVnT,GOAT ESPORT,tm_ws9x2fl5b,8,12.1,12.121212121212121,14.67,14.666666666666666,3,3,66,"{""1"":1,""2"":2,""3"":5}","{""1"":21,""2"":6,""3"":17}","{""1"":21,""2"":6,""3"":17}","{""1"":9,""2"":38,""3"":19}",9,53,1,2,5,21,6,17,21,6,17,9,38,19,毒GOAT CR7,Class 1,28,132,0,160,2.67,2.6666666666666665,0,0,0
ELITE ESPORT,Standard,2,NEGAN,MZpEVrmRkAAV37WP7AsF,REMEDIUM INVICTUS,tm_kdh97vkx3,8,8.6,8.60215053763441,2.67,2.6666666666666665,1,3,93,"{""3"":8}","{""3"":1}","{""1"":3,""2"":4,""3"":1}","{""1"":23,""2"":32,""3"":38}",2,54,,,8,,,1,3,4,1,23,32,38,水RDM・NEGAN,Class 1,73,186,0,259,8,8,0,0,0
ELITE ESPORT,Standard,2,PHILIP MELO,gybDsWbwIY4s0wRh2Nj4,FEARLESS WARRIORS,tm_rgqdo8wje,7,19.4,19.444444444444446,14,14,3,3,36,"{""1"":1,""2"":1,""3"":5}","{""1"":10,""2"":17,""3"":15}","{""1"":10,""2"":17,""3"":15}","{""1"":16,""2"":5,""3"":15}",14,55,1,1,5,10,17,15,10,17,15,16,5,15,ƑW・MELO,Class 1,32,72,0,104,2.33,2.3333333333333335,0,0,0
ELITE ESPORT,Standard,2,LORD,GmzCDwRsPaVr3ja9DMC3,DARED DEVILS,MtuQDKCIZ6DVLuBq6yCs,7,29.2,29.166666666666668,14,14,3,3,24,"{""1"":0,""2"":6,""3"":1}","{""1"":23,""2"":14,""3"":5}","{""1"":23,""2"":14,""3"":5}","{""1"":0,""2"":15,""3"":9}",22,56,0,6,1,23,14,5,23,14,5,0,15,9,的 FIVE,Class 1,32,48,-60,20,2.33,2.3333333333333335,0,0,0
ELITE ESPORT,Standard,2,GENIUS,uuEZBl8ygzwctHZbKjGV,KYZON ESPORTS,tm_yvpteelv4,7,17.5,17.5,18.33,18.333333333333332,3,3,40,"{""1"":0,""2"":2,""3"":5}","{""1"":17,""2"":20,""3"":18}","{""1"":17,""2"":20,""3"":18}","{""1"":10,""2"":15,""3"":15}",15,57,0,2,5,17,20,18,17,20,18,10,15,15,ҞZ • CJACE ২,Class 1,24,80,0,104,2.33,2.3333333333333335,0,0,0
ELITE ESPORT,Standard,2,KINGSLEEK,FXStsIKBbfRsAXTNaySt,DARED DEVILS,MtuQDKCIZ6DVLuBq6yCs,7,29.2,29.166666666666668,14,14,3,3,24,"{""1"":0,""2"":5,""3"":2}","{""1"":23,""2"":14,""3"":5}","{""1"":23,""2"":14,""3"":5}","{""1"":0,""2"":15,""3"":9}",22,58,0,5,2,23,14,5,23,14,5,0,15,9,的AMADIOHA,Class 1,32,48,-60,20,2.33,2.3333333333333335,0,0,0
ELITE ESPORT,Standard,2,DAVLIEN,B11aFzLHBG1YcrCZHV68,Marines Cartel,o7Dp7knjVTxhemRjJF7R,6,25,25,13,13,2,3,24,"{""1"":4,""2"":2}","{""1"":1,""2"":19}","{""1"":1,""2"":19,""3"":19}","{""1"":14,""2"":6,""3"":4}",17,59,4,2,,1,19,,1,19,19,14,6,4,DAVLIEN.IN.¹LT,Class 1,51,48,-20,79,3,3,0,0,0
ELITE ESPORT,Standard,2,SNOW,d1Yob4KUrJTjdjDvMOOk,Findigo Mirage,DfsCHneTL900q2o2ZCT6,6,54.5,54.54545454545454,13.33,13.333333333333334,3,3,11,"{""1"":2,""2"":0,""3"":4}","{""1"":16,""2"":13,""3"":11}","{""1"":16,""2"":13,""3"":11}","{""1"":3,""2"":1,""3"":7}",19,60,2,0,4,16,13,11,16,13,11,3,1,7,SNOWSZN・¹F¡,Class 1,32,22,0,54,2,2,0,0,0
ELITE ESPORT,Standard,2,EDDIE,PZDmwqcvB8vDIOHHB11e,DARED DEVILS,MtuQDKCIZ6DVLuBq6yCs,6,25,25,14,14,3,3,24,"{""1"":0,""2"":3,""3"":3}","{""1"":23,""2"":14,""3"":5}","{""1"":23,""2"":14,""3"":5}","{""1"":0,""2"":15,""3"":9}",22,61,0,3,3,23,14,5,23,14,5,0,15,9,的EDDIERETIRED,Class 1,32,48,-60,20,2,2,0,0,0
ELITE ESPORT,Standard,2,DELETE,yXsVHpZGIDJoF3CpeME2,MAIN CHARACTERS OG,tm_mgol0xhrx,6,54.5,54.54545454545454,15.5,15.5,2,2,11,"{""1"":5,""2"":1}","{""1"":9,""2"":22}","{""1"":9,""2"":22}","{""1"":10,""2"":1}",20,62,5,1,,9,22,,9,22,,10,1,,MC丨IFA,Class 1,20,22,0,42,3,3,0,0,0
ELITE ESPORT,Standard,2,LUZY..,IBjxzcpDIbXJfXjbGIJt,Wicked Esports,siPv7Ygm9BKPZ5jHgV9j,6,14.3,14.285714285714285,13.67,13.666666666666666,3,3,42,"{""1"":3,""2"":1,""3"":2}","{""1"":22,""2"":15,""3"":4}","{""1"":22,""2"":15,""3"":4}","{""1"":7,""2"":14,""3"":21}",10,63,3,1,2,22,15,4,22,15,4,7,14,21,Ƹи丨HOWढ,Class 1,35,84,0,119,2,2,0,0,0
ELITE ESPORT,Standard,2,VO1D.IOS,niCI94WjI9qL3fx6FooI,PARIS CHITUARI,tm_eoz9k9c4p,6,17.1,17.142857142857142,15,15,3,3,35,"{""1"":1,""2"":4,""3"":1}","{""1"":12,""2"":11,""3"":22}","{""1"":12,""2"":11,""3"":22}","{""1"":12,""2"":20,""3"":3}",16,64,1,4,1,12,11,22,12,11,22,12,20,3,PARIS CLIT,Class 1,29,70,0,99,2,2,0,0,0
ELITE ESPORT,Standard,2,YUSUF,qKQQ85V7nwqlL2KDXoGl,ENVY 7 ONE,tm_ubz3oae5j,5,7.1,7.142857142857142,7.33,7.333333333333333,3,3,70,"{""1"":3,""2"":2,""3"":0}","{""1"":2,""2"":8,""3"":12}","{""1"":2,""2"":8,""3"":12}","{""1"":31,""2"":25,""3"":14}",6,65,3,2,0,2,8,12,2,8,12,31,25,14,YUSUF.SVN¹,Class 1,52,140,0,192,1.67,1.6666666666666667,0,0,0
ELITE ESPORT,Standard,2,MAUS,kUOdoGK7ff8eYeZgwvXq,FEARLESS WARRIORS,tm_rgqdo8wje,5,13.9,13.88888888888889,14,14,3,3,36,"{""1"":2,""2"":1,""3"":2}","{""1"":10,""2"":17,""3"":15}","{""1"":10,""2"":17,""3"":15}","{""1"":16,""2"":5,""3"":15}",14,66,2,1,2,10,17,15,10,17,15,16,5,15,FW MAUS,Class 1,32,72,0,104,1.67,1.6666666666666667,0,0,0
ELITE ESPORT,Standard,2,KENOBI,pELJbpvr5LDNa3FC6EzA,WICKED ENTITIES,tm_n96zqds0m,5,12.2,12.195121951219512,10,10,2,3,41,"{""1"":3,""2"":2}","{""1"":14,""2"":7}","{""1"":14,""2"":7,""3"":9}","{""1"":10,""2"":17,""3"":14}",13,67,3,2,,14,7,,14,7,9,10,17,14,Ƹи丨KENOBI,Class 1,42,82,-20,104,2.5,2.5,0,0,0
ELITE ESPORT,Standard,2,TARIQ,o3PQfaOzAy6S5fLGEOP0,FEARLESS WARRIORS,tm_rgqdo8wje,5,13.9,13.88888888888889,14,14,3,3,36,"{""1"":3,""2"":2,""3"":0}","{""1"":10,""2"":17,""3"":15}","{""1"":10,""2"":17,""3"":15}","{""1"":16,""2"":5,""3"":15}",14,68,3,2,0,10,17,15,10,17,15,16,5,15,ƑW・T,Class 1,32,72,0,104,1.67,1.6666666666666667,0,0,0
ELITE ESPORT,Standard,2,DRXGZ,n3oNESibxYSYRBmN8Sz5,CIAO GUARDIANS,xZgUbwrDC2TK3wcpPUY3,4,33.3,33.33333333333333,12,12,2,3,12,"{""1"":3,""2"":1}","{""1"":6,""2"":9}","{""1"":6,""2"":9,""3"":21}","{""1"":6,""2"":5,""3"":1}",23,69,3,1,,6,9,,6,9,21,6,5,1,SNOWBUNNY.CHX,Class 1,35,24,-150,-91,2,2,0,0,0
ELITE ESPORT,Standard,2,KABAL,CoXY5hzzw9FrsNyz2A13,DEVELOPERS,tm_w0a02yn8h,4,44.4,44.44444444444444,21,21,3,3,9,"{""1"":1,""2"":1,""3"":2}","{""1"":20,""2"":23,""3"":20}","{""1"":20,""2"":23,""3"":20}","{""1"":4,""2"":1,""3"":4}",21,70,1,1,2,20,23,20,20,23,20,4,1,4,KABALSKI.DXV,Class 1,21,18,0,39,1.33,1.3333333333333333,0,0,0
ELITE ESPORT,Standard,2,LEX,1BsT7yYJiDSyQMkjMinw,PARIS CHITUARI,tm_eoz9k9c4p,4,11.4,11.428571428571429,15,15,3,3,35,"{""1"":2,""2"":2,""3"":0}","{""1"":12,""2"":11,""3"":22}","{""1"":12,""2"":11,""3"":22}","{""1"":12,""2"":20,""3"":3}",16,71,2,2,0,12,11,22,12,11,22,12,20,3,PARIS LOST,Class 1,29,70,0,99,1.33,1.3333333333333333,0,0,0
ELITE ESPORT,Standard,2,BETROWOLF,ZE8R7Mty1GmpwwhIBgxF,CIAO GUARDIANS,xZgUbwrDC2TK3wcpPUY3,4,33.3,33.33333333333333,12,12,3,3,12,"{""1"":1,""2"":2,""3"":1}","{""1"":6,""2"":9,""3"":21}","{""1"":6,""2"":9,""3"":21}","{""1"":6,""2"":5,""3"":1}",23,72,1,2,1,6,9,21,6,9,21,6,5,1,MIA K.CHX,Class 1,35,24,-150,-91,1.33,1.3333333333333333,0,0,0
ELITE ESPORT,Standard,2,SAAD,3nkvxUfrlGX1jG36oXAN,Vanguards Insurgents,BRjeTeB5jko6PQyzCcVM,4,9.1,9.090909090909092,14,14,3,3,44,"{""1"":1,""2"":1,""3"":2}","{""1"":18,""2"":16,""3"":8}","{""1"":18,""2"":16,""3"":8}","{""1"":10,""2"":20,""3"":14}",18,73,1,1,2,18,16,8,18,16,8,10,20,14,S•VNG,Class 1,31,88,-40,79,1.33,1.3333333333333333,0,0,0
ELITE ESPORT,Standard,2,SUSRUSKI,vBXOB9nZFg2ugM7IThLa,DARED DEVILS,MtuQDKCIZ6DVLuBq6yCs,4,16.7,16.666666666666664,14,14,3,3,24,"{""1"":0,""2"":1,""3"":3}","{""1"":23,""2"":14,""3"":5}","{""1"":23,""2"":14,""3"":5}","{""1"":0,""2"":15,""3"":9}",22,74,0,1,3,23,14,5,23,14,5,0,15,9,的SUSRUSKI,Class 1,32,48,-60,20,1.33,1.3333333333333333,0,0,0
ELITE ESPORT,Standard,2,ODOGWU,EL0jkB2u1HR36UhBAUWa,DEVELOPERS,tm_w0a02yn8h,3,33.3,33.33333333333333,21,21,3,3,9,"{""1"":3,""2"":0,""3"":0}","{""1"":20,""2"":23,""3"":20}","{""1"":20,""2"":23,""3"":20}","{""1"":4,""2"":1,""3"":4}",21,75,3,0,0,20,23,20,20,23,20,4,1,4,GOATED .DXV,Class 1,21,18,0,39,1,1,0,0,0
ELITE ESPORT,Standard,2,SNAKEYT,fuzblN1OfmEtQUB8ZTyd,MAIN CHARACTERS OG,tm_mgol0xhrx,3,27.3,27.27272727272727,15.5,15.5,2,2,11,"{""1"":3,""2"":0}","{""1"":9,""2"":22}","{""1"":9,""2"":22}","{""1"":10,""2"":1}",20,76,3,0,,9,22,,9,22,,10,1,,SNAKEYT丨MC,Class 1,20,22,0,42,1.5,1.5,0,0,0
ELITE ESPORT,Standard,2,CPTRICHY,0Gq1L60Kz9PnkIVJpWIk,Marines Cartel,o7Dp7knjVTxhemRjJF7R,3,12.5,12.5,13,13,3,3,24,"{""1"":2,""2"":1,""3"":0}","{""1"":1,""2"":19,""3"":19}","{""1"":1,""2"":19,""3"":19}","{""1"":14,""2"":6,""3"":4}",17,77,2,1,0,1,19,19,1,19,19,14,6,4,¹LT丨SCRIPT,Class 1,51,48,-20,79,1,1,0,0,0
ELITE ESPORT,Standard,2,KEKE,Qwl2vRUJbA6CWBqKcZ1O,CIAO GUARDIANS,xZgUbwrDC2TK3wcpPUY3,3,25,25,12,12,3,3,12,"{""1"":2,""2"":1,""3"":0}","{""1"":6,""2"":9,""3"":21}","{""1"":6,""2"":9,""3"":21}","{""1"":6,""2"":5,""3"":1}",23,78,2,1,0,6,9,21,6,9,21,6,5,1,OUTLAW.CHX,Class 1,35,24,-150,-91,1,1,0,0,0
ELITE ESPORT,Standard,2,LOVE,lEIbmv2Nb4W1hCF2WYdI,Findigo Mirage,DfsCHneTL900q2o2ZCT6,3,27.3,27.27272727272727,13.33,13.333333333333334,3,3,11,"{""1"":0,""2"":1,""3"":2}","{""1"":16,""2"":13,""3"":11}","{""1"":16,""2"":13,""3"":11}","{""1"":3,""2"":1,""3"":7}",19,79,0,1,2,16,13,11,16,13,11,3,1,7,GLITCH,Class 1,32,22,0,54,1,1,0,0,0
ELITE ESPORT,Standard,2,LYON,rsul2CWwdEzEvzuOnnFu,DEVELOPERS,tm_w0a02yn8h,2,22.2,22.22222222222222,21,21,3,3,9,"{""1"":0,""2"":0,""3"":2}","{""1"":20,""2"":23,""3"":20}","{""1"":20,""2"":23,""3"":20}","{""1"":4,""2"":1,""3"":4}",21,80,0,0,2,20,23,20,20,23,20,4,1,4,CHASE.DXV,Class 1,21,18,0,39,0.67,0.6666666666666666,0,0,0
ELITE ESPORT,Standard,2,CLASSIC,18vo3D5eg4OPp39IUoms,Findigo Mirage,DfsCHneTL900q2o2ZCT6,2,18.2,18.181818181818183,13.33,13.333333333333334,3,3,11,"{""1"":1,""2"":0,""3"":1}","{""1"":16,""2"":13,""3"":11}","{""1"":16,""2"":13,""3"":11}","{""1"":3,""2"":1,""3"":7}",19,81,1,0,1,16,13,11,16,13,11,3,1,7,CLASSIC・¹F¡,Class 1,32,22,0,54,0.67,0.6666666666666666,0,0,0
ELITE ESPORT,Standard,2,BRILLIANTLY,DPdrHHOSzTlsm2d0fyh2,WICKED ENTITIES,tm_n96zqds0m,2,4.9,4.878048780487805,10,10,1,3,41,"{""3"":2}","{""3"":9}","{""1"":14,""2"":7,""3"":9}","{""1"":10,""2"":17,""3"":14}",13,82,,,2,,,9,14,7,9,10,17,14,Ƹи丨.BRILIANTLY,Class 1,42,82,-20,104,2,2,0,0,0
ELITE ESPORT,Standard,2,ZOYS,EMH0sHPmuZIUX365wFgS,⁠FAZE RAIDERS,VBWUGsiSMKIkkTYb3TSn,2,3,2.9850746268656714,13.33,13.333333333333334,1,3,67,"{""3"":2}","{""3"":14}","{""1"":8,""2"":18,""3"":14}","{""1"":19,""2"":26,""3"":22}",7,83,,,2,,,14,8,18,14,19,26,22,QTR 1TAP ғZ,Class 1,35,134,0,169,2,2,0,0,0
ELITE ESPORT,Standard,2,OSASONTT,8Q8u8EfvZ4ZMHbhGPNZA,Marines Cartel,o7Dp7knjVTxhemRjJF7R,1,4.2,4.166666666666666,13,13,3,3,24,"{""1"":0,""2"":1,""3"":0}","{""1"":1,""2"":19,""3"":19}","{""1"":1,""2"":19,""3"":19}","{""1"":14,""2"":6,""3"":4}",17,84,0,1,0,1,19,19,1,19,19,14,6,4,¹LT丨OSASONTT,Class 1,51,48,-20,79,0.33,0.3333333333333333,0,0,0
ELITE ESPORT,Standard,2,21MS,OlvDP99EsWN3sJd3nOZC,CIAO GUARDIANS,xZgUbwrDC2TK3wcpPUY3,1,8.3,8.333333333333332,12,12,3,3,12,"{""1"":0,""2"":1,""3"":0}","{""1"":6,""2"":9,""3"":21}","{""1"":6,""2"":9,""3"":21}","{""1"":6,""2"":5,""3"":1}",23,85,0,1,0,6,9,21,6,9,21,6,5,1,IKUUUU.CHX,Class 1,35,24,-150,-91,0.33,0.3333333333333333,0,0,0
ELITE ESPORT,Standard,2,BIRAYTI,3Vtf30EajVEnEAAnX7CH,Marines Cartel,o7Dp7knjVTxhemRjJF7R,1,4.2,4.166666666666666,13,13,1,3,24,"{""3"":1}","{""3"":19}","{""1"":1,""2"":19,""3"":19}","{""1"":14,""2"":6,""3"":4}",17,86,,,1,,,19,1,19,19,14,6,4,¹LT丨FAAAHHHH,Class 1,51,48,-20,79,1,1,0,0,0
ELITE ESPORT,Standard,2,FEEZYYT,l3vxxu4J4YVLLtpydbiX,MAIN CHARACTERS OG,tm_mgol0xhrx,1,9.1,9.090909090909092,15.5,15.5,2,2,11,"{""1"":1,""2"":0}","{""1"":9,""2"":22}","{""1"":9,""2"":22}","{""1"":10,""2"":1}",20,87,1,0,,9,22,,9,22,,10,1,,FZ丨MC,Class 1,20,22,0,42,0.5,0.5,0,0,0
ELITE ESPORT,Standard,2,KLAUD,JpfWZasDzdDT21MA9Zzy,MAIN CHARACTERS OG,tm_mgol0xhrx,1,9.1,9.090909090909092,15.5,15.5,1,2,11,"{""1"":1}","{""1"":9}","{""1"":9,""2"":22}","{""1"":10,""2"":1}",20,88,1,,,9,,,9,22,,10,1,,MC丨KLAUD,Class 1,20,22,0,42,1,1,0,0,0
ELITE ESPORT,Standard,2,FATHER AGE,Q63XSJmpDP5cUC8DnvR4,MAIN CHARACTERS OG,tm_mgol0xhrx,0,0,0,15.5,15.5,1,2,11,"{""2"":0}","{""2"":22}","{""1"":9,""2"":22}","{""1"":10,""2"":1}",20,89,,0,,,22,,9,22,,10,1,,MC丨ENGR BABA,Class 1,20,22,0,42,0,0,0,0,0
ELITE ESPORT,Standard,2,FINDIGO,ccYYdD7vIbp47umWzOpl,Findigo Mirage,DfsCHneTL900q2o2ZCT6,0,0,0,13.33,13.333333333333334,3,3,11,"{""1"":0,""2"":0,""3"":0}","{""1"":16,""2"":13,""3"":11}","{""1"":16,""2"":13,""3"":11}","{""1"":3,""2"":1,""3"":7}",19,90,0,0,0,16,13,11,16,13,11,3,1,7,FINDIGO・¹F¡,Class 1,32,22,0,54,0,0,0,0,0
ELITE ESPORT,Standard,2,MOVEMENT,zbgasCEzQ3XBmq26KwCr,DEVELOPERS,tm_w0a02yn8h,0,0,0,21,21,3,3,9,"{""1"":0,""2"":0,""3"":0}","{""1"":20,""2"":23,""3"":20}","{""1"":20,""2"":23,""3"":20}","{""1"":4,""2"":1,""3"":4}",21,91,0,0,0,20,23,20,20,23,20,4,1,4,MOVEMENT..DXV,Class 1,21,18,0,39,0,0,0,0,0
ELITE ESPORT,Standard,3,GB CRYPTO,OxMhCUSkyAT0LrziaNDP,GOAT ESPORT,tm_ws9x2fl5b,35,30.2,30.17241379310345,8.67,8.666666666666666,3,3,116,"{""1"":10,""2"":15,""3"":10}","{""1"":9,""2"":1,""3"":16}","{""1"":9,""2"":1,""3"":16}","{""1"":42,""2"":42,""3"":32}",1,1,10,15,10,9,1,16,9,1,16,42,42,32,毒GOAT CRYPTO,Class 1,58,232,0,290,11.67,11.666666666666666,0,0,0
ELITE ESPORT,Standard,3,ANDREW,zccOX3iQQuevsZAxcr4f,REMEDIUM INVICTUS,tm_kdh97vkx3,34,39.1,39.08045977011494,10.67,10.666666666666666,3,3,87,"{""1"":4,""2"":19,""3"":11}","{""1"":22,""2"":4,""3"":6}","{""1"":22,""2"":4,""3"":6}","{""1"":10,""2"":47,""3"":30}",4,2,4,19,11,22,4,6,22,4,6,10,47,30,水RDM・XAKII,Class 1,38,174,0,212,11.33,11.333333333333334,0,0,0
ELITE ESPORT,Standard,3,REZOX,Ev0TDfM50zwRoU5gtCAm,PARIS CHITUARI,tm_eoz9k9c4p,33,34.7,34.73684210526316,8.33,8.333333333333334,3,3,95,"{""1"":7,""2"":10,""3"":16}","{""1"":19,""2"":5,""3"":1}","{""1"":19,""2"":5,""3"":1}","{""1"":22,""2"":28,""3"":45}",2,3,7,10,16,19,5,1,19,5,1,22,28,45,PARIS REYZOX,Class 1,58,190,0,248,11,11,0,0,0
ELITE ESPORT,Standard,3,ODOGWU,EL0jkB2u1HR36UhBAUWa,DEVELOPERS,tm_w0a02yn8h,32,37.6,37.64705882352941,7.33,7.333333333333333,3,3,85,"{""1"":10,""2"":14,""3"":8}","{""1"":1,""2"":3,""3"":18}","{""1"":1,""2"":3,""3"":18}","{""1"":35,""2"":32,""3"":18}",3,4,10,14,8,1,3,18,1,3,18,35,32,18,GOATED .DXV,Class 1,63,170,0,233,10.67,10.666666666666666,0,0,0
ELITE ESPORT,Standard,3,COLDSKI,ZMq7kz2SSMfPugtDW1dB,KYZON ESPORTS,tm_yvpteelv4,31,32.3,32.29166666666667,9.67,9.666666666666666,3,3,96,"{""1"":8,""2"":7,""3"":16}","{""1"":13,""2"":12,""3"":4}","{""1"":13,""2"":12,""3"":4}","{""1"":25,""2"":24,""3"":47}",5,5,8,7,16,13,12,4,13,12,4,25,24,47,ҞZ・COLDSKI,Class 1,42,192,-40,194,10.33,10.333333333333334,0,0,0
ELITE ESPORT,Standard,3,NANAYAW,tX7GCLJJ61u8bLkRroBP,GOAT ESPORT,tm_ws9x2fl5b,30,25.9,25.862068965517242,8.67,8.666666666666666,3,3,116,"{""1"":9,""2"":11,""3"":10}","{""1"":9,""2"":1,""3"":16}","{""1"":9,""2"":1,""3"":16}","{""1"":42,""2"":42,""3"":32}",1,6,9,11,10,9,1,16,9,1,16,42,42,32,毒GOAT YAW,Class 1,58,232,0,290,10,10,0,0,0
ELITE ESPORT,Standard,3,CHIKE,WP7wn4jjPa6n4busZVnT,GOAT ESPORT,tm_ws9x2fl5b,27,23.3,23.275862068965516,8.67,8.666666666666666,3,3,116,"{""1"":10,""2"":12,""3"":5}","{""1"":9,""2"":1,""3"":16}","{""1"":9,""2"":1,""3"":16}","{""1"":42,""2"":42,""3"":32}",1,7,10,12,5,9,1,16,9,1,16,42,42,32,毒GOAT CR7,Class 1,58,232,0,290,9,9,0,0,0
ELITE ESPORT,Standard,3,FLUFFY,zJzKvUNu4k0ilGg2ocCY,KYZON ESPORTS,tm_yvpteelv4,27,28.1,28.125,9.67,9.666666666666666,3,3,96,"{""1"":8,""2"":3,""3"":16}","{""1"":13,""2"":12,""3"":4}","{""1"":13,""2"":12,""3"":4}","{""1"":25,""2"":24,""3"":47}",5,8,8,3,16,13,12,4,13,12,4,25,24,47,ҞZ・FLUFF২ढ,Class 1,42,192,-40,194,9,9,0,0,0
ELITE ESPORT,Standard,3,JOJO,T2sK7jSZkJqKgLswvF1g,REMEDIUM INVICTUS,tm_kdh97vkx3,25,28.7,28.735632183908045,10.67,10.666666666666666,3,3,87,"{""1"":3,""2"":12,""3"":10}","{""1"":22,""2"":4,""3"":6}","{""1"":22,""2"":4,""3"":6}","{""1"":10,""2"":47,""3"":30}",4,9,3,12,10,22,4,6,22,4,6,10,47,30,水RDM・JOJO,Class 1,38,174,0,212,8.33,8.333333333333334,0,0,0
ELITE ESPORT,Standard,3,POISON,QZIn6rAU2CGPFbGbQu4v,GOAT ESPORT,tm_ws9x2fl5b,24,20.7,20.689655172413794,8.67,8.666666666666666,3,3,116,"{""1"":13,""2"":4,""3"":7}","{""1"":9,""2"":1,""3"":16}","{""1"":9,""2"":1,""3"":16}","{""1"":42,""2"":42,""3"":32}",1,10,13,4,7,9,1,16,9,1,16,42,42,32,毒GOAT POISON,Class 1,58,232,0,290,8,8,0,0,0
ELITE ESPORT,Standard,3,JOZZY,FdJ3rIlmedcTFhzRruvA,PARIS CHITUARI,tm_eoz9k9c4p,23,24.2,24.210526315789473,8.33,8.333333333333334,3,3,95,"{""1"":10,""2"":2,""3"":11}","{""1"":19,""2"":5,""3"":1}","{""1"":19,""2"":5,""3"":1}","{""1"":22,""2"":28,""3"":45}",2,11,10,2,11,19,5,1,19,5,1,22,28,45,۶PARIS JOZZY,Class 1,58,190,0,248,7.67,7.666666666666667,0,0,0
ELITE ESPORT,Standard,3,LARRYCODM,IsJGFwRijyY55ezUgJMG,PARIS CHITUARI,tm_eoz9k9c4p,22,23.2,23.157894736842106,8.33,8.333333333333334,3,3,95,"{""1"":3,""2"":8,""3"":11}","{""1"":19,""2"":5,""3"":1}","{""1"":19,""2"":5,""3"":1}","{""1"":22,""2"":28,""3"":45}",2,12,3,8,11,19,5,1,19,5,1,22,28,45,PARIS LARRY,Class 1,58,190,0,248,7.33,7.333333333333333,0,0,0
ELITE ESPORT,Standard,3,STALKER,fLonAcil1vpsdmMvcMTT,VORTEX ONE,tm_4oss9tizq,22,30.6,30.555555555555557,11.33,11.333333333333334,3,3,72,"{""1"":7,""2"":8,""3"":7}","{""1"":15,""2"":14,""3"":5}","{""1"":15,""2"":14,""3"":5}","{""1"":30,""2"":14,""3"":28}",6,13,7,8,7,15,14,5,15,14,5,30,14,28,STALKER.VRX,Class 1,39,144,0,183,7.33,7.333333333333333,0,0,0
ELITE ESPORT,Standard,3,YAGAMI,Bx7S0iZlMNevEE4eXnqz,VORTEX ONE,tm_4oss9tizq,22,30.6,30.555555555555557,11.33,11.333333333333334,3,3,72,"{""1"":11,""2"":4,""3"":7}","{""1"":15,""2"":14,""3"":5}","{""1"":15,""2"":14,""3"":5}","{""1"":30,""2"":14,""3"":28}",6,14,11,4,7,15,14,5,15,14,5,30,14,28,YAGAMI.VRX,Class 1,39,144,0,183,7.33,7.333333333333333,0,0,0
ELITE ESPORT,Standard,3,MOVEMENT,zbgasCEzQ3XBmq26KwCr,DEVELOPERS,tm_w0a02yn8h,21,24.7,24.705882352941178,7.33,7.333333333333333,3,3,85,"{""1"":10,""2"":9,""3"":2}","{""1"":1,""2"":3,""3"":18}","{""1"":1,""2"":3,""3"":18}","{""1"":35,""2"":32,""3"":18}",3,15,10,9,2,1,3,18,1,3,18,35,32,18,MOVEMENT..DXV,Class 1,63,170,0,233,7,7,0,0,0
ELITE ESPORT,Standard,3,LAZY,Tmdfj4k7UPoE2wFXGHxJ,REMEDIUM INVICTUS,tm_kdh97vkx3,20,23,22.988505747126435,10.67,10.666666666666666,3,3,87,"{""1"":2,""2"":11,""3"":7}","{""1"":22,""2"":4,""3"":6}","{""1"":22,""2"":4,""3"":6}","{""1"":10,""2"":47,""3"":30}",4,16,2,11,7,22,4,6,22,4,6,10,47,30,水RDM・AURACLE,Class 1,38,174,0,212,6.67,6.666666666666667,0,0,0
ELITE ESPORT,Standard,3,GENIUS,uuEZBl8ygzwctHZbKjGV,KYZON ESPORTS,tm_yvpteelv4,20,20.8,20.833333333333336,9.67,9.666666666666666,3,3,96,"{""1"":7,""2"":9,""3"":4}","{""1"":13,""2"":12,""3"":4}","{""1"":13,""2"":12,""3"":4}","{""1"":25,""2"":24,""3"":47}",5,17,7,9,4,13,12,4,13,12,4,25,24,47,ҞZ • CJACE ২,Class 1,42,192,-40,194,6.67,6.666666666666667,0,0,0
ELITE ESPORT,Standard,3,APOSTLE,L1LKfVKd47rwlshv2vY1,CIAO HUNTERS X,tm_twhkzzdmf,19,40.4,40.42553191489361,16.67,16.666666666666668,3,3,47,"{""1"":9,""2"":4,""3"":6}","{""1"":14,""2"":19,""3"":17}","{""1"":14,""2"":19,""3"":17}","{""1"":29,""2"":6,""3"":12}",11,18,9,4,6,14,19,17,14,19,17,29,6,12,ZN APYT.CHX,Class 1,28,94,0,122,6.33,6.333333333333333,0,0,0
ELITE ESPORT,Standard,3,MAVII,3aWGLybd7lTlgTArNwti,MERCILESS ESPORTS,tm_sip25jqm7,19,39.6,39.58333333333333,12,12,3,3,48,"{""1"":4,""2"":7,""3"":8}","{""1"":20,""2"":2,""3"":14}","{""1"":20,""2"":2,""3"":14}","{""1"":7,""2"":25,""3"":16}",17,19,4,7,8,20,2,14,20,2,14,7,25,16,MŁ • MAVII,Class 1,45,96,-60,81,6.33,6.333333333333333,0,0,0
ELITE ESPORT,Standard,3,IDIVYNE,EUVvfZ1fKDe844RVNXE2,KYZON ESPORTS,tm_yvpteelv4,18,18.8,18.75,9.67,9.666666666666666,3,3,96,"{""1"":2,""2"":5,""3"":11}","{""1"":13,""2"":12,""3"":4}","{""1"":13,""2"":12,""3"":4}","{""1"":25,""2"":24,""3"":47}",5,20,2,5,11,13,12,4,13,12,4,25,24,47,ҞZ・DIVYNE২,Class 1,42,192,-40,194,6,6,0,0,0
ELITE ESPORT,Standard,3,PAGANINI,APlTtB3VKt0P7QlbaYHA,LEGIONARIES,tm_ffc044d9o,17,29.3,29.310344827586203,8.33,8.333333333333334,3,3,58,"{""1"":8,""2"":1,""3"":8}","{""1"":4,""2"":18,""3"":3}","{""1"":4,""2"":18,""3"":3}","{""1"":30,""2"":6,""3"":22}",7,21,8,1,8,4,18,3,4,18,3,30,6,22,LGN・BABOON,Class 1,46,116,0,162,5.67,5.666666666666667,0,0,0
ELITE ESPORT,Standard,3,LEX,1BsT7yYJiDSyQMkjMinw,PARIS CHITUARI,tm_eoz9k9c4p,17,17.9,17.894736842105264,8.33,8.333333333333334,3,3,95,"{""1"":2,""2"":8,""3"":7}","{""1"":19,""2"":5,""3"":1}","{""1"":19,""2"":5,""3"":1}","{""1"":22,""2"":28,""3"":45}",2,22,2,8,7,19,5,1,19,5,1,22,28,45,PARIS LOST,Class 1,58,190,0,248,5.67,5.666666666666667,0,0,0
ELITE ESPORT,Standard,3,LYON,rsul2CWwdEzEvzuOnnFu,DEVELOPERS,tm_w0a02yn8h,17,20,20,7.33,7.333333333333333,3,3,85,"{""1"":8,""2"":6,""3"":3}","{""1"":1,""2"":3,""3"":18}","{""1"":1,""2"":3,""3"":18}","{""1"":35,""2"":32,""3"":18}",3,23,8,6,3,1,3,18,1,3,18,35,32,18,CHASE.DXV,Class 1,63,170,0,233,5.67,5.666666666666667,0,0,0
ELITE ESPORT,Standard,3,SAAD,3nkvxUfrlGX1jG36oXAN,Vanguards Insurgents,BRjeTeB5jko6PQyzCcVM,16,32.7,32.6530612244898,13.67,13.666666666666666,3,3,49,"{""1"":5,""2"":6,""3"":5}","{""1"":18,""2"":11,""3"":12}","{""1"":18,""2"":11,""3"":12}","{""1"":13,""2"":19,""3"":17}",13,24,5,6,5,18,11,12,18,11,12,13,19,17,S•VNG,Class 1,32,98,-20,110,5.33,5.333333333333333,0,0,0
ELITE ESPORT,Standard,3,KABAL,CoXY5hzzw9FrsNyz2A13,DEVELOPERS,tm_w0a02yn8h,15,17.6,17.647058823529413,7.33,7.333333333333333,3,3,85,"{""1"":7,""2"":3,""3"":5}","{""1"":1,""2"":3,""3"":18}","{""1"":1,""2"":3,""3"":18}","{""1"":35,""2"":32,""3"":18}",3,25,7,3,5,1,3,18,1,3,18,35,32,18,KABALSKI.DXV,Class 1,63,170,0,233,5,5,0,0,0
ELITE ESPORT,Standard,3,BIGTULA,qj6FOc1Z8aeEWmqUk84v,KYZON ALLIANCE,tm_3fapr2cz9,15,44.1,44.11764705882353,14,14,3,3,34,"{""1"":8,""2"":7,""3"":0}","{""1"":5,""2"":17,""3"":20}","{""1"":5,""2"":17,""3"":20}","{""1"":20,""2"":14,""3"":0}",23,26,8,7,0,5,17,20,5,17,20,20,14,0,KZ TUFVAN,Class 1,31,68,-268,-169,5,5,0,0,0
ELITE ESPORT,Standard,3,CODGOD,dqr1RKopXDu3zfgmOqcY,LEGIONARIES,tm_ffc044d9o,15,25.9,25.862068965517242,8.33,8.333333333333334,3,3,58,"{""1"":7,""2"":2,""3"":6}","{""1"":4,""2"":18,""3"":3}","{""1"":4,""2"":18,""3"":3}","{""1"":30,""2"":6,""3"":22}",7,27,7,2,6,4,18,3,4,18,3,30,6,22,LGN・CODGOD宗,Class 1,46,116,0,162,5,5,0,0,0
ELITE ESPORT,Standard,3,SAMMY,CRgmZpi6YPL39TOInRBz,LEGIONARIES,tm_ffc044d9o,15,25.9,25.862068965517242,8.33,8.333333333333334,3,3,58,"{""1"":9,""2"":1,""3"":5}","{""1"":4,""2"":18,""3"":3}","{""1"":4,""2"":18,""3"":3}","{""1"":30,""2"":6,""3"":22}",7,28,9,1,5,4,18,3,4,18,3,30,6,22,LGN • SAMMY.ﻬ,Class 1,46,116,0,162,5,5,0,0,0
ELITE ESPORT,Standard,3,LOVE,lEIbmv2Nb4W1hCF2WYdI,Findigo Mirage,DfsCHneTL900q2o2ZCT6,14,45.2,45.16129032258064,10.33,10.333333333333334,3,3,31,"{""1"":5,""2"":3,""3"":6}","{""1"":11,""2"":10,""3"":10}","{""1"":11,""2"":10,""3"":10}","{""1"":10,""2"":9,""3"":12}",16,29,5,3,6,11,10,10,11,10,10,10,9,12,GLITCH,Class 1,36,62,0,98,4.67,4.666666666666667,0,0,0
ELITE ESPORT,Standard,3,FOCUS.OP,5ViJDzyEADuv7oLkyovF,Vanguards Insurgents,BRjeTeB5jko6PQyzCcVM,14,28.6,28.57142857142857,13.67,13.666666666666666,3,3,49,"{""1"":3,""2"":5,""3"":6}","{""1"":18,""2"":11,""3"":12}","{""1"":18,""2"":11,""3"":12}","{""1"":13,""2"":19,""3"":17}",13,30,3,5,6,18,11,12,18,11,12,13,19,17,IƑ1•VNG,Class 1,32,98,-20,110,4.67,4.666666666666667,0,0,0
ELITE ESPORT,Standard,3,SAVAGE,Hq5gw6eD9HnU8lTr2RHZ,FEARLESS WARRIORS,tm_rgqdo8wje,14,34.1,34.146341463414636,12,12,3,3,41,"{""1"":1,""2"":8,""3"":5}","{""1"":21,""2"":13,""3"":2}","{""1"":21,""2"":13,""3"":2}","{""1"":4,""2"":23,""3"":14}",10,31,1,8,5,21,13,2,21,13,2,4,23,14,ƑW・SAVAGEYT,Class 1,42,82,0,124,4.67,4.666666666666667,0,0,0
ELITE ESPORT,Standard,3,RAMOTA,yzbjEUXjtVVBDd7wIeTa,WICKED ENTITIES,tm_n96zqds0m,14,37.8,37.83783783783784,8,8,3,3,37,"{""1"":5,""2"":2,""3"":7}","{""1"":10,""2"":7,""3"":7}","{""1"":10,""2"":7,""3"":7}","{""1"":10,""2"":9,""3"":18}",19,32,5,2,7,10,7,7,10,7,7,10,9,18,Ƹи丨FATHER,Class 1,42,74,-60,56,4.67,4.666666666666667,0,0,0
ELITE ESPORT,Standard,3,NAGDY,yFIWbCiDqV5ohHdVZoW9,VORTEX ONE,tm_4oss9tizq,14,19.4,19.444444444444446,11.33,11.333333333333334,3,3,72,"{""1"":8,""2"":0,""3"":6}","{""1"":15,""2"":14,""3"":5}","{""1"":15,""2"":14,""3"":5}","{""1"":30,""2"":14,""3"":28}",6,33,8,0,6,15,14,5,15,14,5,30,14,28,PYRAMID.VRX,Class 1,39,144,0,183,4.67,4.666666666666667,0,0,0
ELITE ESPORT,Standard,3,KINGSLEEK,FXStsIKBbfRsAXTNaySt,DARED DEVILS,MtuQDKCIZ6DVLuBq6yCs,14,40,40,8.33,8.333333333333334,3,3,35,"{""1"":6,""2"":5,""3"":3}","{""1"":8,""2"":8,""3"":9}","{""1"":8,""2"":8,""3"":9}","{""1"":16,""2"":9,""3"":10}",12,34,6,5,3,8,8,9,8,8,9,16,9,10,的AMADIOHA,Class 1,45,70,0,115,4.67,4.666666666666667,0,0,0
ELITE ESPORT,Standard,3,FATHERALI,lQ3oUgLHQF7EsyPL3mFJ,VORTEX ONE,tm_4oss9tizq,14,19.4,19.444444444444446,11.33,11.333333333333334,3,3,72,"{""1"":4,""2"":2,""3"":8}","{""1"":15,""2"":14,""3"":5}","{""1"":15,""2"":14,""3"":5}","{""1"":30,""2"":14,""3"":28}",6,35,4,2,8,15,14,5,15,14,5,30,14,28,FATHERALI.VRX,Class 1,39,144,0,183,4.67,4.666666666666667,0,0,0
ELITE ESPORT,Standard,3,4PFCODM,Zhb9cb37gIIm0yeWpF7M,KYZON ALLIANCE,tm_3fapr2cz9,13,38.2,38.23529411764706,14,14,3,3,34,"{""1"":8,""2"":5,""3"":0}","{""1"":5,""2"":17,""3"":20}","{""1"":5,""2"":17,""3"":20}","{""1"":20,""2"":14,""3"":0}",23,36,8,5,0,5,17,20,5,17,20,20,14,0,KZ 4PF,Class 1,31,68,-268,-169,4.33,4.333333333333333,0,0,0
ELITE ESPORT,Standard,3,SUSMEDIC,qNv71p42rEEps23BrUvF,CIAO HUNTERS X,tm_twhkzzdmf,13,27.7,27.659574468085108,16.67,16.666666666666668,3,3,47,"{""1"":9,""2"":2,""3"":2}","{""1"":14,""2"":19,""3"":17}","{""1"":14,""2"":19,""3"":17}","{""1"":29,""2"":6,""3"":12}",11,37,9,2,2,14,19,17,14,19,17,29,6,12,SUSMEDIC.CHX,Class 1,28,94,0,122,4.33,4.333333333333333,0,0,0
ELITE ESPORT,Standard,3,SLY,j39wPvPuSoMq1TOb78Ih,⁠FAZE RAIDERS,VBWUGsiSMKIkkTYb3TSn,12,24,24,11.67,11.666666666666666,3,3,50,"{""1"":7,""2"":3,""3"":2}","{""1"":6,""2"":16,""3"":13}","{""1"":6,""2"":16,""3"":13}","{""1"":25,""2"":7,""3"":18}",9,38,7,3,2,6,16,13,6,16,13,25,7,18,ғZ PELNEEZ.,Class 1,35,100,0,135,4,4,0,0,0
ELITE ESPORT,Standard,3,TRAUMA,mRdFfQB7p8thuw53PwWL,⁠FAZE RAIDERS,VBWUGsiSMKIkkTYb3TSn,12,24,24,11.67,11.666666666666666,3,3,50,"{""1"":7,""2"":0,""3"":5}","{""1"":6,""2"":16,""3"":13}","{""1"":6,""2"":16,""3"":13}","{""1"":25,""2"":7,""3"":18}",9,39,7,0,5,6,16,13,6,16,13,25,7,18,ғZ T,Class 1,35,100,0,135,4,4,0,0,0
ELITE ESPORT,Standard,3,RELAX OG,OKrAHDFNWaCteQUIc2bK,Vanguards Insurgents,BRjeTeB5jko6PQyzCcVM,12,24.5,24.489795918367346,13.67,13.666666666666666,3,3,49,"{""1"":2,""2"":5,""3"":5}","{""1"":18,""2"":11,""3"":12}","{""1"":18,""2"":11,""3"":12}","{""1"":13,""2"":19,""3"":17}",13,40,2,5,5,18,11,12,18,11,12,13,19,17,IƦ7.VNG,Class 1,32,98,-20,110,4,4,0,0,0
ELITE ESPORT,Standard,3,FINDIGO,ccYYdD7vIbp47umWzOpl,Findigo Mirage,DfsCHneTL900q2o2ZCT6,12,38.7,38.70967741935484,10.33,10.333333333333334,3,3,31,"{""1"":3,""2"":6,""3"":3}","{""1"":11,""2"":10,""3"":10}","{""1"":11,""2"":10,""3"":10}","{""1"":10,""2"":9,""3"":12}",16,41,3,6,3,11,10,10,11,10,10,10,9,12,FINDIGO・¹F¡,Class 1,36,62,0,98,4,4,0,0,0
ELITE ESPORT,Standard,3,ITACHI,8GOX41vVXHYB1HR3LSNi,WICKED ENTITIES,tm_n96zqds0m,12,32.4,32.432432432432435,8,8,3,3,37,"{""1"":3,""2"":4,""3"":5}","{""1"":10,""2"":7,""3"":7}","{""1"":10,""2"":7,""3"":7}","{""1"":10,""2"":9,""3"":18}",19,42,3,4,5,10,7,7,10,7,7,10,9,18,Ƹи丨ZN,Class 1,42,74,-60,56,4,4,0,0,0
ELITE ESPORT,Standard,3,RUSTY,GQC099yRTvpPKG2zBXZD,⁠FAZE RAIDERS,VBWUGsiSMKIkkTYb3TSn,12,24,24,11.67,11.666666666666666,3,3,50,"{""1"":6,""2"":1,""3"":5}","{""1"":6,""2"":16,""3"":13}","{""1"":6,""2"":16,""3"":13}","{""1"":25,""2"":7,""3"":18}",9,43,6,1,5,6,16,13,6,16,13,25,7,18,ғZ RXSTY,Class 1,35,100,0,135,4,4,0,0,0
ELITE ESPORT,Standard,3,MO,p7NXVZszmKHPcyymmjED,MERCILESS ESPORTS,tm_sip25jqm7,12,25,25,12,12,3,3,48,"{""1"":2,""2"":7,""3"":3}","{""1"":20,""2"":2,""3"":14}","{""1"":20,""2"":2,""3"":14}","{""1"":7,""2"":25,""3"":16}",17,44,2,7,3,20,2,14,20,2,14,7,25,16,MŁ • MO,Class 1,45,96,-60,81,4,4,0,0,0
ELITE ESPORT,Standard,3,GAARA,frAw1ZokwwidsPGWguSM,ENVY 7 ONE,tm_ubz3oae5j,11,45.8,45.83333333333333,14.33,14.333333333333334,3,3,24,"{""1"":5,""2"":0,""3"":6}","{""1"":12,""2"":20,""3"":11}","{""1"":12,""2"":20,""3"":11}","{""1"":13,""2"":1,""3"":10}",18,45,5,0,6,12,20,11,12,20,11,13,1,10,GAARA.SVN¹,Class 1,32,48,0,80,3.67,3.6666666666666665,0,0,0
ELITE ESPORT,Standard,3,LIONFACE,PMOZmTbjtV7Jea8FMW8Y,Marines Cartel,o7Dp7knjVTxhemRjJF7R,11,39.3,39.285714285714285,11,11,3,3,28,"{""1"":8,""2"":2,""3"":1}","{""1"":3,""2"":15,""3"":15}","{""1"":3,""2"":15,""3"":15}","{""1"":19,""2"":4,""3"":5}",15,46,8,2,1,3,15,15,3,15,15,19,4,5,¹LT丨DADDYLION,Class 1,44,56,0,100,3.67,3.6666666666666665,0,0,0
ELITE ESPORT,Standard,3,POPE,EHyRjfeTvbYD9VvE9H1H,LEGIONARIES,tm_ffc044d9o,11,19,18.96551724137931,8.33,8.333333333333334,3,3,58,"{""1"":6,""2"":2,""3"":3}","{""1"":4,""2"":18,""3"":3}","{""1"":4,""2"":18,""3"":3}","{""1"":30,""2"":6,""3"":22}",7,47,6,2,3,4,18,3,4,18,3,30,6,22,LGN・ARSON,Class 1,46,116,0,162,3.67,3.6666666666666665,0,0,0
ELITE ESPORT,Standard,3,TOM,hxHrnWldh81VX3Ygl3kw,PREACHER X,tm_c0yc4xjf4,11,31.4,31.428571428571427,11.67,11.666666666666666,3,3,35,"{""1"":3,""2"":5,""3"":3}","{""1"":7,""2"":9,""3"":19}","{""1"":7,""2"":9,""3"":19}","{""1"":7,""2"":19,""3"":9}",14,48,3,5,3,7,9,19,7,9,19,7,19,9,PЯX・OG TOM,Class 1,38,70,0,108,3.67,3.6666666666666665,0,0,0
ELITE ESPORT,Standard,3,EDDIE,PZDmwqcvB8vDIOHHB11e,DARED DEVILS,MtuQDKCIZ6DVLuBq6yCs,10,28.6,28.57142857142857,8.33,8.333333333333334,3,3,35,"{""1"":6,""2"":2,""3"":2}","{""1"":8,""2"":8,""3"":9}","{""1"":8,""2"":8,""3"":9}","{""1"":16,""2"":9,""3"":10}",12,49,6,2,2,8,8,9,8,8,9,16,9,10,的EDDIERETIRED,Class 1,45,70,0,115,3.33,3.3333333333333335,0,0,0
ELITE ESPORT,Standard,3,MAUS,kUOdoGK7ff8eYeZgwvXq,FEARLESS WARRIORS,tm_rgqdo8wje,10,24.4,24.390243902439025,12,12,3,3,41,"{""1"":1,""2"":4,""3"":5}","{""1"":21,""2"":13,""3"":2}","{""1"":21,""2"":13,""3"":2}","{""1"":4,""2"":23,""3"":14}",10,50,1,4,5,21,13,2,21,13,2,4,23,14,FW MAUS,Class 1,42,82,0,124,3.33,3.3333333333333335,0,0,0
ELITE ESPORT,Standard,3,SUSRUSKI,vBXOB9nZFg2ugM7IThLa,DARED DEVILS,MtuQDKCIZ6DVLuBq6yCs,10,28.6,28.57142857142857,8.33,8.333333333333334,3,3,35,"{""1"":4,""2"":2,""3"":4}","{""1"":8,""2"":8,""3"":9}","{""1"":8,""2"":8,""3"":9}","{""1"":16,""2"":9,""3"":10}",12,51,4,2,4,8,8,9,8,8,9,16,9,10,的SUSRUSKI,Class 1,45,70,0,115,3.33,3.3333333333333335,0,0,0
ELITE ESPORT,Standard,3,A1,VOElYffXxZkcpmPLe4T4,MERCILESS ESPORTS,tm_sip25jqm7,10,20.8,20.833333333333336,12,12,3,3,48,"{""1"":1,""2"":6,""3"":3}","{""1"":20,""2"":2,""3"":14}","{""1"":20,""2"":2,""3"":14}","{""1"":7,""2"":25,""3"":16}",17,52,1,6,3,20,2,14,20,2,14,7,25,16,MŁ • A1,Class 1,45,96,-60,81,3.33,3.3333333333333335,0,0,0
ELITE ESPORT,Standard,3,YAMMI,mKbAZEsRT1eWe7ky4jci,PREACHER X,tm_c0yc4xjf4,10,28.6,28.57142857142857,11.67,11.666666666666666,3,3,35,"{""1"":3,""2"":5,""3"":2}","{""1"":7,""2"":9,""3"":19}","{""1"":7,""2"":9,""3"":19}","{""1"":7,""2"":19,""3"":9}",14,53,3,5,2,7,9,19,7,9,19,7,19,9,PЯX・YAMMI,Class 1,38,70,0,108,3.33,3.3333333333333335,0,0,0
ELITE ESPORT,Standard,3,PHILIP MELO,gybDsWbwIY4s0wRh2Nj4,FEARLESS WARRIORS,tm_rgqdo8wje,10,24.4,24.390243902439025,12,12,3,3,41,"{""1"":1,""2"":7,""3"":2}","{""1"":21,""2"":13,""3"":2}","{""1"":21,""2"":13,""3"":2}","{""1"":4,""2"":23,""3"":14}",10,54,1,7,2,21,13,2,21,13,2,4,23,14,ƑW・MELO,Class 1,42,82,0,124,3.33,3.3333333333333335,0,0,0
ELITE ESPORT,Standard,3,ALLFATHER,eZr86KcPlEoSTarsNbR0,⁠FAZE RAIDERS,VBWUGsiSMKIkkTYb3TSn,10,20,20,11.67,11.666666666666666,3,3,50,"{""1"":1,""2"":3,""3"":6}","{""1"":6,""2"":16,""3"":13}","{""1"":6,""2"":16,""3"":13}","{""1"":25,""2"":7,""3"":18}",9,55,1,3,6,6,16,13,6,16,13,25,7,18,ғZ 乄.,Class 1,35,100,0,135,3.33,3.3333333333333335,0,0,0
ELITE ESPORT,Standard,3,TRYING,PoZ1r7UYNb4ferMN4h0R,CIAO HUNTERS X,tm_twhkzzdmf,9,19.1,19.148936170212767,16.67,16.666666666666668,3,3,47,"{""1"":7,""2"":0,""3"":2}","{""1"":14,""2"":19,""3"":17}","{""1"":14,""2"":19,""3"":17}","{""1"":29,""2"":6,""3"":12}",11,56,7,0,2,14,19,17,14,19,17,29,6,12,TRYING.CHX,Class 1,28,94,0,122,3,3,0,0,0
ELITE ESPORT,Standard,3,CHEF PUNK,1LO5N9nzQfk09XHoISVW,PREACHER X,tm_c0yc4xjf4,8,22.9,22.857142857142858,11.67,11.666666666666666,3,3,35,"{""1"":1,""2"":6,""3"":1}","{""1"":7,""2"":9,""3"":19}","{""1"":7,""2"":9,""3"":19}","{""1"":7,""2"":19,""3"":9}",14,57,1,6,1,7,9,19,7,9,19,7,19,9,PЯX・CHEFPUNK,Class 1,38,70,0,108,2.67,2.6666666666666665,0,0,0
ELITE ESPORT,Standard,3,NEGAN,MZpEVrmRkAAV37WP7AsF,REMEDIUM INVICTUS,tm_kdh97vkx3,8,9.2,9.195402298850574,10.67,10.666666666666666,3,3,87,"{""1"":1,""2"":5,""3"":2}","{""1"":22,""2"":4,""3"":6}","{""1"":22,""2"":4,""3"":6}","{""1"":10,""2"":47,""3"":30}",4,58,1,5,2,22,4,6,22,4,6,10,47,30,水RDM・NEGAN,Class 1,38,174,0,212,2.67,2.6666666666666665,0,0,0
ELITE ESPORT,Standard,3,SANTAN,9FN7W6DcrRoPES1M1tmw,MERCILESS ESPORTS,tm_sip25jqm7,7,14.6,14.583333333333334,12,12,2,3,48,"{""2"":5,""3"":2}","{""2"":2,""3"":14}","{""1"":20,""2"":2,""3"":14}","{""1"":7,""2"":25,""3"":16}",17,59,,5,2,,2,14,20,2,14,7,25,16,MŁ • SXNTAN,Class 1,45,96,-60,81,3.5,3.5,0,0,0
ELITE ESPORT,Standard,3,BIRAYTI,3Vtf30EajVEnEAAnX7CH,Marines Cartel,o7Dp7knjVTxhemRjJF7R,7,25,25,11,11,3,3,28,"{""1"":4,""2"":0,""3"":3}","{""1"":3,""2"":15,""3"":15}","{""1"":3,""2"":15,""3"":15}","{""1"":19,""2"":4,""3"":5}",15,60,4,0,3,3,15,15,3,15,15,19,4,5,¹LT丨FAAAHHHH,Class 1,44,56,0,100,2.33,2.3333333333333335,0,0,0
ELITE ESPORT,Standard,3,REMO,dYruCjqNO7qAYaIBjTDt,FEARLESS WARRIORS,tm_rgqdo8wje,7,17.1,17.073170731707318,12,12,3,3,41,"{""1"":1,""2"":4,""3"":2}","{""1"":21,""2"":13,""3"":2}","{""1"":21,""2"":13,""3"":2}","{""1"":4,""2"":23,""3"":14}",10,61,1,4,2,21,13,2,21,13,2,4,23,14,ƑW・REMO,Class 1,42,82,0,124,2.33,2.3333333333333335,0,0,0
ELITE ESPORT,Standard,3,ICONIC,Bupc8GCd3yBuLtWbFou4,KYZON ALLIANCE,tm_3fapr2cz9,6,17.6,17.647058823529413,14,14,3,3,34,"{""1"":4,""2"":2,""3"":0}","{""1"":5,""2"":17,""3"":20}","{""1"":5,""2"":17,""3"":20}","{""1"":20,""2"":14,""3"":0}",23,62,4,2,0,5,17,20,5,17,20,20,14,0,KZ QUDUS,Class 1,31,68,-268,-169,2,2,0,0,0
ELITE ESPORT,Standard,3,NEMESIS,6lq8ySkqC6xbaUo6Erzq,CIAO HUNTERS X,tm_twhkzzdmf,6,12.8,12.76595744680851,16.67,16.666666666666668,3,3,47,"{""1"":4,""2"":0,""3"":2}","{""1"":14,""2"":19,""3"":17}","{""1"":14,""2"":19,""3"":17}","{""1"":29,""2"":6,""3"":12}",11,63,4,0,2,14,19,17,14,19,17,29,6,12,NEMESIS.CHX,Class 1,28,94,0,122,2,2,0,0,0
ELITE ESPORT,Standard,3,YUSUF,qKQQ85V7nwqlL2KDXoGl,ENVY 7 ONE,tm_ubz3oae5j,6,25,25,14.33,14.333333333333334,3,3,24,"{""1"":4,""2"":0,""3"":2}","{""1"":12,""2"":20,""3"":11}","{""1"":12,""2"":20,""3"":11}","{""1"":13,""2"":1,""3"":10}",18,64,4,0,2,12,20,11,12,20,11,13,1,10,YUSUF.SVN¹,Class 1,32,48,0,80,2,2,0,0,0
ELITE ESPORT,Standard,3,OSASONTT,8Q8u8EfvZ4ZMHbhGPNZA,Marines Cartel,o7Dp7knjVTxhemRjJF7R,5,17.9,17.857142857142858,11,11,3,3,28,"{""1"":5,""2"":0,""3"":0}","{""1"":3,""2"":15,""3"":15}","{""1"":3,""2"":15,""3"":15}","{""1"":19,""2"":4,""3"":5}",15,65,5,0,0,3,15,15,3,15,15,19,4,5,¹LT丨OSASONTT,Class 1,44,56,0,100,1.67,1.6666666666666667,0,0,0
ELITE ESPORT,Standard,3,KENOBI,pELJbpvr5LDNa3FC6EzA,WICKED ENTITIES,tm_n96zqds0m,5,13.5,13.513513513513514,8,8,3,3,37,"{""1"":1,""2"":2,""3"":2}","{""1"":10,""2"":7,""3"":7}","{""1"":10,""2"":7,""3"":7}","{""1"":10,""2"":9,""3"":18}",19,66,1,2,2,10,7,7,10,7,7,10,9,18,Ƹи丨KENOBI,Class 1,42,74,-60,56,1.67,1.6666666666666667,0,0,0
ELITE ESPORT,Standard,3,SOG,B9K5pOOLE39QnCqnDNHY,ENVY 7 ONE,tm_ubz3oae5j,5,20.8,20.833333333333336,14.33,14.333333333333334,3,3,24,"{""1"":3,""2"":1,""3"":1}","{""1"":12,""2"":20,""3"":11}","{""1"":12,""2"":20,""3"":11}","{""1"":13,""2"":1,""3"":10}",18,67,3,1,1,12,20,11,12,20,11,13,1,10,SXG.SVN¹,Class 1,32,48,0,80,1.67,1.6666666666666667,0,0,0
ELITE ESPORT,Standard,3,DAVLIEN,B11aFzLHBG1YcrCZHV68,Marines Cartel,o7Dp7knjVTxhemRjJF7R,5,17.9,17.857142857142858,11,11,3,3,28,"{""1"":2,""2"":2,""3"":1}","{""1"":3,""2"":15,""3"":15}","{""1"":3,""2"":15,""3"":15}","{""1"":19,""2"":4,""3"":5}",15,68,2,2,1,3,15,15,3,15,15,19,4,5,DAVLIEN.IN.¹LT,Class 1,44,56,0,100,1.67,1.6666666666666667,0,0,0
ELITE ESPORT,Standard,3,IMPROVE,Lm6IiiI1Kfp94RSmCvd5,Vanguards Insurgents,BRjeTeB5jko6PQyzCcVM,4,8.2,8.16326530612245,13.67,13.666666666666666,2,3,49,"{""2"":3,""3"":1}","{""2"":11,""3"":12}","{""1"":18,""2"":11,""3"":12}","{""1"":13,""2"":19,""3"":17}",13,69,,3,1,,11,12,18,11,12,13,19,17,YAMMII •VNG,Class 1,32,98,-20,110,2,2,0,0,0
ELITE ESPORT,Standard,3,LOGIC,lnr5Lq6LubQMG2xapBht,PREACHER X,tm_c0yc4xjf4,3,8.6,8.571428571428571,11.67,11.666666666666666,2,3,35,"{""1"":0,""3"":3}","{""1"":7,""3"":19}","{""1"":7,""2"":9,""3"":19}","{""1"":7,""2"":19,""3"":9}",14,70,0,,3,7,,19,7,9,19,7,19,9,PЯX・LOGIC,Class 1,38,70,0,108,1.5,1.5,0,0,0
ELITE ESPORT,Standard,3,SNOW,d1Yob4KUrJTjdjDvMOOk,Findigo Mirage,DfsCHneTL900q2o2ZCT6,3,9.7,9.67741935483871,10.33,10.333333333333334,3,3,31,"{""1"":0,""2"":0,""3"":3}","{""1"":11,""2"":10,""3"":10}","{""1"":11,""2"":10,""3"":10}","{""1"":10,""2"":9,""3"":12}",16,71,0,0,3,11,10,10,11,10,10,10,9,12,SNOWSZN・¹F¡,Class 1,36,62,0,98,1,1,0,0,0
ELITE ESPORT,Standard,3,INSIDIOUS,BRtXCxZHqLHMpnZTgpdw,PREACHER X,tm_c0yc4xjf4,3,8.6,8.571428571428571,11.67,11.666666666666666,1,3,35,"{""2"":3}","{""2"":9}","{""1"":7,""2"":9,""3"":19}","{""1"":7,""2"":19,""3"":9}",14,72,,3,,,9,,7,9,19,7,19,9,PЯX・FAAAHHH,Class 1,38,70,0,108,3,3,0,0,0
ELITE ESPORT,Standard,3,VANESSAFRAMES,BWcE2ndSsjkYFrLxi3J2,ENVY 7 ONE,tm_ubz3oae5j,2,8.3,8.333333333333332,14.33,14.333333333333334,3,3,24,"{""1"":1,""2"":0,""3"":1}","{""1"":12,""2"":20,""3"":11}","{""1"":12,""2"":20,""3"":11}","{""1"":13,""2"":1,""3"":10}",18,73,1,0,1,12,20,11,12,20,11,13,1,10,FRXMES.SVN¹,Class 1,32,48,0,80,0.67,0.6666666666666666,0,0,0
ELITE ESPORT,Standard,3,MISTER,OT3OYiHhLhCCGE6fPU7c,Findigo Mirage,DfsCHneTL900q2o2ZCT6,2,6.5,6.451612903225806,10.33,10.333333333333334,3,3,31,"{""1"":2,""2"":0,""3"":0}","{""1"":11,""2"":10,""3"":10}","{""1"":11,""2"":10,""3"":10}","{""1"":10,""2"":9,""3"":12}",16,74,2,0,0,11,10,10,11,10,10,10,9,12,*MISTER・¹F¡,Class 1,36,62,0,98,0.67,0.6666666666666666,0,0,0
ELITE ESPORT,Standard,3,LORD,GmzCDwRsPaVr3ja9DMC3,DARED DEVILS,MtuQDKCIZ6DVLuBq6yCs,1,2.9,2.857142857142857,8.33,8.333333333333334,3,3,35,"{""1"":0,""2"":0,""3"":1}","{""1"":8,""2"":8,""3"":9}","{""1"":8,""2"":8,""3"":9}","{""1"":16,""2"":9,""3"":10}",12,75,0,0,1,8,8,9,8,8,9,16,9,10,的 FIVE,Class 1,45,70,0,115,0.33,0.3333333333333333,0,0,0
ELITE ESPORT,Standard,3,LUZY..,IBjxzcpDIbXJfXjbGIJt,Wicked Esports,siPv7Ygm9BKPZ5jHgV9j,0,0,0,18.5,18.5,2,2,0,"{""1"":0,""2"":0}","{""1"":16,""2"":21}","{""1"":16,""2"":21}","{""1"":0,""2"":0}",20,76,0,0,,16,21,,16,21,,0,0,,Ƹи丨HOWढ,Class 1,13,0,0,13,0,0,0,0,0
ELITE ESPORT,Standard,3,NAMORTK,Gh8OnmG7zqJNJodm8MGp,KYZON ALLIANCE,tm_3fapr2cz9,0,0,0,14,14,2,3,34,"{""2"":0,""3"":0}","{""2"":17,""3"":20}","{""1"":5,""2"":17,""3"":20}","{""1"":20,""2"":14,""3"":0}",23,77,,0,0,,17,20,5,17,20,20,14,0,ҞZ NAMOR,Class 1,31,68,-268,-169,0,0,0,0,0
ELITE ESPORT,Standard,3,BETROWOLF,ZE8R7Mty1GmpwwhIBgxF,CIAO GUARDIANS,xZgUbwrDC2TK3wcpPUY3,0,0,0,17,17,1,1,0,"{""1"":0}","{""1"":17}","{""1"":17}","{""1"":0}",21,78,0,,,17,,,17,,,0,,,MIA K.CHX,Class 1,8,0,0,8,0,0,0,0,0
ELITE ESPORT,Standard,3,KEKE,Qwl2vRUJbA6CWBqKcZ1O,CIAO GUARDIANS,xZgUbwrDC2TK3wcpPUY3,0,0,0,17,17,1,1,0,"{""1"":0}","{""1"":17}","{""1"":17}","{""1"":0}",21,79,0,,,17,,,17,,,0,,,OUTLAW.CHX,Class 1,8,0,0,8,0,0,0,0,0
ELITE ESPORT,Standard,3,DEMON,NiT6GePQhD8XyqSCmuMI,Wicked Esports,siPv7Ygm9BKPZ5jHgV9j,0,0,0,18.5,18.5,2,2,0,"{""1"":0,""2"":0}","{""1"":16,""2"":21}","{""1"":16,""2"":21}","{""1"":0,""2"":0}",20,80,0,0,,16,21,,16,21,,0,0,,ZИ Ƹи丨,Class 1,13,0,0,13,0,0,0,0,0
ELITE ESPORT,Standard,3,21MS,OlvDP99EsWN3sJd3nOZC,CIAO GUARDIANS,xZgUbwrDC2TK3wcpPUY3,0,0,0,17,17,1,1,0,"{""1"":0}","{""1"":17}","{""1"":17}","{""1"":0}",21,81,0,,,17,,,17,,,0,,,IKUUUU.CHX,Class 1,8,0,0,8,0,0,0,0,0
ELITE ESPORT,Standard,3,MGANGA,Eb7telcdmcu781Batsx0,KYZON ALLIANCE,tm_3fapr2cz9,0,0,0,14,14,2,3,34,"{""1"":0,""2"":0}","{""1"":5,""2"":17}","{""1"":5,""2"":17,""3"":20}","{""1"":20,""2"":14,""3"":0}",23,82,0,0,,5,17,,5,17,20,20,14,0,KZ CHAMO 來,Class 1,31,68,-268,-169,0,0,0,0,0
ELITE ESPORT,Standard,4,ANDREW,zccOX3iQQuevsZAxcr4f,REMEDIUM INVICTUS,tm_kdh97vkx3,30,33.7,33.70786516853933,7,7,3,3,89,"{""1"":17,""2"":2,""3"":11}","{""1"":4,""2"":15,""3"":2}","{""1"":4,""2"":15,""3"":2}","{""1"":42,""2"":16,""3"":31}",1,1,17,2,11,4,15,2,4,15,2,42,16,31,水RDM・XAKII,Class 1,55,178,0,233,10,10,0,0,0
ELITE ESPORT,Standard,4,JOZZY,FdJ3rIlmedcTFhzRruvA,PARIS CHITUARI,tm_eoz9k9c4p,28,35.9,35.8974358974359,8.33,8.333333333333334,3,3,78,"{""1"":2,""2"":12,""3"":14}","{""1"":17,""2"":5,""3"":3}","{""1"":17,""2"":5,""3"":3}","{""1"":5,""2"":37,""3"":36}",6,2,2,12,14,17,5,3,17,5,3,5,37,36,۶PARIS JOZZY,Class 1,43,156,0,199,9.33,9.333333333333334,0,0,0
ELITE ESPORT,Standard,4,NAGDY,yFIWbCiDqV5ohHdVZoW9,VORTEX ONE,tm_4oss9tizq,27,34.6,34.61538461538461,10.33,10.333333333333334,3,3,78,"{""1"":0,""2"":13,""3"":14}","{""1"":20,""2"":2,""3"":9}","{""1"":20,""2"":2,""3"":9}","{""1"":2,""2"":44,""3"":32}",7,3,0,13,14,20,2,9,20,2,9,2,44,32,PYRAMID.VRX,Class 1,48,156,-30,174,9,9,0,0,0
ELITE ESPORT,Standard,4,LAZY,Tmdfj4k7UPoE2wFXGHxJ,REMEDIUM INVICTUS,tm_kdh97vkx3,27,30.3,30.337078651685395,7,7,3,3,89,"{""1"":13,""2"":7,""3"":7}","{""1"":4,""2"":15,""3"":2}","{""1"":4,""2"":15,""3"":2}","{""1"":42,""2"":16,""3"":31}",1,4,13,7,7,4,15,2,4,15,2,42,16,31,水RDM・AURACLE,Class 1,55,178,0,233,9,9,0,0,0
ELITE ESPORT,Standard,4,SAVAGE,Hq5gw6eD9HnU8lTr2RHZ,FEARLESS WARRIORS,tm_rgqdo8wje,27,41.5,41.53846153846154,4,4,3,3,65,"{""1"":11,""2"":8,""3"":8}","{""1"":1,""2"":10,""3"":1}","{""1"":1,""2"":10,""3"":1}","{""1"":25,""2"":20,""3"":20}",3,5,11,8,8,1,10,1,1,10,1,25,20,20,ƑW・SAVAGEYT,Class 1,82,130,0,212,9,9,0,0,0
ELITE ESPORT,Standard,4,SOG,B9K5pOOLE39QnCqnDNHY,ENVY 7 ONE,tm_ubz3oae5j,26,29.9,29.88505747126437,6.67,6.666666666666667,3,3,87,"{""1"":8,""2"":6,""3"":12}","{""1"":2,""2"":12,""3"":6}","{""1"":2,""2"":12,""3"":6}","{""1"":29,""2"":27,""3"":31}",2,6,8,6,12,2,12,6,2,12,6,29,27,31,SXG.SVN¹,Class 1,52,174,0,226,8.67,8.666666666666666,0,0,0
ELITE ESPORT,Standard,4,GAARA,frAw1ZokwwidsPGWguSM,ENVY 7 ONE,tm_ubz3oae5j,25,28.7,28.735632183908045,6.67,6.666666666666667,3,3,87,"{""1"":7,""2"":9,""3"":9}","{""1"":2,""2"":12,""3"":6}","{""1"":2,""2"":12,""3"":6}","{""1"":29,""2"":27,""3"":31}",2,7,7,9,9,2,12,6,2,12,6,29,27,31,GAARA.SVN¹,Class 1,52,174,0,226,8.33,8.333333333333334,0,0,0
ELITE ESPORT,Standard,4,SANTAN,9FN7W6DcrRoPES1M1tmw,MERCILESS ESPORTS,tm_sip25jqm7,25,27.8,27.77777777777778,10.33,10.333333333333334,3,3,90,"{""1"":7,""2"":6,""3"":12}","{""1"":7,""2"":16,""3"":8}","{""1"":7,""2"":16,""3"":8}","{""1"":31,""2"":25,""3"":34}",20,8,7,6,12,7,16,8,7,16,8,31,25,34,MŁ • SXNTAN,Class 1,38,180,-188,30,8.33,8.333333333333334,0,0,0
ELITE ESPORT,Standard,4,MAVII,3aWGLybd7lTlgTArNwti,MERCILESS ESPORTS,tm_sip25jqm7,25,27.8,27.77777777777778,10.33,10.333333333333334,3,3,90,"{""1"":10,""2"":6,""3"":9}","{""1"":7,""2"":16,""3"":8}","{""1"":7,""2"":16,""3"":8}","{""1"":31,""2"":25,""3"":34}",20,9,10,6,9,7,16,8,7,16,8,31,25,34,MŁ • MAVII,Class 1,38,180,-188,30,8.33,8.333333333333334,0,0,0
ELITE ESPORT,Standard,4,LARRYCODM,IsJGFwRijyY55ezUgJMG,PARIS CHITUARI,tm_eoz9k9c4p,24,30.8,30.76923076923077,8.33,8.333333333333334,3,3,78,"{""1"":2,""2"":12,""3"":10}","{""1"":17,""2"":5,""3"":3}","{""1"":17,""2"":5,""3"":3}","{""1"":5,""2"":37,""3"":36}",6,10,2,12,10,17,5,3,17,5,3,5,37,36,PARIS LARRY,Class 1,43,156,0,199,8,8,0,0,0
ELITE ESPORT,Standard,4,NANAYAW,tX7GCLJJ61u8bLkRroBP,GOAT ESPORT,tm_ws9x2fl5b,23,32.9,32.857142857142854,7,7,3,3,70,"{""1"":7,""2"":11,""3"":5}","{""1"":5,""2"":4,""3"":12}","{""1"":5,""2"":4,""3"":12}","{""1"":17,""2"":31,""3"":22}",4,11,7,11,5,5,4,12,5,4,12,17,31,22,毒GOAT YAW,Class 1,45,140,20,205,7.67,7.666666666666667,0,0,0
ELITE ESPORT,Standard,4,APOSTLE,L1LKfVKd47rwlshv2vY1,CIAO HUNTERS X,tm_twhkzzdmf,21,35.6,35.59322033898305,9,9,3,3,59,"{""1"":7,""2"":5,""3"":9}","{""1"":9,""2"":7,""3"":11}","{""1"":9,""2"":7,""3"":11}","{""1"":14,""2"":28,""3"":17}",9,12,7,5,9,9,7,11,9,7,11,14,28,17,ZN APYT.CHX,Class 1,42,118,0,160,7,7,0,0,0
ELITE ESPORT,Standard,4,FATHERALI,lQ3oUgLHQF7EsyPL3mFJ,VORTEX ONE,tm_4oss9tizq,21,26.9,26.923076923076923,10.33,10.333333333333334,3,3,78,"{""1"":1,""2"":9,""3"":11}","{""1"":20,""2"":2,""3"":9}","{""1"":20,""2"":2,""3"":9}","{""1"":2,""2"":44,""3"":32}",7,13,1,9,11,20,2,9,20,2,9,2,44,32,FATHERALI.VRX,Class 1,48,156,-30,174,7,7,0,0,0
ELITE ESPORT,Standard,4,YAGAMI,Bx7S0iZlMNevEE4eXnqz,VORTEX ONE,tm_4oss9tizq,21,26.9,26.923076923076923,10.33,10.333333333333334,3,3,78,"{""1"":1,""2"":7,""3"":13}","{""1"":20,""2"":2,""3"":9}","{""1"":20,""2"":2,""3"":9}","{""1"":2,""2"":44,""3"":32}",7,14,1,7,13,20,2,9,20,2,9,2,44,32,YAGAMI.VRX,Class 1,48,156,-30,174,7,7,0,0,0
ELITE ESPORT,Standard,4,RAMOTA,yzbjEUXjtVVBDd7wIeTa,WICKED ENTITIES,tm_n96zqds0m,20,41.7,41.66666666666667,11.67,11.666666666666666,3,3,48,"{""1"":8,""2"":11,""3"":1}","{""1"":6,""2"":9,""3"":20}","{""1"":6,""2"":9,""3"":20}","{""1"":19,""2"":26,""3"":3}",11,15,8,11,1,6,9,20,6,9,20,19,26,3,Ƹи丨FATHER,Class 1,38,96,0,134,6.67,6.666666666666667,0,0,0
ELITE ESPORT,Standard,4,COLDSKI,ZMq7kz2SSMfPugtDW1dB,KYZON ESPORTS,tm_yvpteelv4,20,35.1,35.08771929824561,14,14,3,3,57,"{""1"":7,""2"":10,""3"":3}","{""1"":15,""2"":13,""3"":14}","{""1"":15,""2"":13,""3"":14}","{""1"":18,""2"":28,""3"":11}",8,16,7,10,3,15,13,14,15,13,14,18,28,11,ҞZ・COLDSKI,Class 1,36,114,20,170,6.67,6.666666666666667,0,0,0
ELITE ESPORT,Standard,4,SLY,j39wPvPuSoMq1TOb78Ih,⁠FAZE RAIDERS,VBWUGsiSMKIkkTYb3TSn,19,28.4,28.35820895522388,7,7,3,3,67,"{""1"":3,""2"":7,""3"":9}","{""1"":11,""2"":3,""3"":7}","{""1"":11,""2"":3,""3"":7}","{""1"":16,""2"":22,""3"":29}",5,17,3,7,9,11,3,7,11,3,7,16,22,29,ғZ PELNEEZ.,Class 1,47,134,20,201,6.33,6.333333333333333,0,0,0
ELITE ESPORT,Standard,4,GREY,Wxiw1DKhlXTXvayohYTt,REMEDIUM INVICTUS,tm_kdh97vkx3,18,20.2,20.224719101123593,7,7,3,3,89,"{""1"":8,""2"":6,""3"":4}","{""1"":4,""2"":15,""3"":2}","{""1"":4,""2"":15,""3"":2}","{""1"":42,""2"":16,""3"":31}",1,18,8,6,4,4,15,2,4,15,2,42,16,31,水RDM・ GREY,Class 1,55,178,0,233,6,6,0,0,0
ELITE ESPORT,Standard,4,DAVERUSKI,TQnhbjjxWQKp5psJEV6v,ENVY 7 ONE,tm_ubz3oae5j,18,20.7,20.689655172413794,6.67,6.666666666666667,3,3,87,"{""1"":6,""2"":6,""3"":6}","{""1"":2,""2"":12,""3"":6}","{""1"":2,""2"":12,""3"":6}","{""1"":29,""2"":27,""3"":31}",2,19,6,6,6,2,12,6,2,12,6,29,27,31,ƊAVERUSKI.SVN¹,Class 1,52,174,0,226,6,6,0,0,0
ELITE ESPORT,Standard,4,YUSUF,qKQQ85V7nwqlL2KDXoGl,ENVY 7 ONE,tm_ubz3oae5j,18,20.7,20.689655172413794,6.67,6.666666666666667,3,3,87,"{""1"":8,""2"":6,""3"":4}","{""1"":2,""2"":12,""3"":6}","{""1"":2,""2"":12,""3"":6}","{""1"":29,""2"":27,""3"":31}",2,20,8,6,4,2,12,6,2,12,6,29,27,31,YUSUF.SVN¹,Class 1,52,174,0,226,6,6,0,0,0
ELITE ESPORT,Standard,4,CHIKE,WP7wn4jjPa6n4busZVnT,GOAT ESPORT,tm_ws9x2fl5b,17,24.3,24.285714285714285,7,7,2,3,70,"{""2"":10,""3"":7}","{""2"":4,""3"":12}","{""1"":5,""2"":4,""3"":12}","{""1"":17,""2"":31,""3"":22}",4,21,,10,7,,4,12,5,4,12,17,31,22,毒GOAT CR7,Class 1,45,140,20,205,8.5,8.5,0,0,0
ELITE ESPORT,Standard,4,GB CRYPTO,OxMhCUSkyAT0LrziaNDP,GOAT ESPORT,tm_ws9x2fl5b,17,24.3,24.285714285714285,7,7,3,3,70,"{""1"":7,""2"":4,""3"":6}","{""1"":5,""2"":4,""3"":12}","{""1"":5,""2"":4,""3"":12}","{""1"":17,""2"":31,""3"":22}",4,22,7,4,6,5,4,12,5,4,12,17,31,22,毒GOAT CRYPTO,Class 1,45,140,20,205,5.67,5.666666666666667,0,0,0
ELITE ESPORT,Standard,4,SUSMEDIC,qNv71p42rEEps23BrUvF,CIAO HUNTERS X,tm_twhkzzdmf,17,28.8,28.8135593220339,9,9,3,3,59,"{""1"":3,""2"":11,""3"":3}","{""1"":9,""2"":7,""3"":11}","{""1"":9,""2"":7,""3"":11}","{""1"":14,""2"":28,""3"":17}",9,23,3,11,3,9,7,11,9,7,11,14,28,17,SUSMEDIC.CHX,Class 1,42,118,0,160,5.67,5.666666666666667,0,0,0
ELITE ESPORT,Standard,4,STALKER,fLonAcil1vpsdmMvcMTT,VORTEX ONE,tm_4oss9tizq,17,21.8,21.794871794871796,10.33,10.333333333333334,3,3,78,"{""1"":0,""2"":12,""3"":5}","{""1"":20,""2"":2,""3"":9}","{""1"":20,""2"":2,""3"":9}","{""1"":2,""2"":44,""3"":32}",7,24,0,12,5,20,2,9,20,2,9,2,44,32,STALKER.VRX,Class 1,48,156,-30,174,5.67,5.666666666666667,0,0,0
ELITE ESPORT,Standard,4,KINGSLEEK,FXStsIKBbfRsAXTNaySt,DARED DEVILS,MtuQDKCIZ6DVLuBq6yCs,16,50,50,10.33,10.333333333333334,3,3,32,"{""1"":8,""2"":1,""3"":7}","{""1"":8,""2"":19,""3"":4}","{""1"":8,""2"":19,""3"":4}","{""1"":15,""2"":3,""3"":14}",13,25,8,1,7,8,19,4,8,19,4,15,3,14,的AMADIOHA,Class 1,41,64,20,125,5.33,5.333333333333333,0,0,0
ELITE ESPORT,Standard,4,PHILIP MELO,gybDsWbwIY4s0wRh2Nj4,FEARLESS WARRIORS,tm_rgqdo8wje,16,24.6,24.615384615384617,4,4,3,3,65,"{""1"":8,""2"":5,""3"":3}","{""1"":1,""2"":10,""3"":1}","{""1"":1,""2"":10,""3"":1}","{""1"":25,""2"":20,""3"":20}",3,26,8,5,3,1,10,1,1,10,1,25,20,20,ƑW・MELO,Class 1,82,130,0,212,5.33,5.333333333333333,0,0,0
ELITE ESPORT,Standard,4,TOM,hxHrnWldh81VX3Ygl3kw,PREACHER X,tm_c0yc4xjf4,16,30.2,30.18867924528302,8.33,8.333333333333334,3,3,53,"{""1"":5,""2"":6,""3"":5}","{""1"":14,""2"":6,""3"":5}","{""1"":14,""2"":6,""3"":5}","{""1"":15,""2"":24,""3"":14}",10,27,5,6,5,14,6,5,14,6,5,15,24,14,PЯX・OG TOM,Class 1,42,106,0,148,5.33,5.333333333333333,0,0,0
ELITE ESPORT,Standard,4,REZOX,Ev0TDfM50zwRoU5gtCAm,PARIS CHITUARI,tm_eoz9k9c4p,16,20.5,20.51282051282051,8.33,8.333333333333334,3,3,78,"{""1"":0,""2"":10,""3"":6}","{""1"":17,""2"":5,""3"":3}","{""1"":17,""2"":5,""3"":3}","{""1"":5,""2"":37,""3"":36}",6,28,0,10,6,17,5,3,17,5,3,5,37,36,PARIS REYZOX,Class 1,43,156,0,199,5.33,5.333333333333333,0,0,0
ELITE ESPORT,Standard,4,ALLFATHER,eZr86KcPlEoSTarsNbR0,⁠FAZE RAIDERS,VBWUGsiSMKIkkTYb3TSn,15,22.4,22.388059701492537,7,7,3,3,67,"{""1"":2,""2"":6,""3"":7}","{""1"":11,""2"":3,""3"":7}","{""1"":11,""2"":3,""3"":7}","{""1"":16,""2"":22,""3"":29}",5,29,2,6,7,11,3,7,11,3,7,16,22,29,ғZ 乄.,Class 1,47,134,20,201,5,5,0,0,0
ELITE ESPORT,Standard,4,MAUS,kUOdoGK7ff8eYeZgwvXq,FEARLESS WARRIORS,tm_rgqdo8wje,15,23.1,23.076923076923077,4,4,3,3,65,"{""1"":3,""2"":4,""3"":8}","{""1"":1,""2"":10,""3"":1}","{""1"":1,""2"":10,""3"":1}","{""1"":25,""2"":20,""3"":20}",3,30,3,4,8,1,10,1,1,10,1,25,20,20,FW MAUS,Class 1,82,130,0,212,5,5,0,0,0
ELITE ESPORT,Standard,4,TOLU MARTINS,qiDPTJl18fmW4r6n11Pr,PREACHER X,tm_c0yc4xjf4,14,26.4,26.41509433962264,8.33,8.333333333333334,3,3,53,"{""1"":5,""2"":7,""3"":2}","{""1"":14,""2"":6,""3"":5}","{""1"":14,""2"":6,""3"":5}","{""1"":15,""2"":24,""3"":14}",10,31,5,7,2,14,6,5,14,6,5,15,24,14,PЯX・MARTINS,Class 1,42,106,0,148,4.67,4.666666666666667,0,0,0
ELITE ESPORT,Standard,4,JOJO,T2sK7jSZkJqKgLswvF1g,REMEDIUM INVICTUS,tm_kdh97vkx3,14,15.7,15.730337078651685,7,7,3,3,89,"{""1"":4,""2"":1,""3"":9}","{""1"":4,""2"":15,""3"":2}","{""1"":4,""2"":15,""3"":2}","{""1"":42,""2"":16,""3"":31}",1,32,4,1,9,4,15,2,4,15,2,42,16,31,水RDM・JOJO,Class 1,55,178,0,233,4.67,4.666666666666667,0,0,0
ELITE ESPORT,Standard,4,FLUFFY,zJzKvUNu4k0ilGg2ocCY,KYZON ESPORTS,tm_yvpteelv4,14,24.6,24.561403508771928,14,14,3,3,57,"{""1"":4,""2"":7,""3"":3}","{""1"":15,""2"":13,""3"":14}","{""1"":15,""2"":13,""3"":14}","{""1"":18,""2"":28,""3"":11}",8,33,4,7,3,15,13,14,15,13,14,18,28,11,ҞZ・FLUFF২ढ,Class 1,36,114,20,170,4.67,4.666666666666667,0,0,0
ELITE ESPORT,Standard,4,RUSTY,GQC099yRTvpPKG2zBXZD,⁠FAZE RAIDERS,VBWUGsiSMKIkkTYb3TSn,14,20.9,20.8955223880597,7,7,3,3,67,"{""1"":4,""2"":5,""3"":5}","{""1"":11,""2"":3,""3"":7}","{""1"":11,""2"":3,""3"":7}","{""1"":16,""2"":22,""3"":29}",5,34,4,5,5,11,3,7,11,3,7,16,22,29,ғZ RXSTY,Class 1,47,134,20,201,4.67,4.666666666666667,0,0,0
ELITE ESPORT,Standard,4,IDIVYNE,EUVvfZ1fKDe844RVNXE2,KYZON ESPORTS,tm_yvpteelv4,13,22.8,22.807017543859647,14,14,3,3,57,"{""1"":3,""2"":5,""3"":5}","{""1"":15,""2"":13,""3"":14}","{""1"":15,""2"":13,""3"":14}","{""1"":18,""2"":28,""3"":11}",8,35,3,5,5,15,13,14,15,13,14,18,28,11,ҞZ・DIVYNE২,Class 1,36,114,20,170,4.33,4.333333333333333,0,0,0
ELITE ESPORT,Standard,4,SAMMY,CRgmZpi6YPL39TOInRBz,LEGIONARIES,tm_ffc044d9o,12,30,30,12.67,12.666666666666666,3,3,40,"{""1"":0,""2"":12,""3"":0}","{""1"":18,""2"":1,""3"":19}","{""1"":18,""2"":1,""3"":19}","{""1"":7,""2"":29,""3"":4}",12,36,0,12,0,18,1,19,18,1,19,7,29,4,LGN • SAMMY.ﻬ,Class 1,51,80,0,131,4,4,0,0,0
ELITE ESPORT,Standard,4,YAMMI,mKbAZEsRT1eWe7ky4jci,PREACHER X,tm_c0yc4xjf4,12,22.6,22.641509433962266,8.33,8.333333333333334,3,3,53,"{""1"":2,""2"":6,""3"":4}","{""1"":14,""2"":6,""3"":5}","{""1"":14,""2"":6,""3"":5}","{""1"":15,""2"":24,""3"":14}",10,37,2,6,4,14,6,5,14,6,5,15,24,14,PЯX・YAMMI,Class 1,42,106,0,148,4,4,0,0,0
ELITE ESPORT,Standard,4,MONA,RjLod2c19OM2AXEUuMRx,VORTEX ONE,tm_4oss9tizq,12,15.4,15.384615384615385,10.33,10.333333333333334,2,3,78,"{""2"":10,""3"":2}","{""2"":2,""3"":9}","{""1"":20,""2"":2,""3"":9}","{""1"":2,""2"":44,""3"":32}",7,38,,10,2,,2,9,20,2,9,2,44,32,ADIGUN.VRX,Class 1,48,156,-30,174,6,6,0,0,0
ELITE ESPORT,Standard,4,LUDGER,PQAripc5A3a7tOZ5qHrY,CIAO HUNTERS X,tm_twhkzzdmf,12,20.3,20.33898305084746,9,9,3,3,59,"{""1"":1,""2"":6,""3"":5}","{""1"":9,""2"":7,""3"":11}","{""1"":9,""2"":7,""3"":11}","{""1"":14,""2"":28,""3"":17}",9,39,1,6,5,9,7,11,9,7,11,14,28,17,LUDGER.CHX,Class 1,42,118,0,160,4,4,0,0,0
ELITE ESPORT,Standard,4,A1,VOElYffXxZkcpmPLe4T4,MERCILESS ESPORTS,tm_sip25jqm7,11,12.2,12.222222222222221,10.33,10.333333333333334,3,3,90,"{""1"":5,""2"":6,""3"":0}","{""1"":7,""2"":16,""3"":8}","{""1"":7,""2"":16,""3"":8}","{""1"":31,""2"":25,""3"":34}",20,40,5,6,0,7,16,8,7,16,8,31,25,34,MŁ • A1,Class 1,38,180,-188,30,3.67,3.6666666666666665,0,0,0
ELITE ESPORT,Standard,4,RELAX OG,OKrAHDFNWaCteQUIc2bK,Vanguards Insurgents,BRjeTeB5jko6PQyzCcVM,11,47.8,47.82608695652174,13.67,13.666666666666666,3,3,23,"{""1"":3,""2"":7,""3"":1}","{""1"":16,""2"":8,""3"":17}","{""1"":16,""2"":8,""3"":17}","{""1"":8,""2"":13,""3"":2}",16,41,3,7,1,16,8,17,16,8,17,8,13,2,IƦ7.VNG,Class 1,31,46,0,77,3.67,3.6666666666666665,0,0,0
ELITE ESPORT,Standard,4,POISON,QZIn6rAU2CGPFbGbQu4v,GOAT ESPORT,tm_ws9x2fl5b,11,15.7,15.714285714285714,7,7,3,3,70,"{""1"":1,""2"":6,""3"":4}","{""1"":5,""2"":4,""3"":12}","{""1"":5,""2"":4,""3"":12}","{""1"":17,""2"":31,""3"":22}",4,42,1,6,4,5,4,12,5,4,12,17,31,22,毒GOAT POISON,Class 1,45,140,20,205,3.67,3.6666666666666665,0,0,0
ELITE ESPORT,Standard,4,CHEF PUNK,1LO5N9nzQfk09XHoISVW,PREACHER X,tm_c0yc4xjf4,11,20.8,20.754716981132077,8.33,8.333333333333334,3,3,53,"{""1"":3,""2"":5,""3"":3}","{""1"":14,""2"":6,""3"":5}","{""1"":14,""2"":6,""3"":5}","{""1"":15,""2"":24,""3"":14}",10,43,3,5,3,14,6,5,14,6,5,15,24,14,PЯX・CHEFPUNK,Class 1,42,106,0,148,3.67,3.6666666666666665,0,0,0
ELITE ESPORT,Standard,4,GENIUS,uuEZBl8ygzwctHZbKjGV,KYZON ESPORTS,tm_yvpteelv4,10,17.5,17.543859649122805,14,14,3,3,57,"{""1"":4,""2"":6,""3"":0}","{""1"":15,""2"":13,""3"":14}","{""1"":15,""2"":13,""3"":14}","{""1"":18,""2"":28,""3"":11}",8,44,4,6,0,15,13,14,15,13,14,18,28,11,ҞZ • CJACE ২,Class 1,36,114,20,170,3.33,3.3333333333333335,0,0,0
ELITE ESPORT,Standard,4,LEX,1BsT7yYJiDSyQMkjMinw,PARIS CHITUARI,tm_eoz9k9c4p,10,12.8,12.82051282051282,8.33,8.333333333333334,3,3,78,"{""1"":1,""2"":3,""3"":6}","{""1"":17,""2"":5,""3"":3}","{""1"":17,""2"":5,""3"":3}","{""1"":5,""2"":37,""3"":36}",6,45,1,3,6,17,5,3,17,5,3,5,37,36,PARIS LOST,Class 1,43,156,0,199,3.33,3.3333333333333335,0,0,0
ELITE ESPORT,Standard,4,KENOBI,pELJbpvr5LDNa3FC6EzA,WICKED ENTITIES,tm_n96zqds0m,10,20.8,20.833333333333336,11.67,11.666666666666666,3,3,48,"{""1"":4,""2"":6,""3"":0}","{""1"":6,""2"":9,""3"":20}","{""1"":6,""2"":9,""3"":20}","{""1"":19,""2"":26,""3"":3}",11,46,4,6,0,6,9,20,6,9,20,19,26,3,Ƹи丨KENOBI,Class 1,38,96,0,134,3.33,3.3333333333333335,0,0,0
ELITE ESPORT,Standard,4,POPE,EHyRjfeTvbYD9VvE9H1H,LEGIONARIES,tm_ffc044d9o,10,25,25,12.67,12.666666666666666,3,3,40,"{""1"":3,""2"":4,""3"":3}","{""1"":18,""2"":1,""3"":19}","{""1"":18,""2"":1,""3"":19}","{""1"":7,""2"":29,""3"":4}",12,47,3,4,3,18,1,19,18,1,19,7,29,4,LGN・ARSON,Class 1,51,80,0,131,3.33,3.3333333333333335,0,0,0
ELITE ESPORT,Standard,4,KABAL,CoXY5hzzw9FrsNyz2A13,DEVELOPERS,tm_w0a02yn8h,9,36,36,15,15,3,3,25,"{""1"":1,""2"":6,""3"":2}","{""1"":19,""2"":11,""3"":15}","{""1"":19,""2"":11,""3"":15}","{""1"":4,""2"":11,""3"":10}",15,48,1,6,2,19,11,15,19,11,15,4,11,10,KABALSKI.DXV,Class 1,32,50,0,82,3,3,0,0,0
ELITE ESPORT,Standard,4,NEMESIS,6lq8ySkqC6xbaUo6Erzq,CIAO HUNTERS X,tm_twhkzzdmf,9,15.3,15.254237288135593,9,9,3,3,59,"{""1"":3,""2"":6,""3"":0}","{""1"":9,""2"":7,""3"":11}","{""1"":9,""2"":7,""3"":11}","{""1"":14,""2"":28,""3"":17}",9,49,3,6,0,9,7,11,9,7,11,14,28,17,NEMESIS.CHX,Class 1,42,118,0,160,3,3,0,0,0
ELITE ESPORT,Standard,4,ITACHI,8GOX41vVXHYB1HR3LSNi,WICKED ENTITIES,tm_n96zqds0m,9,18.8,18.75,11.67,11.666666666666666,3,3,48,"{""1"":5,""2"":4,""3"":0}","{""1"":6,""2"":9,""3"":20}","{""1"":6,""2"":9,""3"":20}","{""1"":19,""2"":26,""3"":3}",11,50,5,4,0,6,9,20,6,9,20,19,26,3,Ƹи丨ZN,Class 1,38,96,0,134,3,3,0,0,0
ELITE ESPORT,Standard,4,CODGOD,dqr1RKopXDu3zfgmOqcY,LEGIONARIES,tm_ffc044d9o,8,20,20,12.67,12.666666666666666,3,3,40,"{""1"":0,""2"":8,""3"":0}","{""1"":18,""2"":1,""3"":19}","{""1"":18,""2"":1,""3"":19}","{""1"":7,""2"":29,""3"":4}",12,51,0,8,0,18,1,19,18,1,19,7,29,4,LGN・CODGOD宗,Class 1,51,80,0,131,2.67,2.6666666666666665,0,0,0
ELITE ESPORT,Standard,4,LORD,GmzCDwRsPaVr3ja9DMC3,DARED DEVILS,MtuQDKCIZ6DVLuBq6yCs,7,21.9,21.875,10.33,10.333333333333334,3,3,32,"{""1"":3,""2"":1,""3"":3}","{""1"":8,""2"":19,""3"":4}","{""1"":8,""2"":19,""3"":4}","{""1"":15,""2"":3,""3"":14}",13,52,3,1,3,8,19,4,8,19,4,15,3,14,的 FIVE,Class 1,41,64,20,125,2.33,2.3333333333333335,0,0,0
ELITE ESPORT,Standard,4,PAXTON,FUGIszfgldGTlpmWHGYL,Wicked Esports,siPv7Ygm9BKPZ5jHgV9j,7,31.8,31.818181818181817,16.33,16.333333333333332,3,3,22,"{""1"":3,""2"":3,""3"":1}","{""1"":13,""2"":18,""3"":18}","{""1"":13,""2"":18,""3"":18}","{""1"":14,""2"":5,""3"":3}",17,53,3,3,1,13,18,18,13,18,18,14,5,3,Ƹи丨WHYNOT.ढ,Class 1,28,44,0,72,2.33,2.3333333333333335,0,0,0
ELITE ESPORT,Standard,4,SAAD,3nkvxUfrlGX1jG36oXAN,Vanguards Insurgents,BRjeTeB5jko6PQyzCcVM,7,30.4,30.434782608695656,13.67,13.666666666666666,3,3,23,"{""1"":3,""2"":3,""3"":1}","{""1"":16,""2"":8,""3"":17}","{""1"":16,""2"":8,""3"":17}","{""1"":8,""2"":13,""3"":2}",16,54,3,3,1,16,8,17,16,8,17,8,13,2,S•VNG,Class 1,31,46,0,77,2.33,2.3333333333333335,0,0,0
ELITE ESPORT,Standard,4,LOVE,lEIbmv2Nb4W1hCF2WYdI,Findigo Mirage,DfsCHneTL900q2o2ZCT6,7,36.8,36.84210526315789,11.33,11.333333333333334,3,3,19,"{""1"":2,""2"":2,""3"":3}","{""1"":10,""2"":14,""3"":10}","{""1"":10,""2"":14,""3"":10}","{""1"":5,""2"":5,""3"":9}",19,55,2,2,3,10,14,10,10,14,10,5,5,9,GLITCH,Class 1,36,38,-30,44,2.33,2.3333333333333335,0,0,0
ELITE ESPORT,Standard,4,BOYKA,44JH5GEBQ3Oseh8xchJd,Wicked Esports,siPv7Ygm9BKPZ5jHgV9j,7,31.8,31.818181818181817,16.33,16.333333333333332,3,3,22,"{""1"":5,""2"":1,""3"":1}","{""1"":13,""2"":18,""3"":18}","{""1"":13,""2"":18,""3"":18}","{""1"":14,""2"":5,""3"":3}",17,56,5,1,1,13,18,18,13,18,18,14,5,3,Ƹи丨BOYKAढ,Class 1,28,44,0,72,2.33,2.3333333333333335,0,0,0
ELITE ESPORT,Standard,4,BIRAYTI,3Vtf30EajVEnEAAnX7CH,Marines Cartel,o7Dp7knjVTxhemRjJF7R,6,40,40,15,15,3,3,15,"{""1"":3,""2"":1,""3"":2}","{""1"":12,""2"":20,""3"":13}","{""1"":12,""2"":20,""3"":13}","{""1"":9,""2"":3,""3"":3}",18,57,3,1,2,12,20,13,12,20,13,9,3,3,¹LT丨FAAAHHHH,Class 1,32,30,0,62,2,2,0,0,0
ELITE ESPORT,Standard,4,ODOGWU,EL0jkB2u1HR36UhBAUWa,DEVELOPERS,tm_w0a02yn8h,6,24,24,15,15,3,3,25,"{""1"":1,""2"":2,""3"":3}","{""1"":19,""2"":11,""3"":15}","{""1"":19,""2"":11,""3"":15}","{""1"":4,""2"":11,""3"":10}",15,58,1,2,3,19,11,15,19,11,15,4,11,10,GOATED .DXV,Class 1,32,50,0,82,2,2,0,0,0
ELITE ESPORT,Standard,4,SUSRUSKI,vBXOB9nZFg2ugM7IThLa,DARED DEVILS,MtuQDKCIZ6DVLuBq6yCs,5,15.6,15.625,10.33,10.333333333333334,3,3,32,"{""1"":3,""2"":0,""3"":2}","{""1"":8,""2"":19,""3"":4}","{""1"":8,""2"":19,""3"":4}","{""1"":15,""2"":3,""3"":14}",13,59,3,0,2,8,19,4,8,19,4,15,3,14,的SUSRUSKI,Class 1,41,64,20,125,1.67,1.6666666666666667,0,0,0
ELITE ESPORT,Standard,4,SNOW,d1Yob4KUrJTjdjDvMOOk,Findigo Mirage,DfsCHneTL900q2o2ZCT6,5,26.3,26.31578947368421,11.33,11.333333333333334,2,3,19,"{""1"":1,""3"":4}","{""1"":10,""3"":10}","{""1"":10,""2"":14,""3"":10}","{""1"":5,""2"":5,""3"":9}",19,60,1,,4,10,,10,10,14,10,5,5,9,SNOWSZN・¹F¡,Class 1,36,38,-30,44,2.5,2.5,0,0,0
ELITE ESPORT,Standard,4,LIONFACE,PMOZmTbjtV7Jea8FMW8Y,Marines Cartel,o7Dp7knjVTxhemRjJF7R,5,33.3,33.33333333333333,15,15,3,3,15,"{""1"":3,""2"":2,""3"":0}","{""1"":12,""2"":20,""3"":13}","{""1"":12,""2"":20,""3"":13}","{""1"":9,""2"":3,""3"":3}",18,61,3,2,0,12,20,13,12,20,13,9,3,3,¹LT丨DADDYLION,Class 1,32,30,0,62,1.67,1.6666666666666667,0,0,0
ELITE ESPORT,Standard,4,LYON,rsul2CWwdEzEvzuOnnFu,DEVELOPERS,tm_w0a02yn8h,5,20,20,15,15,3,3,25,"{""1"":2,""2"":2,""3"":1}","{""1"":19,""2"":11,""3"":15}","{""1"":19,""2"":11,""3"":15}","{""1"":4,""2"":11,""3"":10}",15,62,2,2,1,19,11,15,19,11,15,4,11,10,CHASE.DXV,Class 1,32,50,0,82,1.67,1.6666666666666667,0,0,0
ELITE ESPORT,Standard,4,LUZY..,IBjxzcpDIbXJfXjbGIJt,Wicked Esports,siPv7Ygm9BKPZ5jHgV9j,4,18.2,18.181818181818183,16.33,16.333333333333332,3,3,22,"{""1"":2,""2"":0,""3"":2}","{""1"":13,""2"":18,""3"":18}","{""1"":13,""2"":18,""3"":18}","{""1"":14,""2"":5,""3"":3}",17,63,2,0,2,13,18,18,13,18,18,14,5,3,Ƹи丨HOWढ,Class 1,28,44,0,72,1.33,1.3333333333333333,0,0,0
ELITE ESPORT,Standard,4,MISTER,OT3OYiHhLhCCGE6fPU7c,Findigo Mirage,DfsCHneTL900q2o2ZCT6,4,21.1,21.052631578947366,11.33,11.333333333333334,3,3,19,"{""1"":1,""2"":1,""3"":2}","{""1"":10,""2"":14,""3"":10}","{""1"":10,""2"":14,""3"":10}","{""1"":5,""2"":5,""3"":9}",19,64,1,1,2,10,14,10,10,14,10,5,5,9,*MISTER・¹F¡,Class 1,36,38,-30,44,1.33,1.3333333333333333,0,0,0
ELITE ESPORT,Standard,4,EDDIE,PZDmwqcvB8vDIOHHB11e,DARED DEVILS,MtuQDKCIZ6DVLuBq6yCs,4,12.5,12.5,10.33,10.333333333333334,3,3,32,"{""1"":1,""2"":1,""3"":2}","{""1"":8,""2"":19,""3"":4}","{""1"":8,""2"":19,""3"":4}","{""1"":15,""2"":3,""3"":14}",13,65,1,1,2,8,19,4,8,19,4,15,3,14,的EDDIERETIRED,Class 1,41,64,20,125,1.33,1.3333333333333333,0,0,0
ELITE ESPORT,Standard,4,YUMI,gf2ax5f84KAKtEyDdxTQ,Wicked Esports,siPv7Ygm9BKPZ5jHgV9j,4,18.2,18.181818181818183,16.33,16.333333333333332,3,3,22,"{""1"":2,""2"":2,""3"":0}","{""1"":13,""2"":18,""3"":18}","{""1"":13,""2"":18,""3"":18}","{""1"":14,""2"":5,""3"":3}",17,66,2,2,0,13,18,18,13,18,18,14,5,3,Ƹи丨YUMIढ,Class 1,28,44,0,72,1.33,1.3333333333333333,0,0,0
ELITE ESPORT,Standard,4,MR P,kl2hoTAKjBPgfOMMvkKH,DEVELOPERS,tm_w0a02yn8h,4,16,16,15,15,1,3,25,"{""3"":4}","{""3"":15}","{""1"":19,""2"":11,""3"":15}","{""1"":4,""2"":11,""3"":10}",15,67,,,4,,,15,19,11,15,4,11,10,MR P.DXV,Class 1,32,50,0,82,4,4,0,0,0
ELITE ESPORT,Standard,4,FINDIGO,ccYYdD7vIbp47umWzOpl,Findigo Mirage,DfsCHneTL900q2o2ZCT6,3,15.8,15.789473684210526,11.33,11.333333333333334,3,3,19,"{""1"":1,""2"":2,""3"":0}","{""1"":10,""2"":14,""3"":10}","{""1"":10,""2"":14,""3"":10}","{""1"":5,""2"":5,""3"":9}",19,68,1,2,0,10,14,10,10,14,10,5,5,9,FINDIGO・¹F¡,Class 1,36,38,-30,44,1,1,0,0,0
ELITE ESPORT,Standard,4,FOCUS.OP,5ViJDzyEADuv7oLkyovF,Vanguards Insurgents,BRjeTeB5jko6PQyzCcVM,3,13,13.043478260869565,13.67,13.666666666666666,3,3,23,"{""1"":2,""2"":1,""3"":0}","{""1"":16,""2"":8,""3"":17}","{""1"":16,""2"":8,""3"":17}","{""1"":8,""2"":13,""3"":2}",16,69,2,1,0,16,8,17,16,8,17,8,13,2,IƑ1•VNG,Class 1,31,46,0,77,1,1,0,0,0
ELITE ESPORT,Standard,4,ASTA,9tj8Qi73oNFm434Qj6Ui,GOAT ESPORT,tm_ws9x2fl5b,2,2.9,2.857142857142857,7,7,1,3,70,"{""1"":2}","{""1"":5}","{""1"":5,""2"":4,""3"":12}","{""1"":17,""2"":31,""3"":22}",4,70,2,,,5,,,5,4,12,17,31,22,毒GOAT PRIDE,Class 1,45,140,20,205,2,2,0,0,0
ELITE ESPORT,Standard,4,IMPROVE,Lm6IiiI1Kfp94RSmCvd5,Vanguards Insurgents,BRjeTeB5jko6PQyzCcVM,2,8.7,8.695652173913043,13.67,13.666666666666666,3,3,23,"{""1"":0,""2"":2,""3"":0}","{""1"":16,""2"":8,""3"":17}","{""1"":16,""2"":8,""3"":17}","{""1"":8,""2"":13,""3"":2}",16,71,0,2,0,16,8,17,16,8,17,8,13,2,YAMMII •VNG,Class 1,31,46,0,77,0.67,0.6666666666666666,0,0,0
ELITE ESPORT,Standard,4,OSASONTT,8Q8u8EfvZ4ZMHbhGPNZA,Marines Cartel,o7Dp7knjVTxhemRjJF7R,2,13.3,13.333333333333334,15,15,2,3,15,"{""1"":2,""2"":0}","{""1"":12,""2"":20}","{""1"":12,""2"":20,""3"":13}","{""1"":9,""2"":3,""3"":3}",18,72,2,0,,12,20,,12,20,13,9,3,3,¹LT丨OSASONTT,Class 1,32,30,0,62,1,1,0,0,0
ELITE ESPORT,Standard,4,PERRY,UArtKsSm8JO1hOVB5ULd,Marines Cartel,o7Dp7knjVTxhemRjJF7R,1,6.7,6.666666666666667,15,15,1,3,15,"{""3"":1}","{""3"":13}","{""1"":12,""2"":20,""3"":13}","{""1"":9,""2"":3,""3"":3}",18,73,,,1,,,13,12,20,13,9,3,3,¹LT丨PARIS • M,Class 1,32,30,0,62,1,1,0,0,0
ELITE ESPORT,Standard,4,CPTRICHY,0Gq1L60Kz9PnkIVJpWIk,Marines Cartel,o7Dp7knjVTxhemRjJF7R,1,6.7,6.666666666666667,15,15,2,3,15,"{""1"":1,""2"":0}","{""1"":12,""2"":20}","{""1"":12,""2"":20,""3"":13}","{""1"":9,""2"":3,""3"":3}",18,74,1,0,,12,20,,12,20,13,9,3,3,¹LT丨SCRIPT,Class 1,32,30,0,62,0.5,0.5,0,0,0
ELITE ESPORT,Standard,4,NURUTA,UiCvqj6uu4EoGsvi2kLs,DEVELOPERS,tm_w0a02yn8h,1,4,4,15,15,2,3,25,"{""1"":0,""2"":1}","{""1"":19,""2"":11}","{""1"":19,""2"":11,""3"":15}","{""1"":4,""2"":11,""3"":10}",15,75,0,1,,19,11,,19,11,15,4,11,10,NURUTATADXV,Class 1,32,50,0,82,0.5,0.5,0,0,0
ELITE ESPORT,Standard,4,DAVLIEN,B11aFzLHBG1YcrCZHV68,Marines Cartel,o7Dp7knjVTxhemRjJF7R,0,0,0,15,15,1,3,15,"{""3"":0}","{""3"":13}","{""1"":12,""2"":20,""3"":13}","{""1"":9,""2"":3,""3"":3}",18,76,,,0,,,13,12,20,13,9,3,3,DAVLIEN.IN.¹LT,Class 1,32,30,0,62,0,0,0,0,0
ELITE ESPORT,Standard,4,CODGHOST,AZdZ5MvPMJMZep4m3bBN,FEARLESS WARRIORS,tm_rgqdo8wje,0,0,0,4,4,1,3,65,"{""1"":0}","{""1"":1}","{""1"":1,""2"":10,""3"":1}","{""1"":25,""2"":20,""3"":20}",3,77,0,,,1,,,1,10,1,25,20,20,ƑW・7.,Class 1,82,130,0,212,0,0,0,0,0
ELITE ESPORT,Standard,5,APOSTLE,L1LKfVKd47rwlshv2vY1,CIAO HUNTERS X,tm_twhkzzdmf,13,40.6,40.625,3.67,3.6666666666666665,3,3,32,"{""1"":4,""2"":6,""3"":3}","{""1"":9,""2"":1,""3"":1}","{""1"":9,""2"":1,""3"":1}","{""1"":7,""2"":12,""3"":13}",1,1,4,6,3,9,1,1,9,1,1,7,12,13,ZN APYT.CHX,Class 1,85,64,0,149,4.33,4.333333333333333,0,0,0
ELITE ESPORT,Standard,5,FLUFFY,zJzKvUNu4k0ilGg2ocCY,KYZON ESPORTS,tm_yvpteelv4,12,38.7,38.70967741935484,5.67,5.666666666666667,3,3,31,"{""1"":11,""2"":0,""3"":1}","{""1"":1,""2"":9,""3"":7}","{""1"":1,""2"":9,""3"":7}","{""1"":26,""2"":1,""3"":4}",2,2,11,0,1,1,9,7,1,9,7,26,1,4,ҞZ・FLUFF২ढ,Class 1,65,62,0,127,4,4,0,0,0
ELITE ESPORT,Standard,5,LEX,1BsT7yYJiDSyQMkjMinw,PARIS CHITUARI,tm_eoz9k9c4p,11,28.9,28.947368421052634,7.67,7.666666666666667,3,3,38,"{""1"":0,""2"":6,""3"":5}","{""1"":17,""2"":3,""3"":3}","{""1"":17,""2"":3,""3"":3}","{""1"":4,""2"":17,""3"":17}",18,3,0,6,5,17,3,3,17,3,3,4,17,17,PARIS LOST,Class 1,48,76,-152,-28,3.67,3.6666666666666665,0,0,0
ELITE ESPORT,Standard,5,JOZZY,FdJ3rIlmedcTFhzRruvA,PARIS CHITUARI,tm_eoz9k9c4p,11,28.9,28.947368421052634,7.67,7.666666666666667,3,3,38,"{""1"":2,""2"":7,""3"":2}","{""1"":17,""2"":3,""3"":3}","{""1"":17,""2"":3,""3"":3}","{""1"":4,""2"":17,""3"":17}",18,4,2,7,2,17,3,3,17,3,3,4,17,17,۶PARIS JOZZY,Class 1,48,76,-152,-28,3.67,3.6666666666666665,0,0,0
ELITE ESPORT,Standard,5,MOVEMENT,zbgasCEzQ3XBmq26KwCr,DEVELOPERS,tm_w0a02yn8h,10,50,50,6,6,3,3,20,"{""1"":4,""2"":5,""3"":1}","{""1"":4,""2"":5,""3"":9}","{""1"":4,""2"":5,""3"":9}","{""1"":5,""2"":13,""3"":2}",5,5,4,5,1,4,5,9,4,5,9,5,13,2,MOVEMENT..DXV,Class 1,48,40,0,88,3.33,3.3333333333333335,0,0,0
ELITE ESPORT,Standard,5,SUSMEDIC,qNv71p42rEEps23BrUvF,CIAO HUNTERS X,tm_twhkzzdmf,8,25,25,3.67,3.6666666666666665,3,3,32,"{""1"":1,""2"":3,""3"":4}","{""1"":9,""2"":1,""3"":1}","{""1"":9,""2"":1,""3"":1}","{""1"":7,""2"":12,""3"":13}",1,6,1,3,4,9,1,1,9,1,1,7,12,13,SUSMEDIC.CHX,Class 1,85,64,0,149,2.67,2.6666666666666665,0,0,0
ELITE ESPORT,Standard,5,COLDSKI,ZMq7kz2SSMfPugtDW1dB,KYZON ESPORTS,tm_yvpteelv4,8,25.8,25.806451612903224,5.67,5.666666666666667,3,3,31,"{""1"":7,""2"":0,""3"":1}","{""1"":1,""2"":9,""3"":7}","{""1"":1,""2"":9,""3"":7}","{""1"":26,""2"":1,""3"":4}",2,7,7,0,1,1,9,7,1,9,7,26,1,4,ҞZ・COLDSKI,Class 1,65,62,0,127,2.67,2.6666666666666665,0,0,0
ELITE ESPORT,Standard,5,GAARA,frAw1ZokwwidsPGWguSM,ENVY 7 ONE,tm_ubz3oae5j,8,42.1,42.10526315789473,8.33,8.333333333333334,3,3,19,"{""1"":0,""2"":6,""3"":2}","{""1"":6,""2"":4,""3"":15}","{""1"":6,""2"":4,""3"":15}","{""1"":1,""2"":14,""3"":4}",8,8,0,6,2,6,4,15,6,4,15,1,14,4,GAARA.SVN¹,Class 1,45,38,0,83,2.67,2.6666666666666665,0,0,0
ELITE ESPORT,Standard,5,LARRYCODM,IsJGFwRijyY55ezUgJMG,PARIS CHITUARI,tm_eoz9k9c4p,8,21.1,21.052631578947366,7.67,7.666666666666667,3,3,38,"{""1"":1,""2"":3,""3"":4}","{""1"":17,""2"":3,""3"":3}","{""1"":17,""2"":3,""3"":3}","{""1"":4,""2"":17,""3"":17}",18,9,1,3,4,17,3,3,17,3,3,4,17,17,PARIS LARRY,Class 1,48,76,-152,-28,2.67,2.6666666666666665,0,0,0
ELITE ESPORT,Standard,5,REZOX,Ev0TDfM50zwRoU5gtCAm,PARIS CHITUARI,tm_eoz9k9c4p,8,21.1,21.052631578947366,7.67,7.666666666666667,3,3,38,"{""1"":1,""2"":1,""3"":6}","{""1"":17,""2"":3,""3"":3}","{""1"":17,""2"":3,""3"":3}","{""1"":4,""2"":17,""3"":17}",18,10,1,1,6,17,3,3,17,3,3,4,17,17,PARIS REYZOX,Class 1,48,76,-152,-28,2.67,2.6666666666666665,0,0,0
ELITE ESPORT,Standard,5,NAGDY,yFIWbCiDqV5ohHdVZoW9,VORTEX ONE,tm_4oss9tizq,7,30.4,30.434782608695656,12,12,3,3,23,"{""1"":0,""2"":4,""3"":3}","{""1"":10,""2"":13,""3"":13}","{""1"":10,""2"":13,""3"":13}","{""1"":3,""2"":12,""3"":8}",3,11,0,4,3,10,13,13,10,13,13,3,12,8,PYRAMID.VRX,Class 1,36,46,30,112,2.33,2.3333333333333335,0,0,0
ELITE ESPORT,Standard,5,ALLFATHER,eZr86KcPlEoSTarsNbR0,⁠FAZE RAIDERS,VBWUGsiSMKIkkTYb3TSn,7,35,35,10,10,3,3,20,"{""1"":2,""2"":1,""3"":4}","{""1"":13,""2"":15,""3"":2}","{""1"":13,""2"":15,""3"":2}","{""1"":4,""2"":4,""3"":12}",4,12,2,1,4,13,15,2,13,15,2,4,4,12,ғZ 乄.,Class 1,49,40,0,89,2.33,2.3333333333333335,0,0,0
ELITE ESPORT,Standard,5,ANDREW,zccOX3iQQuevsZAxcr4f,REMEDIUM INVICTUS,tm_kdh97vkx3,7,36.8,36.84210526315789,10.67,10.666666666666666,3,3,19,"{""1"":7,""2"":0,""3"":0}","{""1"":2,""2"":14,""3"":16}","{""1"":2,""2"":14,""3"":16}","{""1"":16,""2"":0,""3"":3}",7,13,7,0,0,2,14,16,2,14,16,16,0,3,水RDM・XAKII,Class 1,45,38,0,83,2.33,2.3333333333333335,0,0,0
ELITE ESPORT,Standard,5,LUDGER,PQAripc5A3a7tOZ5qHrY,CIAO HUNTERS X,tm_twhkzzdmf,7,21.9,21.875,3.67,3.6666666666666665,3,3,32,"{""1"":1,""2"":2,""3"":4}","{""1"":9,""2"":1,""3"":1}","{""1"":9,""2"":1,""3"":1}","{""1"":7,""2"":12,""3"":13}",1,14,1,2,4,9,1,1,9,1,1,7,12,13,LUDGER.CHX,Class 1,85,64,0,149,2.33,2.3333333333333335,0,0,0
ELITE ESPORT,Standard,5,YAGAMI,Bx7S0iZlMNevEE4eXnqz,VORTEX ONE,tm_4oss9tizq,6,26.1,26.08695652173913,12,12,3,3,23,"{""1"":0,""2"":4,""3"":2}","{""1"":10,""2"":13,""3"":13}","{""1"":10,""2"":13,""3"":13}","{""1"":3,""2"":12,""3"":8}",3,15,0,4,2,10,13,13,10,13,13,3,12,8,YAGAMI.VRX,Class 1,36,46,30,112,2,2,0,0,0
ELITE ESPORT,Standard,5,GB CRYPTO,OxMhCUSkyAT0LrziaNDP,GOAT ESPORT,tm_ws9x2fl5b,6,46.2,46.15384615384615,6.33,6.333333333333333,3,3,13,"{""1"":2,""2"":1,""3"":3}","{""1"":5,""2"":6,""3"":8}","{""1"":5,""2"":6,""3"":8}","{""1"":5,""2"":2,""3"":6}",10,16,2,1,3,5,6,8,5,6,8,5,2,6,毒GOAT CRYPTO,Class 1,45,26,0,71,2,2,0,0,0
ELITE ESPORT,Standard,5,IDIVYNE,EUVvfZ1fKDe844RVNXE2,KYZON ESPORTS,tm_yvpteelv4,6,19.4,19.35483870967742,5.67,5.666666666666667,3,3,31,"{""1"":6,""2"":0,""3"":0}","{""1"":1,""2"":9,""3"":7}","{""1"":1,""2"":9,""3"":7}","{""1"":26,""2"":1,""3"":4}",2,17,6,0,0,1,9,7,1,9,7,26,1,4,ҞZ・DIVYNE২,Class 1,65,62,0,127,2,2,0,0,0
ELITE ESPORT,Standard,5,CODGOD,dqr1RKopXDu3zfgmOqcY,LEGIONARIES,tm_ffc044d9o,6,31.6,31.57894736842105,7.67,7.666666666666667,3,3,19,"{""1"":4,""2"":0,""3"":2}","{""1"":3,""2"":16,""3"":4}","{""1"":3,""2"":16,""3"":4}","{""1"":14,""2"":0,""3"":5}",6,18,4,0,2,3,16,4,3,16,4,14,0,5,LGN・CODGOD宗,Class 1,46,38,0,84,2,2,0,0,0
ELITE ESPORT,Standard,5,SLY,j39wPvPuSoMq1TOb78Ih,⁠FAZE RAIDERS,VBWUGsiSMKIkkTYb3TSn,5,25,25,10,10,3,3,20,"{""1"":2,""2"":2,""3"":1}","{""1"":13,""2"":15,""3"":2}","{""1"":13,""2"":15,""3"":2}","{""1"":4,""2"":4,""3"":12}",4,19,2,2,1,13,15,2,13,15,2,4,4,12,ғZ PELNEEZ.,Class 1,49,40,0,89,1.67,1.6666666666666667,0,0,0
ELITE ESPORT,Standard,5,FATHERALI,lQ3oUgLHQF7EsyPL3mFJ,VORTEX ONE,tm_4oss9tizq,5,21.7,21.73913043478261,12,12,3,3,23,"{""1"":3,""2"":1,""3"":1}","{""1"":10,""2"":13,""3"":13}","{""1"":10,""2"":13,""3"":13}","{""1"":3,""2"":12,""3"":8}",3,20,3,1,1,10,13,13,10,13,13,3,12,8,FATHERALI.VRX,Class 1,36,46,30,112,1.67,1.6666666666666667,0,0,0
ELITE ESPORT,Standard,5,GENIUS,uuEZBl8ygzwctHZbKjGV,KYZON ESPORTS,tm_yvpteelv4,5,16.1,16.129032258064516,5.67,5.666666666666667,3,3,31,"{""1"":2,""2"":1,""3"":2}","{""1"":1,""2"":9,""3"":7}","{""1"":1,""2"":9,""3"":7}","{""1"":26,""2"":1,""3"":4}",2,21,2,1,2,1,9,7,1,9,7,26,1,4,ҞZ • CJACE ২,Class 1,65,62,0,127,1.67,1.6666666666666667,0,0,0
ELITE ESPORT,Standard,5,DIESEL,bHkMFZ32og02YGmY4skf,LEGIONARIES,tm_ffc044d9o,5,26.3,26.31578947368421,7.67,7.666666666666667,3,3,19,"{""1"":4,""2"":0,""3"":1}","{""1"":3,""2"":16,""3"":4}","{""1"":3,""2"":16,""3"":4}","{""1"":14,""2"":0,""3"":5}",6,22,4,0,1,3,16,4,3,16,4,14,0,5,LGN・DIESEL,Class 1,46,38,0,84,1.67,1.6666666666666667,0,0,0
ELITE ESPORT,Standard,5,SAMMY,CRgmZpi6YPL39TOInRBz,LEGIONARIES,tm_ffc044d9o,5,26.3,26.31578947368421,7.67,7.666666666666667,3,3,19,"{""1"":4,""2"":0,""3"":1}","{""1"":3,""2"":16,""3"":4}","{""1"":3,""2"":16,""3"":4}","{""1"":14,""2"":0,""3"":5}",6,23,4,0,1,3,16,4,3,16,4,14,0,5,LGN • SAMMY.ﻬ,Class 1,46,38,0,84,1.67,1.6666666666666667,0,0,0
ELITE ESPORT,Standard,5,POISON,QZIn6rAU2CGPFbGbQu4v,GOAT ESPORT,tm_ws9x2fl5b,5,38.5,38.46153846153847,6.33,6.333333333333333,3,3,13,"{""1"":2,""2"":0,""3"":3}","{""1"":5,""2"":6,""3"":8}","{""1"":5,""2"":6,""3"":8}","{""1"":5,""2"":2,""3"":6}",10,24,2,0,3,5,6,8,5,6,8,5,2,6,毒GOAT POISON,Class 1,45,26,0,71,1.67,1.6666666666666667,0,0,0
ELITE ESPORT,Standard,5,STALKER,fLonAcil1vpsdmMvcMTT,VORTEX ONE,tm_4oss9tizq,5,21.7,21.73913043478261,12,12,3,3,23,"{""1"":0,""2"":3,""3"":2}","{""1"":10,""2"":13,""3"":13}","{""1"":10,""2"":13,""3"":13}","{""1"":3,""2"":12,""3"":8}",3,25,0,3,2,10,13,13,10,13,13,3,12,8,STALKER.VRX,Class 1,36,46,30,112,1.67,1.6666666666666667,0,0,0
ELITE ESPORT,Standard,5,RUSTY,GQC099yRTvpPKG2zBXZD,⁠FAZE RAIDERS,VBWUGsiSMKIkkTYb3TSn,5,25,25,10,10,3,3,20,"{""1"":0,""2"":0,""3"":5}","{""1"":13,""2"":15,""3"":2}","{""1"":13,""2"":15,""3"":2}","{""1"":4,""2"":4,""3"":12}",4,26,0,0,5,13,15,2,13,15,2,4,4,12,ғZ RXSTY,Class 1,49,40,0,89,1.67,1.6666666666666667,0,0,0
ELITE ESPORT,Standard,5,VANESSAFRAMES,BWcE2ndSsjkYFrLxi3J2,ENVY 7 ONE,tm_ubz3oae5j,5,26.3,26.31578947368421,8.33,8.333333333333334,2,3,19,"{""2"":3,""3"":2}","{""2"":4,""3"":15}","{""1"":6,""2"":4,""3"":15}","{""1"":1,""2"":14,""3"":4}",8,27,,3,2,,4,15,6,4,15,1,14,4,FRXMES.SVN¹,Class 1,45,38,0,83,2.5,2.5,0,0,0
ELITE ESPORT,Standard,5,CHEF PUNK,1LO5N9nzQfk09XHoISVW,PREACHER X,tm_c0yc4xjf4,5,25,25,10,10,3,3,20,"{""1"":1,""2"":0,""3"":4}","{""1"":8,""2"":17,""3"":5}","{""1"":8,""2"":17,""3"":5}","{""1"":6,""2"":5,""3"":9}",9,28,1,0,4,8,17,5,8,17,5,6,5,9,PЯX・CHEFPUNK,Class 1,38,40,0,78,1.67,1.6666666666666667,0,0,0
ELITE ESPORT,Standard,5,ODOGWU,EL0jkB2u1HR36UhBAUWa,DEVELOPERS,tm_w0a02yn8h,5,25,25,6,6,3,3,20,"{""1"":0,""2"":5,""3"":0}","{""1"":4,""2"":5,""3"":9}","{""1"":4,""2"":5,""3"":9}","{""1"":5,""2"":13,""3"":2}",5,29,0,5,0,4,5,9,4,5,9,5,13,2,GOATED .DXV,Class 1,48,40,0,88,1.67,1.6666666666666667,0,0,0
ELITE ESPORT,Standard,5,GREY,Wxiw1DKhlXTXvayohYTt,REMEDIUM INVICTUS,tm_kdh97vkx3,5,26.3,26.31578947368421,10.67,10.666666666666666,2,3,19,"{""1"":4,""3"":1}","{""1"":2,""3"":16}","{""1"":2,""2"":14,""3"":16}","{""1"":16,""2"":0,""3"":3}",7,30,4,,1,2,,16,2,14,16,16,0,3,水RDM・ GREY,Class 1,45,38,0,83,2.5,2.5,0,0,0
ELITE ESPORT,Standard,5,NEGAN,MZpEVrmRkAAV37WP7AsF,REMEDIUM INVICTUS,tm_kdh97vkx3,4,21.1,21.052631578947366,10.67,10.666666666666666,2,3,19,"{""1"":4,""2"":0}","{""1"":2,""2"":14}","{""1"":2,""2"":14,""3"":16}","{""1"":16,""2"":0,""3"":3}",7,31,4,0,,2,14,,2,14,16,16,0,3,水RDM・NEGAN,Class 1,45,38,0,83,2,2,0,0,0
ELITE ESPORT,Standard,5,NEMESIS,6lq8ySkqC6xbaUo6Erzq,CIAO HUNTERS X,tm_twhkzzdmf,4,12.5,12.5,3.67,3.6666666666666665,3,3,32,"{""1"":1,""2"":1,""3"":2}","{""1"":9,""2"":1,""3"":1}","{""1"":9,""2"":1,""3"":1}","{""1"":7,""2"":12,""3"":13}",1,32,1,1,2,9,1,1,9,1,1,7,12,13,NEMESIS.CHX,Class 1,85,64,0,149,1.33,1.3333333333333333,0,0,0
ELITE ESPORT,Standard,5,YUSUF,qKQQ85V7nwqlL2KDXoGl,ENVY 7 ONE,tm_ubz3oae5j,4,21.1,21.052631578947366,8.33,8.333333333333334,3,3,19,"{""1"":0,""2"":4,""3"":0}","{""1"":6,""2"":4,""3"":15}","{""1"":6,""2"":4,""3"":15}","{""1"":1,""2"":14,""3"":4}",8,33,0,4,0,6,4,15,6,4,15,1,14,4,YUSUF.SVN¹,Class 1,45,38,0,83,1.33,1.3333333333333333,0,0,0
ELITE ESPORT,Standard,5,TOLU MARTINS,qiDPTJl18fmW4r6n11Pr,PREACHER X,tm_c0yc4xjf4,4,20,20,10,10,3,3,20,"{""1"":2,""2"":1,""3"":1}","{""1"":8,""2"":17,""3"":5}","{""1"":8,""2"":17,""3"":5}","{""1"":6,""2"":5,""3"":9}",9,34,2,1,1,8,17,5,8,17,5,6,5,9,PЯX・MARTINS,Class 1,38,40,0,78,1.33,1.3333333333333333,0,0,0
ELITE ESPORT,Standard,5,EDDIE,PZDmwqcvB8vDIOHHB11e,DARED DEVILS,MtuQDKCIZ6DVLuBq6yCs,4,40,40,10,10,3,3,10,"{""1"":0,""2"":3,""3"":1}","{""1"":16,""2"":2,""3"":12}","{""1"":16,""2"":2,""3"":12}","{""1"":1,""2"":4,""3"":5}",11,35,0,3,1,16,2,12,16,2,12,1,4,5,的EDDIERETIRED,Class 1,45,20,0,65,1.33,1.3333333333333333,0,0,0
ELITE ESPORT,Standard,5,TOM,hxHrnWldh81VX3Ygl3kw,PREACHER X,tm_c0yc4xjf4,3,15,15,10,10,2,3,20,"{""1"":2,""2"":1}","{""1"":8,""2"":17}","{""1"":8,""2"":17,""3"":5}","{""1"":6,""2"":5,""3"":9}",9,36,2,1,,8,17,,8,17,5,6,5,9,PЯX・OG TOM,Class 1,38,40,0,78,1.5,1.5,0,0,0
ELITE ESPORT,Standard,5,MR P,kl2hoTAKjBPgfOMMvkKH,DEVELOPERS,tm_w0a02yn8h,3,15,15,6,6,3,3,20,"{""1"":1,""2"":1,""3"":1}","{""1"":4,""2"":5,""3"":9}","{""1"":4,""2"":5,""3"":9}","{""1"":5,""2"":13,""3"":2}",5,37,1,1,1,4,5,9,4,5,9,5,13,2,MR P.DXV,Class 1,48,40,0,88,1,1,0,0,0
ELITE ESPORT,Standard,5,PAXTON,FUGIszfgldGTlpmWHGYL,Wicked Esports,siPv7Ygm9BKPZ5jHgV9j,3,100,100,,,3,0,3,"{""1"":2,""2"":0,""3"":1}",{},{},{},,38,2,0,1,,,,,,,,,,Ƹи丨WHYNOT.ढ,Class 1,,,,,1,1,0,0,0
ELITE ESPORT,Standard,5,LORD,GmzCDwRsPaVr3ja9DMC3,DARED DEVILS,MtuQDKCIZ6DVLuBq6yCs,3,30,30,10,10,3,3,10,"{""1"":0,""2"":0,""3"":3}","{""1"":16,""2"":2,""3"":12}","{""1"":16,""2"":2,""3"":12}","{""1"":1,""2"":4,""3"":5}",11,39,0,0,3,16,2,12,16,2,12,1,4,5,的 FIVE,Class 1,45,20,0,65,1,1,0,0,0
ELITE ESPORT,Standard,5,POPE,EHyRjfeTvbYD9VvE9H1H,LEGIONARIES,tm_ffc044d9o,3,15.8,15.789473684210526,7.67,7.666666666666667,3,3,19,"{""1"":2,""2"":0,""3"":1}","{""1"":3,""2"":16,""3"":4}","{""1"":3,""2"":16,""3"":4}","{""1"":14,""2"":0,""3"":5}",6,40,2,0,1,3,16,4,3,16,4,14,0,5,LGN・ARSON,Class 1,46,38,0,84,1,1,0,0,0
ELITE ESPORT,Standard,5,PERRY,UArtKsSm8JO1hOVB5ULd,Marines Cartel,o7Dp7knjVTxhemRjJF7R,2,22.2,22.22222222222222,7,7,3,3,9,"{""1"":1,""2"":0,""3"":1}","{""1"":7,""2"":8,""3"":6}","{""1"":7,""2"":8,""3"":6}","{""1"":1,""2"":5,""3"":3}",12,41,1,0,1,7,8,6,7,8,6,1,5,3,¹LT丨PARIS • M,Class 1,45,18,0,63,0.67,0.6666666666666666,0,0,0
ELITE ESPORT,Standard,5,FINDIGO,ccYYdD7vIbp47umWzOpl,Findigo Mirage,DfsCHneTL900q2o2ZCT6,2,50,50,12,12,3,3,4,"{""1"":2,""2"":0,""3"":0}","{""1"":14,""2"":11,""3"":11}","{""1"":14,""2"":11,""3"":11}","{""1"":4,""2"":0,""3"":0}",15,42,2,0,0,14,11,11,14,11,11,4,0,0,FINDIGO・¹F¡,Class 1,36,8,0,44,0.67,0.6666666666666666,0,0,0
ELITE ESPORT,Standard,5,KABAL,CoXY5hzzw9FrsNyz2A13,DEVELOPERS,tm_w0a02yn8h,2,10,10,6,6,3,3,20,"{""1"":0,""2"":2,""3"":0}","{""1"":4,""2"":5,""3"":9}","{""1"":4,""2"":5,""3"":9}","{""1"":5,""2"":13,""3"":2}",5,43,0,2,0,4,5,9,4,5,9,5,13,2,KABALSKI.DXV,Class 1,48,40,0,88,0.67,0.6666666666666666,0,0,0
ELITE ESPORT,Standard,5,DAVERUSKI,TQnhbjjxWQKp5psJEV6v,ENVY 7 ONE,tm_ubz3oae5j,2,10.5,10.526315789473683,8.33,8.333333333333334,3,3,19,"{""1"":1,""2"":1,""3"":0}","{""1"":6,""2"":4,""3"":15}","{""1"":6,""2"":4,""3"":15}","{""1"":1,""2"":14,""3"":4}",8,44,1,1,0,6,4,15,6,4,15,1,14,4,ƊAVERUSKI.SVN¹,Class 1,45,38,0,83,0.67,0.6666666666666666,0,0,0
ELITE ESPORT,Standard,5,JOJO,T2sK7jSZkJqKgLswvF1g,REMEDIUM INVICTUS,tm_kdh97vkx3,2,10.5,10.526315789473683,10.67,10.666666666666666,3,3,19,"{""1"":1,""2"":0,""3"":1}","{""1"":2,""2"":14,""3"":16}","{""1"":2,""2"":14,""3"":16}","{""1"":16,""2"":0,""3"":3}",7,45,1,0,1,2,14,16,2,14,16,16,0,3,水RDM・JOJO,Class 1,45,38,0,83,0.67,0.6666666666666666,0,0,0
ELITE ESPORT,Standard,5,WELL,Ko43cF1VM0oiQ4rNi4UW,DARED DEVILS,MtuQDKCIZ6DVLuBq6yCs,2,20,20,10,10,3,3,10,"{""1"":0,""2"":1,""3"":1}","{""1"":16,""2"":2,""3"":12}","{""1"":16,""2"":2,""3"":12}","{""1"":1,""2"":4,""3"":5}",11,46,0,1,1,16,2,12,16,2,12,1,4,5,的WELLS.TT,Class 1,45,20,0,65,0.67,0.6666666666666666,0,0,0
ELITE ESPORT,Standard,5,YAMMI,mKbAZEsRT1eWe7ky4jci,PREACHER X,tm_c0yc4xjf4,2,10,10,10,10,1,3,20,"{""3"":2}","{""3"":5}","{""1"":8,""2"":17,""3"":5}","{""1"":6,""2"":5,""3"":9}",9,47,,,2,,,5,8,17,5,6,5,9,PЯX・YAMMI,Class 1,38,40,0,78,2,2,0,0,0
ELITE ESPORT,Standard,5,LOVE,lEIbmv2Nb4W1hCF2WYdI,Findigo Mirage,DfsCHneTL900q2o2ZCT6,2,50,50,12,12,2,3,4,"{""1"":2,""2"":0}","{""1"":14,""2"":11}","{""1"":14,""2"":11,""3"":11}","{""1"":4,""2"":0,""3"":0}",15,48,2,0,,14,11,,14,11,11,4,0,0,GLITCH,Class 1,36,8,0,44,1,1,0,0,0
ELITE ESPORT,Standard,5,SAVAGE,Hq5gw6eD9HnU8lTr2RHZ,FEARLESS WARRIORS,tm_rgqdo8wje,2,20,20,10.67,10.666666666666666,3,3,10,"{""1"":2,""2"":0,""3"":0}","{""1"":11,""2"":7,""3"":14}","{""1"":11,""2"":7,""3"":14}","{""1"":6,""2"":3,""3"":1}",13,49,2,0,0,11,7,14,11,7,14,6,3,1,ƑW・SAVAGEYT,Class 1,39,20,0,59,0.67,0.6666666666666666,0,0,0
ELITE ESPORT,Standard,5,OSASONTT,8Q8u8EfvZ4ZMHbhGPNZA,Marines Cartel,o7Dp7knjVTxhemRjJF7R,1,11.1,11.11111111111111,7,7,3,3,9,"{""1"":0,""2"":1,""3"":0}","{""1"":7,""2"":8,""3"":6}","{""1"":7,""2"":8,""3"":6}","{""1"":1,""2"":5,""3"":3}",12,50,0,1,0,7,8,6,7,8,6,1,5,3,¹LT丨OSASONTT,Class 1,45,18,0,63,0.33,0.3333333333333333,0,0,0
ELITE ESPORT,Standard,5,ASTA,9tj8Qi73oNFm434Qj6Ui,GOAT ESPORT,tm_ws9x2fl5b,1,7.7,7.6923076923076925,6.33,6.333333333333333,3,3,13,"{""1"":0,""2"":1,""3"":0}","{""1"":5,""2"":6,""3"":8}","{""1"":5,""2"":6,""3"":8}","{""1"":5,""2"":2,""3"":6}",10,51,0,1,0,5,6,8,5,6,8,5,2,6,毒GOAT PRIDE,Class 1,45,26,0,71,0.33,0.3333333333333333,0,0,0
ELITE ESPORT,Standard,5,KINGSLEEK,FXStsIKBbfRsAXTNaySt,DARED DEVILS,MtuQDKCIZ6DVLuBq6yCs,1,10,10,10,10,3,3,10,"{""1"":1,""2"":0,""3"":0}","{""1"":16,""2"":2,""3"":12}","{""1"":16,""2"":2,""3"":12}","{""1"":1,""2"":4,""3"":5}",11,52,1,0,0,16,2,12,16,2,12,1,4,5,的AMADIOHA,Class 1,45,20,0,65,0.33,0.3333333333333333,0,0,0
ELITE ESPORT,Standard,5,FOCUS.OP,5ViJDzyEADuv7oLkyovF,Vanguards Insurgents,BRjeTeB5jko6PQyzCcVM,1,100,100,12.67,12.666666666666666,3,3,1,"{""1"":0,""2"":1,""3"":0}","{""1"":18,""2"":10,""3"":10}","{""1"":18,""2"":10,""3"":10}","{""1"":0,""2"":1,""3"":0}",16,53,0,1,0,18,10,10,18,10,10,0,1,0,IƑ1•VNG,Class 1,32,2,0,34,0.33,0.3333333333333333,0,0,0
ELITE ESPORT,Standard,5,LIONFACE,PMOZmTbjtV7Jea8FMW8Y,Marines Cartel,o7Dp7knjVTxhemRjJF7R,1,11.1,11.11111111111111,7,7,3,3,9,"{""1"":0,""2"":1,""3"":0}","{""1"":7,""2"":8,""3"":6}","{""1"":7,""2"":8,""3"":6}","{""1"":1,""2"":5,""3"":3}",12,54,0,1,0,7,8,6,7,8,6,1,5,3,¹LT丨DADDYLION,Class 1,45,18,0,63,0.33,0.3333333333333333,0,0,0
ELITE ESPORT,Standard,5,PHILIP MELO,gybDsWbwIY4s0wRh2Nj4,FEARLESS WARRIORS,tm_rgqdo8wje,1,10,10,10.67,10.666666666666666,3,3,10,"{""1"":0,""2"":1,""3"":0}","{""1"":11,""2"":7,""3"":14}","{""1"":11,""2"":7,""3"":14}","{""1"":6,""2"":3,""3"":1}",13,55,0,1,0,11,7,14,11,7,14,6,3,1,ƑW・MELO,Class 1,39,20,0,59,0.33,0.3333333333333333,0,0,0
ELITE ESPORT,Standard,5,NANAYAW,tX7GCLJJ61u8bLkRroBP,GOAT ESPORT,tm_ws9x2fl5b,1,7.7,7.6923076923076925,6.33,6.333333333333333,3,3,13,"{""1"":1,""2"":0,""3"":0}","{""1"":5,""2"":6,""3"":8}","{""1"":5,""2"":6,""3"":8}","{""1"":5,""2"":2,""3"":6}",10,56,1,0,0,5,6,8,5,6,8,5,2,6,毒GOAT YAW,Class 1,45,26,0,71,0.33,0.3333333333333333,0,0,0
ELITE ESPORT,Standard,5,LAZY,Tmdfj4k7UPoE2wFXGHxJ,REMEDIUM INVICTUS,tm_kdh97vkx3,1,5.3,5.263157894736842,10.67,10.666666666666666,2,3,19,"{""2"":0,""3"":1}","{""2"":14,""3"":16}","{""1"":2,""2"":14,""3"":16}","{""1"":16,""2"":0,""3"":3}",7,57,,0,1,,14,16,2,14,16,16,0,3,水RDM・AURACLE,Class 1,45,38,0,83,0.5,0.5,0,0,0
ELITE ESPORT,Standard,5,SAAD,3nkvxUfrlGX1jG36oXAN,Vanguards Insurgents,BRjeTeB5jko6PQyzCcVM,0,0,0,12.67,12.666666666666666,3,3,1,"{""1"":0,""2"":0,""3"":0}","{""1"":18,""2"":10,""3"":10}","{""1"":18,""2"":10,""3"":10}","{""1"":0,""2"":1,""3"":0}",16,58,0,0,0,18,10,10,18,10,10,0,1,0,S•VNG,Class 1,32,2,0,34,0,0,0,0,0
ELITE ESPORT,Standard,5,MISTER,OT3OYiHhLhCCGE6fPU7c,Findigo Mirage,DfsCHneTL900q2o2ZCT6,0,0,0,12,12,2,3,4,"{""1"":0,""2"":0}","{""1"":14,""2"":11}","{""1"":14,""2"":11,""3"":11}","{""1"":4,""2"":0,""3"":0}",15,59,0,0,,14,11,,14,11,11,4,0,0,*MISTER・¹F¡,Class 1,36,8,0,44,0,0,0,0,0
ELITE ESPORT,Standard,5,RELAX OG,OKrAHDFNWaCteQUIc2bK,Vanguards Insurgents,BRjeTeB5jko6PQyzCcVM,0,0,0,12.67,12.666666666666666,3,3,1,"{""1"":0,""2"":0,""3"":0}","{""1"":18,""2"":10,""3"":10}","{""1"":18,""2"":10,""3"":10}","{""1"":0,""2"":1,""3"":0}",16,60,0,0,0,18,10,10,18,10,10,0,1,0,IƦ7.VNG,Class 1,32,2,0,34,0,0,0,0,0
ELITE ESPORT,Standard,5,ASAP,mnkeNhI2TcOPDBpz32nx,Vanguards Insurgents,BRjeTeB5jko6PQyzCcVM,0,0,0,12.67,12.666666666666666,3,3,1,"{""1"":0,""2"":0,""3"":0}","{""1"":18,""2"":10,""3"":10}","{""1"":18,""2"":10,""3"":10}","{""1"":0,""2"":1,""3"":0}",16,61,0,0,0,18,10,10,18,10,10,0,1,0,CARAMIA•VNG,Class 1,32,2,0,34,0,0,0,0,0
ELITE ESPORT,Standard,5,SNOW,d1Yob4KUrJTjdjDvMOOk,Findigo Mirage,DfsCHneTL900q2o2ZCT6,0,0,0,12,12,3,3,4,"{""1"":0,""2"":0,""3"":0}","{""1"":14,""2"":11,""3"":11}","{""1"":14,""2"":11,""3"":11}","{""1"":4,""2"":0,""3"":0}",15,62,0,0,0,14,11,11,14,11,11,4,0,0,SNOWSZN・¹F¡,Class 1,36,8,0,44,0,0,0,0,0
MAJOR GAMING LEAGUE TIER 1,Tier 1,1,SAVAGE,Hq5gw6eD9HnU8lTr2RHZ,FEARLESS WARRIORS,tm_rgqdo8wje,30,31.6,31.57894736842105,7,7,3,3,95,"{""1"":12,""2"":14,""3"":4}","{""1"":9,""2"":4,""3"":8}","{""1"":9,""2"":4,""3"":8}","{""1"":33,""2"":44,""3"":18}",2,1,12,14,4,9,4,8,9,4,8,33,44,18,ƑW・SAVAGEYT,Class 1,10,190,0,200,10,10,13350,4450,23.9
MAJOR GAMING LEAGUE TIER 1,Tier 1,1,SWAYZE,qefoLXaT9gaO2ycKQocy,Narcissist,ukMz1QObm2RORWQOa9dc,30,37.5,37.5,8.33,8.333333333333334,3,3,80,"{""1"":6,""2"":11,""3"":13}","{""1"":6,""2"":8,""3"":11}","{""1"":6,""2"":8,""3"":11}","{""1"":22,""2"":33,""3"":25}",6,2,6,11,13,6,8,11,6,8,11,22,33,25,口ISWAYZETT,Class 1,0,160,0,160,10,10,12484,4161,27.4
MAJOR GAMING LEAGUE TIER 1,Tier 1,1,CODGOD,dqr1RKopXDu3zfgmOqcY,LEGIONARIES,tm_ffc044d9o,28,37.3,37.333333333333336,10,10,3,3,75,"{""1"":15,""2"":5,""3"":8}","{""1"":3,""2"":17,""3"":10}","{""1"":3,""2"":17,""3"":10}","{""1"":43,""2"":8,""3"":24}",5,3,15,5,8,3,17,10,3,17,10,43,8,24,LGN・CODGOD宗,Class 1,15,150,0,165,9.33,9.333333333333334,9372,3124,30.9
MAJOR GAMING LEAGUE TIER 1,Tier 1,1,DELETE,yXsVHpZGIDJoF3CpeME2,MAIN CHARACTERS OG,tm_mgol0xhrx,27,42.2,42.1875,8,8,3,3,64,"{""1"":9,""2"":11,""3"":7}","{""1"":5,""2"":16,""3"":3}","{""1"":5,""2"":16,""3"":3}","{""1"":18,""2"":11,""3"":35}",9,4,9,11,7,5,16,3,5,16,3,18,11,35,MC丨IFɅ,Class 1,20,128,0,148,9,9,0,0,0
MAJOR GAMING LEAGUE TIER 1,Tier 1,1,MAUS,kUOdoGK7ff8eYeZgwvXq,FEARLESS WARRIORS,tm_rgqdo8wje,26,27.4,27.368421052631582,7,7,3,3,95,"{""1"":9,""2"":13,""3"":4}","{""1"":9,""2"":4,""3"":8}","{""1"":9,""2"":4,""3"":8}","{""1"":33,""2"":44,""3"":18}",2,5,9,13,4,9,4,8,9,4,8,33,44,18,ƑW・MAUS,Class 1,10,190,0,200,8.67,8.666666666666666,9042,3014,0
MAJOR GAMING LEAGUE TIER 1,Tier 1,1,FATHER AGE,Q63XSJmpDP5cUC8DnvR4,MAIN CHARACTERS OG,tm_mgol0xhrx,26,40.6,40.625,8,8,3,3,64,"{""1"":10,""2"":4,""3"":12}","{""1"":5,""2"":16,""3"":3}","{""1"":5,""2"":16,""3"":3}","{""1"":18,""2"":11,""3"":35}",9,6,10,4,12,5,16,3,5,16,3,18,11,35,MC丨AGE,Class 1,20,128,0,148,8.67,8.666666666666666,0,0,0
MAJOR GAMING LEAGUE TIER 1,Tier 1,1,GAARA,frAw1ZokwwidsPGWguSM,ENVY 7 ONE,tm_ubz3oae5j,25,37.3,37.3134328358209,7.67,7.666666666666667,3,3,67,"{""1"":7,""2"":3,""3"":15}","{""1"":14,""2"":2,""3"":7}","{""1"":14,""2"":2,""3"":7}","{""1"":16,""2"":17,""3"":34}",7,7,7,3,15,14,2,7,14,2,7,16,17,34,GAARA.SVN¹,Class 1,20,134,0,154,8.33,8.333333333333334,10091,3364,33
MAJOR GAMING LEAGUE TIER 1,Tier 1,1,YAGAMI,Bx7S0iZlMNevEE4eXnqz,VORTEX ONE,tm_4oss9tizq,25,33.8,33.78378378378378,9.33,9.333333333333334,3,3,74,"{""1"":10,""2"":12,""3"":3}","{""1"":8,""2"":1,""3"":19}","{""1"":8,""2"":1,""3"":19}","{""1"":29,""2"":34,""3"":11}",4,8,10,12,3,8,1,19,8,1,19,29,34,11,QTR YAGA.VRX,Class 1,25,148,0,173,8.33,8.333333333333334,10073,3358,27.3
MAJOR GAMING LEAGUE TIER 1,Tier 1,1,LUDGER,PQAripc5A3a7tOZ5qHrY,FEARLESS WARRIORS,tm_rgqdo8wje,24,25.3,25.263157894736842,7,7,3,3,95,"{""1"":9,""2"":11,""3"":4}","{""1"":9,""2"":4,""3"":8}","{""1"":9,""2"":4,""3"":8}","{""1"":33,""2"":44,""3"":18}",2,9,9,11,4,9,4,8,9,4,8,33,44,18,ZN LUDGER・ƑW,Class 1,10,190,0,200,8,8,0,0,0
MAJOR GAMING LEAGUE TIER 1,Tier 1,1,GB CRYPTO,OxMhCUSkyAT0LrziaNDP,GOAT ESPORT,tm_ws9x2fl5b,23,29.1,29.11392405063291,5.67,5.666666666666667,3,3,79,"{""1"":8,""2"":8,""3"":7}","{""1"":9,""2"":3,""3"":5}","{""1"":9,""2"":3,""3"":5}","{""1"":20,""2"":28,""3"":31}",3,10,8,8,7,9,3,5,9,3,5,20,28,31,毒GOAT CRYPTO,Class 1,20,158,0,178,7.67,7.666666666666667,0,0,0
MAJOR GAMING LEAGUE TIER 1,Tier 1,1,ODOGWU,EL0jkB2u1HR36UhBAUWa,DEVELOPERS,tm_w0a02yn8h,23,28.8,28.749999999999996,3.33,3.3333333333333335,3,3,80,"{""1"":12,""2"":7,""3"":4}","{""1"":1,""2"":7,""3"":2}","{""1"":1,""2"":7,""3"":2}","{""1"":35,""2"":22,""3"":23}",1,11,12,7,4,1,7,2,1,7,2,35,22,23,GOATED•DXV,Class 1,45,160,0,205,7.67,7.666666666666667,0,0,0
MAJOR GAMING LEAGUE TIER 1,Tier 1,1,STALKER,fLonAcil1vpsdmMvcMTT,VORTEX ONE,tm_4oss9tizq,22,29.7,29.72972972972973,9.33,9.333333333333334,3,3,74,"{""1"":6,""2"":11,""3"":5}","{""1"":8,""2"":1,""3"":19}","{""1"":8,""2"":1,""3"":19}","{""1"":29,""2"":34,""3"":11}",4,12,6,11,5,8,1,19,8,1,19,29,34,11,STALKER.VRX,Class 1,25,148,0,173,7.33,7.333333333333333,8186,2729,21.6
MAJOR GAMING LEAGUE TIER 1,Tier 1,1,APOSTLE,L1LKfVKd47rwlshv2vY1,CIAO HUNTERS X,tm_twhkzzdmf,22,35.5,35.483870967741936,8,8,3,3,62,"{""1"":6,""2"":8,""3"":8}","{""1"":17,""2"":6,""3"":1}","{""1"":17,""2"":6,""3"":1}","{""1"":15,""2"":25,""3"":22}",8,13,6,8,8,17,6,1,17,6,1,15,25,22,CPT APYT.CHX,Class 1,25,124,0,149,7.33,7.333333333333333,0,0,0
MAJOR GAMING LEAGUE TIER 1,Tier 1,1,CHIKE,WP7wn4jjPa6n4busZVnT,GOAT ESPORT,tm_ws9x2fl5b,22,27.8,27.848101265822784,5.67,5.666666666666667,3,3,79,"{""1"":6,""2"":10,""3"":6}","{""1"":9,""2"":3,""3"":5}","{""1"":9,""2"":3,""3"":5}","{""1"":20,""2"":28,""3"":31}",3,14,6,10,6,9,3,5,9,3,5,20,28,31,毒GOAT THELMA,Class 1,20,158,0,178,7.33,7.333333333333333,0,0,0
MAJOR GAMING LEAGUE TIER 1,Tier 1,1,ISCO,Ju9oBCWQSs6kfDYixRZK,LEGIONARIES,tm_ffc044d9o,21,28,28.000000000000004,10,10,3,3,75,"{""1"":14,""2"":2,""3"":5}","{""1"":3,""2"":17,""3"":10}","{""1"":3,""2"":17,""3"":10}","{""1"":43,""2"":8,""3"":24}",5,15,14,2,5,3,17,10,3,17,10,43,8,24,ZN ISCO LGN,Class 1,15,150,0,165,7,7,7530,2510,0
MAJOR GAMING LEAGUE TIER 1,Tier 1,1,JOZZY,FdJ3rIlmedcTFhzRruvA,DEVELOPERS,tm_w0a02yn8h,21,26.3,26.25,3.33,3.3333333333333335,3,3,80,"{""1"":7,""2"":6,""3"":8}","{""1"":1,""2"":7,""3"":2}","{""1"":1,""2"":7,""3"":2}","{""1"":35,""2"":22,""3"":23}",1,16,7,6,8,1,7,2,1,7,2,35,22,23,BLADE.DXV,Class 1,45,160,0,205,7,7,0,0,0
MAJOR GAMING LEAGUE TIER 1,Tier 1,1,DERAZ,pPvCKKzMoO9wgFzAq0sd,DEVELOPERS,tm_w0a02yn8h,20,25,25,3.33,3.3333333333333335,3,3,80,"{""1"":8,""2"":5,""3"":7}","{""1"":1,""2"":7,""3"":2}","{""1"":1,""2"":7,""3"":2}","{""1"":35,""2"":22,""3"":23}",1,17,8,5,7,1,7,2,1,7,2,35,22,23,DERAZYT.DXV,Class 1,45,160,0,205,6.67,6.666666666666667,0,0,0
MAJOR GAMING LEAGUE TIER 1,Tier 1,1,YOURBALLS,DEP0DMTu1Bn8IsMenRxs,Narcissist,ukMz1QObm2RORWQOa9dc,19,23.8,23.75,8.33,8.333333333333334,3,3,80,"{""1"":6,""2"":8,""3"":5}","{""1"":6,""2"":8,""3"":11}","{""1"":6,""2"":8,""3"":11}","{""1"":22,""2"":33,""3"":25}",6,18,6,8,5,6,8,11,6,8,11,22,33,25,YOURBALLS??口,Class 1,0,160,0,160,6.33,6.333333333333333,8779,2926,0
MAJOR GAMING LEAGUE TIER 1,Tier 1,1,IDIVYNE,EUVvfZ1fKDe844RVNXE2,KYZON ESPORTS,tm_yvpteelv4,19,35.2,35.18518518518518,13.33,13.333333333333334,3,3,54,"{""1"":8,""2"":1,""3"":10}","{""1"":4,""2"":18,""3"":18}","{""1"":4,""2"":18,""3"":18}","{""1"":26,""2"":4,""3"":24}",10,19,8,1,10,4,18,18,4,18,18,26,4,24,KZ • DIVYNE,Class 1,10,108,0,118,6.33,6.333333333333333,6657,2219,0
MAJOR GAMING LEAGUE TIER 1,Tier 1,1,TORUSKI,JS1VnLDlLbM6yIBFzo0u,SCARRED LEGION,aOLRuUnFkOKgu9xAtqHy,18,39.1,39.130434782608695,10,10,3,3,46,"{""1"":7,""2"":5,""3"":6}","{""1"":2,""2"":11,""3"":17}","{""1"":2,""2"":11,""3"":17}","{""1"":16,""2"":21,""3"":9}",11,20,7,5,6,2,11,17,2,11,17,16,21,9,DГ. ТОГЦメ,Class 1,20,92,0,112,6,6,0,0,0
MAJOR GAMING LEAGUE TIER 1,Tier 1,1,POISON,QZIn6rAU2CGPFbGbQu4v,GOAT ESPORT,tm_ws9x2fl5b,18,22.8,22.78481012658228,5.67,5.666666666666667,3,3,79,"{""1"":3,""2"":7,""3"":8}","{""1"":9,""2"":3,""3"":5}","{""1"":9,""2"":3,""3"":5}","{""1"":20,""2"":28,""3"":31}",3,21,3,7,8,9,3,5,9,3,5,20,28,31,毒GOAT TOTO,Class 1,20,158,0,178,6,6,0,0,0
MAJOR GAMING LEAGUE TIER 1,Tier 1,1,NURUTA,UiCvqj6uu4EoGsvi2kLs,CIAO HUNTERS X,tm_twhkzzdmf,18,29,29.03225806451613,8,8,3,3,62,"{""1"":7,""2"":5,""3"":6}","{""1"":17,""2"":6,""3"":1}","{""1"":17,""2"":6,""3"":1}","{""1"":15,""2"":25,""3"":22}",8,22,7,5,6,17,6,1,17,6,1,15,25,22,LATINA.CHX,Class 1,25,124,0,149,6,6,0,0,0
MAJOR GAMING LEAGUE TIER 1,Tier 1,1,SWAG,I0zrbJubS6A7RBMX0C3e,Narcissist,ukMz1QObm2RORWQOa9dc,17,21.3,21.25,8.33,8.333333333333334,3,3,80,"{""1"":6,""2"":6,""3"":5}","{""1"":6,""2"":8,""3"":11}","{""1"":6,""2"":8,""3"":11}","{""1"":22,""2"":33,""3"":25}",6,23,6,6,5,6,8,11,6,8,11,22,33,25,SWAG??口,Class 1,0,160,0,160,5.67,5.666666666666667,6564,2188,0
MAJOR GAMING LEAGUE TIER 1,Tier 1,1,FATHERALI,lQ3oUgLHQF7EsyPL3mFJ,VORTEX ONE,tm_4oss9tizq,16,21.6,21.62162162162162,9.33,9.333333333333334,3,3,74,"{""1"":7,""2"":7,""3"":2}","{""1"":8,""2"":1,""3"":19}","{""1"":8,""2"":1,""3"":19}","{""1"":29,""2"":34,""3"":11}",4,24,7,7,2,8,1,19,8,1,19,29,34,11,FATHERALI.VRX,Class 1,25,148,0,173,5.33,5.333333333333333,8158,2719,25.3
MAJOR GAMING LEAGUE TIER 1,Tier 1,1,CODGHOST,AZdZ5MvPMJMZep4m3bBN,LEGIONARIES,tm_ffc044d9o,16,21.3,21.333333333333336,10,10,3,3,75,"{""1"":10,""2"":1,""3"":5}","{""1"":3,""2"":17,""3"":10}","{""1"":3,""2"":17,""3"":10}","{""1"":43,""2"":8,""3"":24}",5,25,10,1,5,3,17,10,3,17,10,43,8,24,LGN • CODGHOST.,Class 1,15,150,0,165,5.33,5.333333333333333,7660,2553,0
MAJOR GAMING LEAGUE TIER 1,Tier 1,1,COLDSKI,ZMq7kz2SSMfPugtDW1dB,KYZON ESPORTS,tm_yvpteelv4,16,29.6,29.629629629629626,13.33,13.333333333333334,3,3,54,"{""1"":8,""2"":0,""3"":8}","{""1"":4,""2"":18,""3"":18}","{""1"":4,""2"":18,""3"":18}","{""1"":26,""2"":4,""3"":24}",10,26,8,0,8,4,18,18,4,18,18,26,4,24,ҞZ・COLDSKI,Class 1,10,108,0,118,5.33,5.333333333333333,7606,2535,34
MAJOR GAMING LEAGUE TIER 1,Tier 1,1,YACHTY,QlxRht8AflEsDsg74NSw,FAZE ICONS,62lUXdIP47pjzO65aTZm,16,38.1,38.095238095238095,15.33,15.333333333333334,3,3,42,"{""1"":6,""2"":8,""3"":2}","{""1"":15,""2"":15,""3"":16}","{""1"":15,""2"":15,""3"":16}","{""1"":15,""2"":17,""3"":10}",13,27,6,8,2,15,15,16,15,15,16,15,17,10,ҒZ YACHTY,Class 1,0,84,0,84,5.33,5.333333333333333,0,0,0
MAJOR GAMING LEAGUE TIER 1,Tier 1,1,MOVEMENT,zbgasCEzQ3XBmq26KwCr,DEVELOPERS,tm_w0a02yn8h,16,20,20,3.33,3.3333333333333335,3,3,80,"{""1"":8,""2"":4,""3"":4}","{""1"":1,""2"":7,""3"":2}","{""1"":1,""2"":7,""3"":2}","{""1"":35,""2"":22,""3"":23}",1,28,8,4,4,1,7,2,1,7,2,35,22,23,MOVEMENT..DXV,Class 1,45,160,0,205,5.33,5.333333333333333,0,0,0
MAJOR GAMING LEAGUE TIER 1,Tier 1,1,FEEZYYT,l3vxxu4J4YVLLtpydbiX,MAIN CHARACTERS OG,tm_mgol0xhrx,16,25,25,8,8,3,3,64,"{""1"":2,""2"":4,""3"":10}","{""1"":5,""2"":16,""3"":3}","{""1"":5,""2"":16,""3"":3}","{""1"":18,""2"":11,""3"":35}",9,29,2,4,10,5,16,3,5,16,3,18,11,35,FEEZYYYT丨MC,Class 1,20,128,0,148,5.33,5.333333333333333,0,0,0
MAJOR GAMING LEAGUE TIER 1,Tier 1,1,ASTA,9tj8Qi73oNFm434Qj6Ui,GOAT ESPORT,tm_ws9x2fl5b,16,20.3,20.253164556962027,5.67,5.666666666666667,3,3,79,"{""1"":3,""2"":3,""3"":10}","{""1"":9,""2"":3,""3"":5}","{""1"":9,""2"":3,""3"":5}","{""1"":20,""2"":28,""3"":31}",3,30,3,3,10,9,3,5,9,3,5,20,28,31,毒GOAT PRIDE,Class 1,20,158,0,178,5.33,5.333333333333333,0,0,0
MAJOR GAMING LEAGUE TIER 1,Tier 1,1,SOG,B9K5pOOLE39QnCqnDNHY,ENVY 7 ONE,tm_ubz3oae5j,15,22.4,22.388059701492537,7.67,7.666666666666667,3,3,67,"{""1"":4,""2"":6,""3"":5}","{""1"":14,""2"":2,""3"":7}","{""1"":14,""2"":2,""3"":7}","{""1"":16,""2"":17,""3"":34}",7,31,4,6,5,14,2,7,14,2,7,16,17,34,SOG.SVN¹,Class 1,20,134,0,154,5,5,6223,2074,24.4
MAJOR GAMING LEAGUE TIER 1,Tier 1,1,PHILIP MELO,gybDsWbwIY4s0wRh2Nj4,FEARLESS WARRIORS,tm_rgqdo8wje,14,14.7,14.736842105263156,7,7,3,3,95,"{""1"":3,""2"":6,""3"":5}","{""1"":9,""2"":4,""3"":8}","{""1"":9,""2"":4,""3"":8}","{""1"":33,""2"":44,""3"":18}",2,32,3,6,5,9,4,8,9,4,8,33,44,18,ƑW・MELO,Class 1,10,190,0,200,4.67,4.666666666666667,8376,2792,0
MAJOR GAMING LEAGUE TIER 1,Tier 1,1,REMO,dYruCjqNO7qAYaIBjTDt,Narcissist,ukMz1QObm2RORWQOa9dc,14,17.5,17.5,8.33,8.333333333333334,3,3,80,"{""1"":4,""2"":8,""3"":2}","{""1"":6,""2"":8,""3"":11}","{""1"":6,""2"":8,""3"":11}","{""1"":22,""2"":33,""3"":25}",6,33,4,8,2,6,8,11,6,8,11,22,33,25,口RÉRÉ,Class 1,0,160,0,160,4.67,4.666666666666667,8009,2670,0
MAJOR GAMING LEAGUE TIER 1,Tier 1,1,BABYGLITCH,ZmLcnbEngSBzomLIxCGA,Kingpins,hVWczQAJ8Eqvzrp97sHO,14,56,56.00000000000001,11,11,3,3,25,"{""1"":6,""2"":5,""3"":3}","{""1"":12,""2"":9,""3"":12}","{""1"":12,""2"":9,""3"":12}","{""1"":10,""2"":9,""3"":6}",18,34,6,5,3,12,9,12,12,9,12,10,9,6,BABYGLITCH • K几,Class 1,0,50,0,50,4.67,4.666666666666667,0,0,0
MAJOR GAMING LEAGUE TIER 1,Tier 1,1,TOLU MARTINS,qiDPTJl18fmW4r6n11Pr,PREACHER X,tm_c0yc4xjf4,14,29.8,29.78723404255319,12.67,12.666666666666666,2,3,47,"{""1"":4,""2"":10}","{""1"":13,""2"":5}","{""1"":13,""2"":5,""3"":20}","{""1"":20,""2"":22,""3"":5}",12,35,4,10,,13,5,,13,5,20,20,22,5,PЯX・MARTINS,Class 1,5,94,0,99,7,7,0,0,0
MAJOR GAMING LEAGUE TIER 1,Tier 1,1,PAGANINI,APlTtB3VKt0P7QlbaYHA,ENVY 7 ONE,tm_ubz3oae5j,13,19.4,19.402985074626866,7.67,7.666666666666667,3,3,67,"{""1"":4,""2"":6,""3"":3}","{""1"":14,""2"":2,""3"":7}","{""1"":14,""2"":2,""3"":7}","{""1"":16,""2"":17,""3"":34}",7,36,4,6,3,14,2,7,14,2,7,16,17,34,SIX.SVN,Class 1,20,134,0,154,4.33,4.333333333333333,8610,2870,0
MAJOR GAMING LEAGUE TIER 1,Tier 1,1,LOVE,lEIbmv2Nb4W1hCF2WYdI,Findigo Mirage,DfsCHneTL900q2o2ZCT6,13,37.1,37.142857142857146,13.33,13.333333333333334,3,3,35,"{""1"":3,""2"":4,""3"":6}","{""1"":16,""2"":10,""3"":14}","{""1"":16,""2"":10,""3"":14}","{""1"":8,""2"":14,""3"":13}",14,37,3,4,6,16,10,14,16,10,14,8,14,13,LOVE・¹F¡,Class 1,0,70,0,70,4.33,4.333333333333333,0,0,0
MAJOR GAMING LEAGUE TIER 1,Tier 1,1,SLY,j39wPvPuSoMq1TOb78Ih,SCARRED LEGION,aOLRuUnFkOKgu9xAtqHy,13,28.3,28.26086956521739,10,10,3,3,46,"{""1"":5,""2"":6,""3"":2}","{""1"":2,""2"":11,""3"":17}","{""1"":2,""2"":11,""3"":17}","{""1"":16,""2"":21,""3"":9}",11,38,5,6,2,2,11,17,2,11,17,16,21,9,メPELNEEZ,Class 1,20,92,0,112,4.33,4.333333333333333,0,0,0
MAJOR GAMING LEAGUE TIER 1,Tier 1,1,ITACHI,8GOX41vVXHYB1HR3LSNi,WICKED ENTITIES,tm_n96zqds0m,12,37.5,37.5,15.33,15.333333333333334,3,3,32,"{""1"":1,""2"":4,""3"":7}","{""1"":20,""2"":13,""3"":13}","{""1"":20,""2"":13,""3"":13}","{""1"":2,""2"":18,""3"":12}",16,39,1,4,7,20,13,13,20,13,13,2,18,12,ƐИ丨ITACHI,Class 1,0,64,0,64,4,4,0,0,0
MAJOR GAMING LEAGUE TIER 1,Tier 1,1,SUSMEDIC,qNv71p42rEEps23BrUvF,REMEDIUM INVICTUS,tm_kdh97vkx3,12,42.9,42.857142857142854,11.33,11.333333333333334,3,3,28,"{""1"":6,""2"":1,""3"":5}","{""1"":10,""2"":20,""3"":4}","{""1"":10,""2"":20,""3"":4}","{""1"":10,""2"":1,""3"":17}",15,40,6,1,5,10,20,4,10,20,4,10,1,17,水RDM・MEDIC,Class 1,10,56,0,66,4,4,0,0,0
MAJOR GAMING LEAGUE TIER 1,Tier 1,1,DONRUSKI,e0oR3lJ4tSBFjhWWp96W,FAZE ICONS,62lUXdIP47pjzO65aTZm,12,28.6,28.57142857142857,15.33,15.333333333333334,3,3,42,"{""1"":4,""2"":4,""3"":4}","{""1"":15,""2"":15,""3"":16}","{""1"":15,""2"":15,""3"":16}","{""1"":15,""2"":17,""3"":10}",13,41,4,4,4,15,15,16,15,15,16,15,17,10,ҒZ MERC,Class 1,0,84,0,84,4,4,0,0,0
MAJOR GAMING LEAGUE TIER 1,Tier 1,1,KWEKU,S0nVxhtza8Lcoeyu4hwb,CIAO HUNTERS X,tm_twhkzzdmf,12,19.4,19.35483870967742,8,8,3,3,62,"{""1"":0,""2"":8,""3"":4}","{""1"":17,""2"":6,""3"":1}","{""1"":17,""2"":6,""3"":1}","{""1"":15,""2"":25,""3"":22}",8,42,0,8,4,17,6,1,17,6,1,15,25,22,KWEKU.CHX,Class 1,25,124,0,149,4,4,0,0,0
MAJOR GAMING LEAGUE TIER 1,Tier 1,1,PANIKA,w7l460tngtU3MfSjy7L4,MAIN CHARACTERS OG,tm_mgol0xhrx,12,18.8,18.75,8,8,3,3,64,"{""1"":3,""2"":3,""3"":6}","{""1"":5,""2"":16,""3"":3}","{""1"":5,""2"":16,""3"":3}","{""1"":18,""2"":11,""3"":35}",9,43,3,3,6,5,16,3,5,16,3,18,11,35,メՄՆ・PANIKMC,Class 1,20,128,0,148,4,4,0,0,0
MAJOR GAMING LEAGUE TIER 1,Tier 1,1,YUSUF,qKQQ85V7nwqlL2KDXoGl,ENVY 7 ONE,tm_ubz3oae5j,11,16.4,16.417910447761194,7.67,7.666666666666667,1,3,67,"{""3"":11}","{""3"":7}","{""1"":14,""2"":2,""3"":7}","{""1"":16,""2"":17,""3"":34}",7,44,,,11,,,7,14,2,7,16,17,34,YUSUF.SVN¹,Class 1,20,134,0,154,11,11,4277,4277,24.6
MAJOR GAMING LEAGUE TIER 1,Tier 1,1,LARRYCODM,IsJGFwRijyY55ezUgJMG,VORTEX ONE,tm_4oss9tizq,11,14.9,14.864864864864865,9.33,9.333333333333334,3,3,74,"{""1"":6,""2"":4,""3"":1}","{""1"":8,""2"":1,""3"":19}","{""1"":8,""2"":1,""3"":19}","{""1"":29,""2"":34,""3"":11}",4,45,6,4,1,8,1,19,8,1,19,29,34,11,LARRY.VRX,Class 1,25,148,0,173,3.67,3.6666666666666665,6017,2006,20.1
MAJOR GAMING LEAGUE TIER 1,Tier 1,1,LIONFACE,PMOZmTbjtV7Jea8FMW8Y,Marines Cartel,o7Dp7knjVTxhemRjJF7R,11,50,50,9.33,9.333333333333334,3,3,22,"{""1"":1,""2"":8,""3"":2}","{""1"":7,""2"":12,""3"":9}","{""1"":7,""2"":12,""3"":9}","{""1"":3,""2"":13,""3"":6}",19,46,1,8,2,7,12,9,7,12,9,3,13,6,¹LT丨DADYLION,Class 1,0,44,0,44,3.67,3.6666666666666665,0,0,0
MAJOR GAMING LEAGUE TIER 1,Tier 1,1,SAMMY,CRgmZpi6YPL39TOInRBz,LEGIONARIES,tm_ffc044d9o,10,13.3,13.333333333333334,10,10,3,3,75,"{""1"":4,""2"":0,""3"":6}","{""1"":3,""2"":17,""3"":10}","{""1"":3,""2"":17,""3"":10}","{""1"":43,""2"":8,""3"":24}",5,47,4,0,6,3,17,10,3,17,10,43,8,24,LGN • SAMMY.ﻫ,Class 1,15,150,0,165,3.33,3.3333333333333335,7090,2363,0
MAJOR GAMING LEAGUE TIER 1,Tier 1,1,VOID,3WyN1vbWR1bis81ApvQz,KYZON ESPORTS,tm_yvpteelv4,10,18.5,18.51851851851852,13.33,13.333333333333334,3,3,54,"{""1"":6,""2"":2,""3"":2}","{""1"":4,""2"":18,""3"":18}","{""1"":4,""2"":18,""3"":18}","{""1"":26,""2"":4,""3"":24}",10,48,6,2,2,4,18,18,4,18,18,26,4,24,ҞZ・GOATৢঢ,Class 1,10,108,0,118,3.33,3.3333333333333335,5386,1795,0
MAJOR GAMING LEAGUE TIER 1,Tier 1,1,SAYYID,UV54iNm4m2FaNnydcJiN,FEARLESS ULTIMATE,QXr3HX0HM3Rf35A0UKUN,10,33.3,33.33333333333333,13,13,3,3,30,"{""1"":1,""2"":4,""3"":5}","{""1"":19,""2"":14,""3"":6}","{""1"":19,""2"":14,""3"":6}","{""1"":3,""2"":14,""3"":13}",17,49,1,4,5,19,14,6,19,14,6,3,14,13,ƑW・SAYYID ঐ,Class 1,0,60,0,60,3.33,3.3333333333333335,0,0,0
MAJOR GAMING LEAGUE TIER 1,Tier 1,1,IFOCUS,xinDfDfYgSEJJ54A1y30,CIAO HUNTERS X,tm_twhkzzdmf,10,16.1,16.129032258064516,8,8,3,3,62,"{""1"":2,""2"":4,""3"":4}","{""1"":17,""2"":6,""3"":1}","{""1"":17,""2"":6,""3"":1}","{""1"":15,""2"":25,""3"":22}",8,50,2,4,4,17,6,1,17,6,1,15,25,22,IƑOCUS.CHX,Class 1,25,124,0,149,3.33,3.3333333333333335,0,0,0
MAJOR GAMING LEAGUE TIER 1,Tier 1,1,STITCH,8M0lQ0cjSeQxSfwaOqQq,Findigo Mirage,DfsCHneTL900q2o2ZCT6,10,28.6,28.57142857142857,13.33,13.333333333333334,3,3,35,"{""1"":3,""2"":6,""3"":1}","{""1"":16,""2"":10,""3"":14}","{""1"":16,""2"":10,""3"":14}","{""1"":8,""2"":14,""3"":13}",14,51,3,6,1,16,10,14,16,10,14,8,14,13,ALICIA・¹F¡,Class 1,0,70,0,70,3.33,3.3333333333333335,0,0,0
MAJOR GAMING LEAGUE TIER 1,Tier 1,1,21MS,OlvDP99EsWN3sJd3nOZC,SCARRED LEGION,aOLRuUnFkOKgu9xAtqHy,10,21.7,21.73913043478261,10,10,3,3,46,"{""1"":4,""2"":5,""3"":1}","{""1"":2,""2"":11,""3"":17}","{""1"":2,""2"":11,""3"":17}","{""1"":16,""2"":21,""3"":9}",11,52,4,5,1,2,11,17,2,11,17,16,21,9,IKUUU メ,Class 1,20,92,0,112,3.33,3.3333333333333335,0,0,0
MAJOR GAMING LEAGUE TIER 1,Tier 1,1,LOLA,sZ7ewEW2enuGnmsghNYY,KYZON ESPORTS,tm_yvpteelv4,9,16.7,16.666666666666664,13.33,13.333333333333334,3,3,54,"{""1"":4,""2"":1,""3"":4}","{""1"":4,""2"":18,""3"":18}","{""1"":4,""2"":18,""3"":18}","{""1"":26,""2"":4,""3"":24}",10,53,4,1,4,4,18,18,4,18,18,26,4,24,ҞZ • BALDOG,Class 1,10,108,0,118,3,3,4790,1597,0
MAJOR GAMING LEAGUE TIER 1,Tier 1,1,DEMON,NiT6GePQhD8XyqSCmuMI,PREACHER X,tm_c0yc4xjf4,9,19.1,19.148936170212767,12.67,12.666666666666666,2,3,47,"{""1"":6,""2"":3}","{""1"":13,""2"":5}","{""1"":13,""2"":5,""3"":20}","{""1"":20,""2"":22,""3"":5}",12,54,6,3,,13,5,,13,5,20,20,22,5,PЯX・OLDMAN,Class 1,5,94,0,99,4.5,4.5,0,0,0
MAJOR GAMING LEAGUE TIER 1,Tier 1,1,TOM,hxHrnWldh81VX3Ygl3kw,PREACHER X,tm_c0yc4xjf4,9,19.1,19.148936170212767,12.67,12.666666666666666,2,3,47,"{""1"":6,""2"":3}","{""1"":13,""2"":5}","{""1"":13,""2"":5,""3"":20}","{""1"":20,""2"":22,""3"":5}",12,55,6,3,,13,5,,13,5,20,20,22,5,PЯX・OG TOM,Class 1,5,94,0,99,4.5,4.5,0,0,0
MAJOR GAMING LEAGUE TIER 1,Tier 1,1,JOJO,T2sK7jSZkJqKgLswvF1g,REMEDIUM INVICTUS,tm_kdh97vkx3,8,28.6,28.57142857142857,11.33,11.333333333333334,3,3,28,"{""1"":1,""2"":0,""3"":7}","{""1"":10,""2"":20,""3"":4}","{""1"":10,""2"":20,""3"":4}","{""1"":10,""2"":1,""3"":17}",15,56,1,0,7,10,20,4,10,20,4,10,1,17,水RDM・GADUS,Class 1,10,56,0,66,2.67,2.6666666666666665,0,0,0
MAJOR GAMING LEAGUE TIER 1,Tier 1,1,AYATO,eML7Ngm389vED9hkULlH,FEARLESS ULTIMATE,QXr3HX0HM3Rf35A0UKUN,8,26.7,26.666666666666668,13,13,3,3,30,"{""1"":1,""2"":2,""3"":5}","{""1"":19,""2"":14,""3"":6}","{""1"":19,""2"":14,""3"":6}","{""1"":3,""2"":14,""3"":13}",17,57,1,2,5,19,14,6,19,14,6,3,14,13,ƑW・ঐAYATOO*,Class 1,0,60,0,60,2.67,2.6666666666666665,0,0,0
MAJOR GAMING LEAGUE TIER 1,Tier 1,1,DANIEL,2hoGdFkIX9KrsMSafUIB,FEARLESS ULTIMATE,QXr3HX0HM3Rf35A0UKUN,8,26.7,26.666666666666668,13,13,3,3,30,"{""1"":1,""2"":5,""3"":2}","{""1"":19,""2"":14,""3"":6}","{""1"":19,""2"":14,""3"":6}","{""1"":3,""2"":14,""3"":13}",17,58,1,5,2,19,14,6,19,14,6,3,14,13,ƑW・X TA C,Class 1,0,60,0,60,2.67,2.6666666666666665,0,0,0
MAJOR GAMING LEAGUE TIER 1,Tier 1,1,PAPA GOLIATH,Cc3MODDvaSwP1V3fppBQ,FAZE ICONS,62lUXdIP47pjzO65aTZm,8,19,19.047619047619047,15.33,15.333333333333334,3,3,42,"{""1"":4,""2"":1,""3"":3}","{""1"":15,""2"":15,""3"":16}","{""1"":15,""2"":15,""3"":16}","{""1"":15,""2"":17,""3"":10}",13,59,4,1,3,15,15,16,15,15,16,15,17,10,ҒZ SASSY,Class 1,0,84,0,84,2.67,2.6666666666666665,0,0,0
MAJOR GAMING LEAGUE TIER 1,Tier 1,1,SNOW,d1Yob4KUrJTjdjDvMOOk,Findigo Mirage,DfsCHneTL900q2o2ZCT6,8,22.9,22.857142857142858,13.33,13.333333333333334,3,3,35,"{""1"":2,""2"":4,""3"":2}","{""1"":16,""2"":10,""3"":14}","{""1"":16,""2"":10,""3"":14}","{""1"":8,""2"":14,""3"":13}",14,60,2,4,2,16,10,14,16,10,14,8,14,13,SNOWSZN・¹F¡,Class 1,0,70,0,70,2.67,2.6666666666666665,0,0,0
MAJOR GAMING LEAGUE TIER 1,Tier 1,1,PERRY,UArtKsSm8JO1hOVB5ULd,Marines Cartel,o7Dp7knjVTxhemRjJF7R,7,31.8,31.818181818181817,9.33,9.333333333333334,3,3,22,"{""1"":2,""2"":1,""3"":4}","{""1"":7,""2"":12,""3"":9}","{""1"":7,""2"":12,""3"":9}","{""1"":3,""2"":13,""3"":6}",19,61,2,1,4,7,12,9,7,12,9,3,13,6,¹LT丨PARIS,Class 1,0,44,0,44,2.33,2.3333333333333335,0,0,0
MAJOR GAMING LEAGUE TIER 1,Tier 1,1,HISOKA,CkcSu0EF8MSc0rlePsTC,WICKED ENTITIES,tm_n96zqds0m,7,21.9,21.875,15.33,15.333333333333334,3,3,32,"{""1"":1,""2"":5,""3"":1}","{""1"":20,""2"":13,""3"":13}","{""1"":20,""2"":13,""3"":13}","{""1"":2,""2"":18,""3"":12}",16,62,1,5,1,20,13,13,20,13,13,2,18,12,ƐИ丨DEHISOKA,Class 1,0,64,0,64,2.33,2.3333333333333335,0,0,0
MAJOR GAMING LEAGUE TIER 1,Tier 1,1,RELAX OG,OKrAHDFNWaCteQUIc2bK,WICKED ENTITIES,tm_n96zqds0m,7,21.9,21.875,15.33,15.333333333333334,3,3,32,"{""1"":0,""2"":5,""3"":2}","{""1"":20,""2"":13,""3"":13}","{""1"":20,""2"":13,""3"":13}","{""1"":2,""2"":18,""3"":12}",16,63,0,5,2,20,13,13,20,13,13,2,18,12,ƐИ丨 ƦELAX,Class 1,0,64,0,64,2.33,2.3333333333333335,0,0,0
MAJOR GAMING LEAGUE TIER 1,Tier 1,1,CHEF PUNK,1LO5N9nzQfk09XHoISVW,PREACHER X,tm_c0yc4xjf4,7,14.9,14.893617021276595,12.67,12.666666666666666,2,3,47,"{""2"":6,""3"":1}","{""2"":5,""3"":20}","{""1"":13,""2"":5,""3"":20}","{""1"":20,""2"":22,""3"":5}",12,64,,6,1,,5,20,13,5,20,20,22,5,PЯX・PUNK,Class 1,5,94,0,99,3.5,3.5,0,0,0
MAJOR GAMING LEAGUE TIER 1,Tier 1,1,KANAKI/HYBRID,obenQLUFr5yTVY0TzxuL,Kingpins,hVWczQAJ8Eqvzrp97sHO,6,24,24,11,11,3,3,25,"{""1"":4,""2"":2,""3"":0}","{""1"":12,""2"":9,""3"":12}","{""1"":12,""2"":9,""3"":12}","{""1"":10,""2"":9,""3"":6}",18,65,4,2,0,12,9,12,12,9,12,10,9,6,K几・,Class 1,0,50,0,50,2,2,0,0,0
MAJOR GAMING LEAGUE TIER 1,Tier 1,1,UMBRELLA,ZbDtqKyjWc2uCQ1Iu3Xg,FAZE ICONS,62lUXdIP47pjzO65aTZm,6,14.3,14.285714285714285,15.33,15.333333333333334,3,3,42,"{""1"":1,""2"":4,""3"":1}","{""1"":15,""2"":15,""3"":16}","{""1"":15,""2"":15,""3"":16}","{""1"":15,""2"":17,""3"":10}",13,66,1,4,1,15,15,16,15,15,16,15,17,10,ҒZ UMBRELLA,Class 1,0,84,0,84,2,2,0,0,0
MAJOR GAMING LEAGUE TIER 1,Tier 1,1,ZEKE,9WSTxWXotyu8TnpA79Eg,WICKED ENTITIES,tm_n96zqds0m,6,18.8,18.75,15.33,15.333333333333334,3,3,32,"{""1"":0,""2"":4,""3"":2}","{""1"":20,""2"":13,""3"":13}","{""1"":20,""2"":13,""3"":13}","{""1"":2,""2"":18,""3"":12}",16,67,0,4,2,20,13,13,20,13,13,2,18,12,ƐИ丨ZYT,Class 1,0,64,0,64,2,2,0,0,0
MAJOR GAMING LEAGUE TIER 1,Tier 1,1,BENNY,UeOSx2Z4aI7DuWJCrD2e,ZL ESPORTS,1rBWZvmbgkMHIlWnkyfe,4,66.7,66.66666666666666,17.33,17.333333333333332,2,3,6,"{""2"":1,""3"":3}","{""2"":19,""3"":15}","{""1"":18,""2"":19,""3"":15}","{""1"":2,""2"":1,""3"":3}",20,68,,1,3,,19,15,18,19,15,2,1,3,JESUS. ZL,Class 1,0,12,0,12,2,2,0,0,0
MAJOR GAMING LEAGUE TIER 1,Tier 1,1,NEGAN,MZpEVrmRkAAV37WP7AsF,REMEDIUM INVICTUS,tm_kdh97vkx3,4,14.3,14.285714285714285,11.33,11.333333333333334,3,3,28,"{""1"":1,""2"":0,""3"":3}","{""1"":10,""2"":20,""3"":4}","{""1"":10,""2"":20,""3"":4}","{""1"":10,""2"":1,""3"":17}",15,69,1,0,3,10,20,4,10,20,4,10,1,17,水RDM・DR.DOOM,Class 1,10,56,0,66,1.33,1.3333333333333333,0,0,0
MAJOR GAMING LEAGUE TIER 1,Tier 1,1,ROGUE,r7ePhyqUmojwCVE0MNwB,FEARLESS ULTIMATE,QXr3HX0HM3Rf35A0UKUN,4,13.3,13.333333333333334,13,13,3,3,30,"{""1"":0,""2"":3,""3"":1}","{""1"":19,""2"":14,""3"":6}","{""1"":19,""2"":14,""3"":6}","{""1"":3,""2"":14,""3"":13}",17,70,0,3,1,19,14,6,19,14,6,3,14,13,ƑW・ঐSHADOW,Class 1,0,60,0,60,1.33,1.3333333333333333,0,0,0
MAJOR GAMING LEAGUE TIER 1,Tier 1,1,LUCIFER,kB9DXZRiMrqk7cYhc657,Findigo Mirage,DfsCHneTL900q2o2ZCT6,4,11.4,11.428571428571429,13.33,13.333333333333334,3,3,35,"{""1"":0,""2"":0,""3"":4}","{""1"":16,""2"":10,""3"":14}","{""1"":16,""2"":10,""3"":14}","{""1"":8,""2"":14,""3"":13}",14,71,0,0,4,16,10,14,16,10,14,8,14,13,LUCIFER・¹F¡,Class 1,0,70,0,70,1.33,1.3333333333333333,0,0,0
MAJOR GAMING LEAGUE TIER 1,Tier 1,1,YAMII,JEnWA5TkFzeJpFKvyVQA,PREACHER X,tm_c0yc4xjf4,4,8.5,8.51063829787234,12.67,12.666666666666666,1,3,47,"{""1"":4}","{""1"":13}","{""1"":13,""2"":5,""3"":20}","{""1"":20,""2"":22,""3"":5}",12,72,4,,,13,,,13,5,20,20,22,5,PЯX・YAMII,Class 1,5,94,0,99,4,4,0,0,0
MAJOR GAMING LEAGUE TIER 1,Tier 1,1,TRYING,PoZ1r7UYNb4ferMN4h0R,ENVY 7 ONE,tm_ubz3oae5j,3,4.5,4.477611940298507,7.67,7.666666666666667,2,3,67,"{""1"":1,""2"":2}","{""1"":14,""2"":2}","{""1"":14,""2"":2,""3"":7}","{""1"":16,""2"":17,""3"":34}",7,73,1,2,,14,2,,14,2,7,16,17,34,TRYING.SVN,Class 1,20,134,0,154,1.5,1.5,2242,1121,0
MAJOR GAMING LEAGUE TIER 1,Tier 1,1,MOON,rS33lQiCN46PKYQTcxHR,Kingpins,hVWczQAJ8Eqvzrp97sHO,3,12,12,11,11,3,3,25,"{""1"":0,""2"":1,""3"":2}","{""1"":12,""2"":9,""3"":12}","{""1"":12,""2"":9,""3"":12}","{""1"":10,""2"":9,""3"":6}",18,74,0,1,2,12,9,12,12,9,12,10,9,6,K几 • SCARYDAD,Class 1,0,50,0,50,1,1,0,0,0
MAJOR GAMING LEAGUE TIER 1,Tier 1,1,LAZY,Tmdfj4k7UPoE2wFXGHxJ,REMEDIUM INVICTUS,tm_kdh97vkx3,2,7.1,7.142857142857142,11.33,11.333333333333334,2,3,28,"{""1"":2,""2"":0}","{""1"":10,""2"":20}","{""1"":10,""2"":20,""3"":4}","{""1"":10,""2"":1,""3"":17}",15,75,2,0,,10,20,,10,20,4,10,1,17,水RDM・GODS,Class 1,10,56,0,66,1,1,0,0,0
MAJOR GAMING LEAGUE TIER 1,Tier 1,1,NAGATO,4drN06J7VhcUWU1ydASK,REMEDIUM INVICTUS,tm_kdh97vkx3,2,7.1,7.142857142857142,11.33,11.333333333333334,1,3,28,"{""3"":2}","{""3"":4}","{""1"":10,""2"":20,""3"":4}","{""1"":10,""2"":1,""3"":17}",15,76,,,2,,,4,10,20,4,10,1,17,水RDM・ANIZ,Class 1,10,56,0,66,2,2,0,0,0
MAJOR GAMING LEAGUE TIER 1,Tier 1,1,BIRA,FucAwO62qzLHAImEO0VV,Marines Cartel,o7Dp7knjVTxhemRjJF7R,2,9.1,9.090909090909092,9.33,9.333333333333334,3,3,22,"{""1"":0,""2"":2,""3"":0}","{""1"":7,""2"":12,""3"":9}","{""1"":7,""2"":12,""3"":9}","{""1"":3,""2"":13,""3"":6}",19,77,0,2,0,7,12,9,7,12,9,3,13,6,BIRAYT.IN.¹LT,Class 1,0,44,0,44,0.67,0.6666666666666666,0,0,0
MAJOR GAMING LEAGUE TIER 1,Tier 1,1,MIDEX,B1Kj8xeiYMbthFGnQbEJ,Kingpins,hVWczQAJ8Eqvzrp97sHO,2,8,8,11,11,3,3,25,"{""1"":0,""2"":1,""3"":1}","{""1"":12,""2"":9,""3"":12}","{""1"":12,""2"":9,""3"":12}","{""1"":10,""2"":9,""3"":6}",18,78,0,1,1,12,9,12,12,9,12,10,9,6,MŁD£X++・K几,Class 1,0,50,0,50,0.67,0.6666666666666666,0,0,0
MAJOR GAMING LEAGUE TIER 1,Tier 1,1,VANESSAFRAMES,BWcE2ndSsjkYFrLxi3J2,ENVY 7 ONE,tm_ubz3oae5j,2,3,2.9850746268656714,7.67,7.666666666666667,1,3,67,"{""1"":2}","{""1"":14}","{""1"":14,""2"":2,""3"":7}","{""1"":16,""2"":17,""3"":34}",7,79,2,,,14,,,14,2,7,16,17,34,FRXMES.SVN¹,Class 1,20,134,0,154,2,2,0,0,0
MAJOR GAMING LEAGUE TIER 1,Tier 1,1,DAVLIEN,B11aFzLHBG1YcrCZHV68,Marines Cartel,o7Dp7knjVTxhemRjJF7R,2,9.1,9.090909090909092,9.33,9.333333333333334,2,3,22,"{""1"":0,""2"":2}","{""1"":7,""2"":12}","{""1"":7,""2"":12,""3"":9}","{""1"":3,""2"":13,""3"":6}",19,80,0,2,,7,12,,7,12,9,3,13,6,DAVLIEN.IN.¹LT,Class 1,0,44,0,44,1,1,0,0,0
MAJOR GAMING LEAGUE TIER 1,Tier 1,1,CPTBEAMS,a5oKDigSZHVTWPWLj0rA,ZL ESPORTS,1rBWZvmbgkMHIlWnkyfe,0,0,0,17.33,17.333333333333332,2,3,6,"{""1"":0,""2"":0}","{""1"":18,""2"":19}","{""1"":18,""2"":19,""3"":15}","{""1"":2,""2"":1,""3"":3}",20,81,0,0,,18,19,,18,19,15,2,1,3,IPHYSICS • ZL,Class 1,0,12,0,12,0,0,0,0,0
MAJOR GAMING LEAGUE TIER 1,Tier 1,1,DAVID,jTE33p1KQlsI1B0FfmQn,ZL ESPORTS,1rBWZvmbgkMHIlWnkyfe,0,0,0,17.33,17.333333333333332,1,3,6,"{""1"":0}","{""1"":18}","{""1"":18,""2"":19,""3"":15}","{""1"":2,""2"":1,""3"":3}",20,82,0,,,18,,,18,19,15,2,1,3,ELON.ZL,Class 1,0,12,0,12,0,0,0,0,0
MAJOR GAMING LEAGUE TIER 1,Tier 1,2,LAZY,Tmdfj4k7UPoE2wFXGHxJ,REMEDIUM INVICTUS,tm_kdh97vkx3,22,50,50,6,6,3,3,44,"{""1"":5,""2"":7,""3"":10}","{""1"":10,""2"":2,""3"":6}","{""1"":10,""2"":2,""3"":6}","{""1"":8,""2"":21,""3"":15}",3,1,5,7,10,10,2,6,10,2,6,8,21,15,水RDM・GODS,Class 1,20,88,0,108,7.33,7.333333333333333,10078,3359,31.4
MAJOR GAMING LEAGUE TIER 1,Tier 1,2,GB CRYPTO,OxMhCUSkyAT0LrziaNDP,GOAT ESPORT,tm_ws9x2fl5b,18,33.3,33.33333333333333,3.67,3.6666666666666665,3,3,54,"{""1"":2,""2"":6,""3"":10}","{""1"":7,""2"":3,""3"":1}","{""1"":7,""2"":3,""3"":1}","{""1"":15,""2"":19,""3"":20}",1,2,2,6,10,7,3,1,7,3,1,15,19,20,毒GOAT CRYPTO,Class 1,40,108,0,148,6,6,6094,2031,18.5
MAJOR GAMING LEAGUE TIER 1,Tier 1,2,POISON,QZIn6rAU2CGPFbGbQu4v,GOAT ESPORT,tm_ws9x2fl5b,16,29.6,29.629629629629626,3.67,3.6666666666666665,3,3,54,"{""1"":4,""2"":6,""3"":6}","{""1"":7,""2"":3,""3"":1}","{""1"":7,""2"":3,""3"":1}","{""1"":15,""2"":19,""3"":20}",1,3,4,6,6,7,3,1,7,3,1,15,19,20,毒GOAT TOTO,Class 1,40,108,0,148,5.33,5.333333333333333,7079,2360,25
MAJOR GAMING LEAGUE TIER 1,Tier 1,2,MONA,RjLod2c19OM2AXEUuMRx,VORTEX ONE,tm_4oss9tizq,15,31.9,31.914893617021278,5,5,3,3,47,"{""1"":7,""2"":3,""3"":5}","{""1"":1,""2"":4,""3"":10}","{""1"":1,""2"":4,""3"":10}","{""1"":23,""2"":13,""3"":11}",2,4,7,3,5,1,4,10,1,4,10,23,13,11,ADIGUN.VRX,Class 1,35,94,0,129,5,5,8934,2978,0
MAJOR GAMING LEAGUE TIER 1,Tier 1,2,FATHERALI,lQ3oUgLHQF7EsyPL3mFJ,VORTEX ONE,tm_4oss9tizq,13,27.7,27.659574468085108,5,5,3,3,47,"{""1"":7,""2"":4,""3"":2}","{""1"":1,""2"":4,""3"":10}","{""1"":1,""2"":4,""3"":10}","{""1"":23,""2"":13,""3"":11}",2,5,7,4,2,1,4,10,1,4,10,23,13,11,FATHERALI.VRX,Class 1,35,94,0,129,4.33,4.333333333333333,7497,2499,21.6
MAJOR GAMING LEAGUE TIER 1,Tier 1,2,NANAYAW,tX7GCLJJ61u8bLkRroBP,GOAT ESPORT,tm_ws9x2fl5b,13,24.1,24.074074074074073,3.67,3.6666666666666665,3,3,54,"{""1"":3,""2"":6,""3"":4}","{""1"":7,""2"":3,""3"":1}","{""1"":7,""2"":3,""3"":1}","{""1"":15,""2"":19,""3"":20}",1,6,3,6,4,7,3,1,7,3,1,15,19,20,毒GOAT FAHH,Class 1,40,108,0,148,4.33,4.333333333333333,5886,1962,0
MAJOR GAMING LEAGUE TIER 1,Tier 1,2,SUSMEDIC,qNv71p42rEEps23BrUvF,REMEDIUM INVICTUS,tm_kdh97vkx3,11,25,25,6,6,3,3,44,"{""1"":0,""2"":6,""3"":5}","{""1"":10,""2"":2,""3"":6}","{""1"":10,""2"":2,""3"":6}","{""1"":8,""2"":21,""3"":15}",3,7,0,6,5,10,2,6,10,2,6,8,21,15,水RDM・MEDIC,Class 1,20,88,0,108,3.67,3.6666666666666665,4848,1616,0
MAJOR GAMING LEAGUE TIER 1,Tier 1,2,FLUFFY,zJzKvUNu4k0ilGg2ocCY,KYZON ESPORTS,tm_yvpteelv4,10,38.5,38.46153846153847,5.33,5.333333333333333,3,3,26,"{""1"":6,""2"":0,""3"":4}","{""1"":8,""2"":5,""3"":3}","{""1"":8,""2"":5,""3"":3}","{""1"":13,""2"":2,""3"":11}",4,8,6,0,4,8,5,3,8,5,3,13,2,11,ҞZ・FLUFFৢঢ,Class 1,20,52,0,72,3.33,3.3333333333333335,6887,2296,0
MAJOR GAMING LEAGUE TIER 1,Tier 1,2,YAGAMI,Bx7S0iZlMNevEE4eXnqz,VORTEX ONE,tm_4oss9tizq,10,21.3,21.27659574468085,5,5,3,3,47,"{""1"":5,""2"":4,""3"":1}","{""1"":1,""2"":4,""3"":10}","{""1"":1,""2"":4,""3"":10}","{""1"":23,""2"":13,""3"":11}",2,9,5,4,1,1,4,10,1,4,10,23,13,11,QTR YAGA.VRX,Class 1,35,94,0,129,3.33,3.3333333333333335,5271,1757,8.8
MAJOR GAMING LEAGUE TIER 1,Tier 1,2,DERAZ,pPvCKKzMoO9wgFzAq0sd,DEVELOPERS,tm_w0a02yn8h,10,34.5,34.48275862068966,7,7,3,3,29,"{""1"":1,""2"":3,""3"":6}","{""1"":9,""2"":8,""3"":4}","{""1"":9,""2"":8,""3"":4}","{""1"":3,""2"":12,""3"":14}",5,10,1,3,6,9,8,4,9,8,4,3,12,14,DERAZYT.DXV,Class 1,10,58,0,68,3.33,3.3333333333333335,0,0,0
MAJOR GAMING LEAGUE TIER 1,Tier 1,2,LARRYCODM,IsJGFwRijyY55ezUgJMG,VORTEX ONE,tm_4oss9tizq,9,19.1,19.148936170212767,5,5,3,3,47,"{""1"":4,""2"":2,""3"":3}","{""1"":1,""2"":4,""3"":10}","{""1"":1,""2"":4,""3"":10}","{""1"":23,""2"":13,""3"":11}",2,11,4,2,3,1,4,10,1,4,10,23,13,11,LARRY.VRX,Class 1,35,94,0,129,3,3,6500,2167,12.6
MAJOR GAMING LEAGUE TIER 1,Tier 1,2,ODOGWU,EL0jkB2u1HR36UhBAUWa,DEVELOPERS,tm_w0a02yn8h,9,31,31.03448275862069,7,7,3,3,29,"{""1"":0,""2"":5,""3"":4}","{""1"":9,""2"":8,""3"":4}","{""1"":9,""2"":8,""3"":4}","{""1"":3,""2"":12,""3"":14}",5,12,0,5,4,9,8,4,9,8,4,3,12,14,GOATED•DXV,Class 1,10,58,0,68,3,3,0,0,0
MAJOR GAMING LEAGUE TIER 1,Tier 1,2,NEGAN,MZpEVrmRkAAV37WP7AsF,REMEDIUM INVICTUS,tm_kdh97vkx3,7,15.9,15.909090909090908,6,6,3,3,44,"{""1"":2,""2"":5,""3"":0}","{""1"":10,""2"":2,""3"":6}","{""1"":10,""2"":2,""3"":6}","{""1"":8,""2"":21,""3"":15}",3,13,2,5,0,10,2,6,10,2,6,8,21,15,水RDM・DR.DOOM,Class 1,20,88,0,108,2.33,2.3333333333333335,4406,1469,0
MAJOR GAMING LEAGUE TIER 1,Tier 1,2,CODGOD,dqr1RKopXDu3zfgmOqcY,LEGIONARIES,tm_ffc044d9o,7,46.7,46.666666666666664,7,7,3,3,15,"{""1"":7,""2"":0,""3"":0}","{""1"":2,""2"":10,""3"":9}","{""1"":2,""2"":10,""3"":9}","{""1"":11,""2"":3,""3"":1}",8,14,7,0,0,2,10,9,2,10,9,11,3,1,LGN・CODGOD宗,Class 1,20,30,0,50,2.33,2.3333333333333335,3686,1229,19
MAJOR GAMING LEAGUE TIER 1,Tier 1,2,CHIKE,WP7wn4jjPa6n4busZVnT,GOAT ESPORT,tm_ws9x2fl5b,7,13,12.962962962962962,3.67,3.6666666666666665,3,3,54,"{""1"":6,""2"":1,""3"":0}","{""1"":7,""2"":3,""3"":1}","{""1"":7,""2"":3,""3"":1}","{""1"":15,""2"":19,""3"":20}",1,15,6,1,0,7,3,1,7,3,1,15,19,20,毒GOAT THELMA,Class 1,40,108,0,148,2.33,2.3333333333333335,3009,1003,0
MAJOR GAMING LEAGUE TIER 1,Tier 1,2,JOZZY,FdJ3rIlmedcTFhzRruvA,DEVELOPERS,tm_w0a02yn8h,7,24.1,24.137931034482758,7,7,3,3,29,"{""1"":2,""2"":2,""3"":3}","{""1"":9,""2"":8,""3"":4}","{""1"":9,""2"":8,""3"":4}","{""1"":3,""2"":12,""3"":14}",5,16,2,2,3,9,8,4,9,8,4,3,12,14,BLADE.DXV,Class 1,10,58,0,68,2.33,2.3333333333333335,0,0,0
MAJOR GAMING LEAGUE TIER 1,Tier 1,2,SLY,j39wPvPuSoMq1TOb78Ih,SCARRED LEGION,aOLRuUnFkOKgu9xAtqHy,7,43.8,43.75,17,17,3,3,16,"{""1"":5,""2"":0,""3"":2}","{""1"":18,""2"":18,""3"":15}","{""1"":18,""2"":18,""3"":15}","{""1"":8,""2"":5,""3"":3}",20,17,5,0,2,18,18,15,18,18,15,8,5,3,メPELNEEZ,Class 1,0,32,-150,-118,2.33,2.3333333333333335,0,0,0
MAJOR GAMING LEAGUE TIER 1,Tier 1,2,TOLU MARTINS,qiDPTJl18fmW4r6n11Pr,PREACHER X,tm_c0yc4xjf4,7,33.3,33.33333333333333,6.67,6.666666666666667,3,3,21,"{""1"":1,""2"":1,""3"":5}","{""1"":4,""2"":9,""3"":7}","{""1"":4,""2"":9,""3"":7}","{""1"":7,""2"":5,""3"":9}",7,18,1,1,5,4,9,7,4,9,7,7,5,9,PЯX・MARTINS,Class 1,10,42,0,52,2.33,2.3333333333333335,0,0,0
MAJOR GAMING LEAGUE TIER 1,Tier 1,2,COLDSKI,ZMq7kz2SSMfPugtDW1dB,KYZON ESPORTS,tm_yvpteelv4,6,23.1,23.076923076923077,5.33,5.333333333333333,3,3,26,"{""1"":4,""2"":1,""3"":1}","{""1"":8,""2"":5,""3"":3}","{""1"":8,""2"":5,""3"":3}","{""1"":13,""2"":2,""3"":11}",4,19,4,1,1,8,5,3,8,5,3,13,2,11,ҞZ・COLDSKI,Class 1,20,52,0,72,2,2,3947,1316,40
MAJOR GAMING LEAGUE TIER 1,Tier 1,2,PAGANINI,APlTtB3VKt0P7QlbaYHA,ENVY 7 ONE,tm_ubz3oae5j,6,37.5,37.5,10.67,10.666666666666666,3,3,16,"{""1"":5,""2"":0,""3"":1}","{""1"":6,""2"":7,""3"":19}","{""1"":6,""2"":7,""3"":19}","{""1"":10,""2"":4,""3"":2}",10,20,5,0,1,6,7,19,6,7,19,10,4,2,SIX.SVN,Class 1,0,32,0,32,2,2,2993,998,0
MAJOR GAMING LEAGUE TIER 1,Tier 1,2,SAMMY,CRgmZpi6YPL39TOInRBz,LEGIONARIES,tm_ffc044d9o,6,40,40,7,7,3,3,15,"{""1"":3,""2"":2,""3"":1}","{""1"":2,""2"":10,""3"":9}","{""1"":2,""2"":10,""3"":9}","{""1"":11,""2"":3,""3"":1}",8,21,3,2,1,2,10,9,2,10,9,11,3,1,LGN • SAMMY.ﻫ,Class 1,20,30,0,50,2,2,2966,989,0
MAJOR GAMING LEAGUE TIER 1,Tier 1,2,VOID,3WyN1vbWR1bis81ApvQz,KYZON ESPORTS,tm_yvpteelv4,6,23.1,23.076923076923077,5.33,5.333333333333333,3,3,26,"{""1"":2,""2"":0,""3"":4}","{""1"":8,""2"":5,""3"":3}","{""1"":8,""2"":5,""3"":3}","{""1"":13,""2"":2,""3"":11}",4,22,2,0,4,8,5,3,8,5,3,13,2,11,ҞZ・GOATৢঢ,Class 1,20,52,0,72,2,2,1748,583,0
MAJOR GAMING LEAGUE TIER 1,Tier 1,2,DEMON,NiT6GePQhD8XyqSCmuMI,PREACHER X,tm_c0yc4xjf4,6,28.6,28.57142857142857,6.67,6.666666666666667,3,3,21,"{""1"":3,""2"":2,""3"":1}","{""1"":4,""2"":9,""3"":7}","{""1"":4,""2"":9,""3"":7}","{""1"":7,""2"":5,""3"":9}",7,23,3,2,1,4,9,7,4,9,7,7,5,9,PЯX・OLDMAN,Class 1,10,42,0,52,2,2,0,0,0
MAJOR GAMING LEAGUE TIER 1,Tier 1,2,RELAX OG,OKrAHDFNWaCteQUIc2bK,WICKED ENTITIES,tm_n96zqds0m,5,62.5,62.5,15.33,15.333333333333334,3,3,8,"{""1"":4,""2"":0,""3"":1}","{""1"":15,""2"":14,""3"":17}","{""1"":15,""2"":14,""3"":17}","{""1"":6,""2"":1,""3"":1}",15,24,4,0,1,15,14,17,15,14,17,6,1,1,ƐИ丨 ƦELAX,Class 1,0,16,0,16,1.67,1.6666666666666667,0,0,0
MAJOR GAMING LEAGUE TIER 1,Tier 1,2,LUDGER,PQAripc5A3a7tOZ5qHrY,FEARLESS WARRIORS,tm_rgqdo8wje,5,45.5,45.45454545454545,13.33,13.333333333333334,3,3,11,"{""1"":1,""2"":0,""3"":4}","{""1"":16,""2"":19,""3"":5}","{""1"":16,""2"":19,""3"":5}","{""1"":2,""2"":1,""3"":8}",11,25,1,0,4,16,19,5,16,19,5,2,1,8,ZN LUDGER・ƑW,Class 1,5,22,0,27,1.67,1.6666666666666667,0,0,0
MAJOR GAMING LEAGUE TIER 1,Tier 1,2,REMO,dYruCjqNO7qAYaIBjTDt,Narcissist,ukMz1QObm2RORWQOa9dc,5,38.5,38.46153846153847,13,13,3,3,13,"{""1"":0,""2"":2,""3"":3}","{""1"":19,""2"":6,""3"":14}","{""1"":19,""2"":6,""3"":14}","{""1"":0,""2"":8,""3"":5}",12,26,0,2,3,19,6,14,19,6,14,0,8,5,口RÉRÉ,Class 1,0,26,0,26,1.67,1.6666666666666667,0,0,0
MAJOR GAMING LEAGUE TIER 1,Tier 1,2,DONRUSKI,e0oR3lJ4tSBFjhWWp96W,FAZE ICONS,62lUXdIP47pjzO65aTZm,5,33.3,33.33333333333333,10.67,10.666666666666666,3,3,15,"{""1"":1,""2"":3,""3"":1}","{""1"":20,""2"":1,""3"":11}","{""1"":20,""2"":1,""3"":11}","{""1"":2,""2"":9,""3"":4}",6,27,1,3,1,20,1,11,20,1,11,2,9,4,ҒZ MERC,Class 1,25,30,0,55,1.67,1.6666666666666667,0,0,0
MAJOR GAMING LEAGUE TIER 1,Tier 1,2,JOJO,T2sK7jSZkJqKgLswvF1g,REMEDIUM INVICTUS,tm_kdh97vkx3,4,9.1,9.090909090909092,6,6,3,3,44,"{""1"":1,""2"":3,""3"":0}","{""1"":10,""2"":2,""3"":6}","{""1"":10,""2"":2,""3"":6}","{""1"":8,""2"":21,""3"":15}",3,28,1,3,0,10,2,6,10,2,6,8,21,15,水RDM・GADUS,Class 1,20,88,0,108,1.33,1.3333333333333333,3683,1228,0
MAJOR GAMING LEAGUE TIER 1,Tier 1,2,IDIVYNE,EUVvfZ1fKDe844RVNXE2,KYZON ESPORTS,tm_yvpteelv4,4,15.4,15.384615384615385,5.33,5.333333333333333,3,3,26,"{""1"":1,""2"":1,""3"":2}","{""1"":8,""2"":5,""3"":3}","{""1"":8,""2"":5,""3"":3}","{""1"":13,""2"":2,""3"":11}",4,29,1,1,2,8,5,3,8,5,3,13,2,11,KZ • DIVYNE,Class 1,20,52,0,72,1.33,1.3333333333333333,2894,965,0
MAJOR GAMING LEAGUE TIER 1,Tier 1,2,SOG,B9K5pOOLE39QnCqnDNHY,ENVY 7 ONE,tm_ubz3oae5j,4,25,25,10.67,10.666666666666666,3,3,16,"{""1"":1,""2"":2,""3"":1}","{""1"":6,""2"":7,""3"":19}","{""1"":6,""2"":7,""3"":19}","{""1"":10,""2"":4,""3"":2}",10,30,1,2,1,6,7,19,6,7,19,10,4,2,SOG.SVN¹,Class 1,0,32,0,32,1.33,1.3333333333333333,2021,674,0
MAJOR GAMING LEAGUE TIER 1,Tier 1,2,YAMII,JEnWA5TkFzeJpFKvyVQA,PREACHER X,tm_c0yc4xjf4,4,19,19.047619047619047,6.67,6.666666666666667,3,3,21,"{""1"":1,""2"":2,""3"":1}","{""1"":4,""2"":9,""3"":7}","{""1"":4,""2"":9,""3"":7}","{""1"":7,""2"":5,""3"":9}",7,31,1,2,1,4,9,7,4,9,7,7,5,9,PЯX・YAMII,Class 1,10,42,0,52,1.33,1.3333333333333333,0,0,0
MAJOR GAMING LEAGUE TIER 1,Tier 1,2,YACHTY,QlxRht8AflEsDsg74NSw,FAZE ICONS,62lUXdIP47pjzO65aTZm,4,26.7,26.666666666666668,10.67,10.666666666666666,3,3,15,"{""1"":0,""2"":3,""3"":1}","{""1"":20,""2"":1,""3"":11}","{""1"":20,""2"":1,""3"":11}","{""1"":2,""2"":9,""3"":4}",6,32,0,3,1,20,1,11,20,1,11,2,9,4,ҒZ YACHTY,Class 1,25,30,0,55,1.33,1.3333333333333333,0,0,0
MAJOR GAMING LEAGUE TIER 1,Tier 1,2,RETIRED,e8Z8c5IjjbrnZ6ekVpAg,SCARRED LEGION,aOLRuUnFkOKgu9xAtqHy,4,25,25,17,17,3,3,16,"{""1"":2,""2"":2,""3"":0}","{""1"":18,""2"":18,""3"":15}","{""1"":18,""2"":18,""3"":15}","{""1"":8,""2"":5,""3"":3}",20,33,2,2,0,18,18,15,18,18,15,8,5,3,GENESISメ,Class 1,0,32,-150,-118,1.33,1.3333333333333333,0,0,0
MAJOR GAMING LEAGUE TIER 1,Tier 1,2,SWAYZE,qefoLXaT9gaO2ycKQocy,Narcissist,ukMz1QObm2RORWQOa9dc,4,30.8,30.76923076923077,13,13,3,3,13,"{""1"":0,""2"":3,""3"":1}","{""1"":19,""2"":6,""3"":14}","{""1"":19,""2"":6,""3"":14}","{""1"":0,""2"":8,""3"":5}",12,34,0,3,1,19,6,14,19,6,14,0,8,5,口ISWAYZETT,Class 1,0,26,0,26,1.33,1.3333333333333333,0,0,0
MAJOR GAMING LEAGUE TIER 1,Tier 1,2,LOGIC,lnr5Lq6LubQMG2xapBht,PREACHER X,tm_c0yc4xjf4,4,19,19.047619047619047,6.67,6.666666666666667,3,3,21,"{""1"":2,""2"":0,""3"":2}","{""1"":4,""2"":9,""3"":7}","{""1"":4,""2"":9,""3"":7}","{""1"":7,""2"":5,""3"":9}",7,35,2,0,2,4,9,7,4,9,7,7,5,9,PЯX・LOGIC,Class 1,10,42,0,52,1.33,1.3333333333333333,0,0,0
MAJOR GAMING LEAGUE TIER 1,Tier 1,2,DELETE,yXsVHpZGIDJoF3CpeME2,MAIN CHARACTERS OG,tm_mgol0xhrx,4,36.4,36.36363636363637,13,13,3,3,11,"{""1"":3,""2"":0,""3"":1}","{""1"":14,""2"":12,""3"":13}","{""1"":14,""2"":12,""3"":13}","{""1"":6,""2"":4,""3"":1}",13,36,3,0,1,14,12,13,14,12,13,6,4,1,MC丨IFɅ,Class 1,0,22,0,22,1.33,1.3333333333333333,0,0,0
MAJOR GAMING LEAGUE TIER 1,Tier 1,2,YUSUF,qKQQ85V7nwqlL2KDXoGl,ENVY 7 ONE,tm_ubz3oae5j,3,18.8,18.75,10.67,10.666666666666666,3,3,16,"{""1"":2,""2"":1,""3"":0}","{""1"":6,""2"":7,""3"":19}","{""1"":6,""2"":7,""3"":19}","{""1"":10,""2"":4,""3"":2}",10,37,2,1,0,6,7,19,6,7,19,10,4,2,YUSUF.SVN¹,Class 1,0,32,0,32,1,1,1938,646,18.7
MAJOR GAMING LEAGUE TIER 1,Tier 1,2,GAARA,frAw1ZokwwidsPGWguSM,ENVY 7 ONE,tm_ubz3oae5j,3,18.8,18.75,10.67,10.666666666666666,3,3,16,"{""1"":2,""2"":1,""3"":0}","{""1"":6,""2"":7,""3"":19}","{""1"":6,""2"":7,""3"":19}","{""1"":10,""2"":4,""3"":2}",10,38,2,1,0,6,7,19,6,7,19,10,4,2,GAARA.SVN¹,Class 1,0,32,0,32,1,1,1382,461,60.3
MAJOR GAMING LEAGUE TIER 1,Tier 1,2,CRAY,BiGMSgAzFeFwlhKC889D,FAZE ICONS,62lUXdIP47pjzO65aTZm,3,20,20,10.67,10.666666666666666,3,3,15,"{""1"":0,""2"":2,""3"":1}","{""1"":20,""2"":1,""3"":11}","{""1"":20,""2"":1,""3"":11}","{""1"":2,""2"":9,""3"":4}",6,39,0,2,1,20,1,11,20,1,11,2,9,4,ҒZ CRAY,Class 1,25,30,0,55,1,1,0,0,0
MAJOR GAMING LEAGUE TIER 1,Tier 1,2,FATHER AGE,Q63XSJmpDP5cUC8DnvR4,MAIN CHARACTERS OG,tm_mgol0xhrx,3,27.3,27.27272727272727,13,13,3,3,11,"{""1"":0,""2"":3,""3"":0}","{""1"":14,""2"":12,""3"":13}","{""1"":14,""2"":12,""3"":13}","{""1"":6,""2"":4,""3"":1}",13,40,0,3,0,14,12,13,14,12,13,6,4,1,MC丨AGE,Class 1,0,22,0,22,1,1,0,0,0
MAJOR GAMING LEAGUE TIER 1,Tier 1,2,NURUTA,UiCvqj6uu4EoGsvi2kLs,CIAO HUNTERS X,tm_twhkzzdmf,3,37.5,37.5,6,6,3,3,8,"{""1"":0,""2"":0,""3"":3}","{""1"":5,""2"":11,""3"":2}","{""1"":5,""2"":11,""3"":2}","{""1"":1,""2"":2,""3"":5}",9,41,0,0,3,5,11,2,5,11,2,1,2,5,LATINA.CHX,Class 1,25,16,0,41,1,1,0,0,0
MAJOR GAMING LEAGUE TIER 1,Tier 1,2,APOSTLE,L1LKfVKd47rwlshv2vY1,CIAO HUNTERS X,tm_twhkzzdmf,3,37.5,37.5,6,6,3,3,8,"{""1"":0,""2"":2,""3"":1}","{""1"":5,""2"":11,""3"":2}","{""1"":5,""2"":11,""3"":2}","{""1"":1,""2"":2,""3"":5}",9,42,0,2,1,5,11,2,5,11,2,1,2,5,CPT APYT.CHX,Class 1,25,16,0,41,1,1,0,0,0
MAJOR GAMING LEAGUE TIER 1,Tier 1,2,MAUS,kUOdoGK7ff8eYeZgwvXq,FEARLESS WARRIORS,tm_rgqdo8wje,3,27.3,27.27272727272727,13.33,13.333333333333334,3,3,11,"{""1"":1,""2"":0,""3"":2}","{""1"":16,""2"":19,""3"":5}","{""1"":16,""2"":19,""3"":5}","{""1"":2,""2"":1,""3"":8}",11,43,1,0,2,16,19,5,16,19,5,2,1,8,ƑW・MAUS,Class 1,5,22,0,27,1,1,0,0,0
MAJOR GAMING LEAGUE TIER 1,Tier 1,2,ALLFATHER,eZr86KcPlEoSTarsNbR0,SCARRED LEGION,aOLRuUnFkOKgu9xAtqHy,3,18.8,18.75,17,17,3,3,16,"{""1"":0,""2"":2,""3"":1}","{""1"":18,""2"":18,""3"":15}","{""1"":18,""2"":18,""3"":15}","{""1"":8,""2"":5,""3"":3}",20,44,0,2,1,18,18,15,18,18,15,8,5,3,^メ,Class 1,0,32,-150,-118,1,1,0,0,0
MAJOR GAMING LEAGUE TIER 1,Tier 1,2,MOVEMENT,zbgasCEzQ3XBmq26KwCr,DEVELOPERS,tm_w0a02yn8h,3,10.3,10.344827586206897,7,7,3,3,29,"{""1"":0,""2"":2,""3"":1}","{""1"":9,""2"":8,""3"":4}","{""1"":9,""2"":8,""3"":4}","{""1"":3,""2"":12,""3"":14}",5,45,0,2,1,9,8,4,9,8,4,3,12,14,MOVEMENT..DXV,Class 1,10,58,0,68,1,1,0,0,0
MAJOR GAMING LEAGUE TIER 1,Tier 1,2,CPTBEAMS,a5oKDigSZHVTWPWLj0rA,ZL ESPORTS,1rBWZvmbgkMHIlWnkyfe,3,100,100,18,18,3,3,3,"{""1"":0,""2"":3,""3"":0}","{""1"":17,""2"":17,""3"":20}","{""1"":17,""2"":17,""3"":20}","{""1"":0,""2"":3,""3"":0}",19,46,0,3,0,17,17,20,17,17,20,0,3,0,IPHYSICS • ZL,Class 1,0,6,0,6,1,1,0,0,0
MAJOR GAMING LEAGUE TIER 1,Tier 1,2,STITCH,8M0lQ0cjSeQxSfwaOqQq,Findigo Mirage,DfsCHneTL900q2o2ZCT6,3,75,75,14.67,14.666666666666666,3,3,4,"{""1"":1,""2"":1,""3"":1}","{""1"":13,""2"":15,""3"":16}","{""1"":13,""2"":15,""3"":16}","{""1"":1,""2"":2,""3"":1}",17,47,1,1,1,13,15,16,13,15,16,1,2,1,ALICIA・¹F¡,Class 1,0,8,0,8,1,1,0,0,0
MAJOR GAMING LEAGUE TIER 1,Tier 1,2,TORUSKI,JS1VnLDlLbM6yIBFzo0u,SCARRED LEGION,aOLRuUnFkOKgu9xAtqHy,3,18.8,18.75,17,17,3,3,16,"{""1"":0,""2"":0,""3"":3}","{""1"":18,""2"":18,""3"":15}","{""1"":18,""2"":18,""3"":15}","{""1"":8,""2"":5,""3"":3}",20,48,0,0,3,18,18,15,18,18,15,8,5,3,DГ. ТОГЦメ,Class 1,0,32,-150,-118,1,1,0,0,0
MAJOR GAMING LEAGUE TIER 1,Tier 1,2,UMBRELLA,ZbDtqKyjWc2uCQ1Iu3Xg,FAZE ICONS,62lUXdIP47pjzO65aTZm,3,20,20,10.67,10.666666666666666,3,3,15,"{""1"":1,""2"":1,""3"":1}","{""1"":20,""2"":1,""3"":11}","{""1"":20,""2"":1,""3"":11}","{""1"":2,""2"":9,""3"":4}",6,49,1,1,1,20,1,11,20,1,11,2,9,4,ҒZ UMBRELLA,Class 1,25,30,0,55,1,1,0,0,0
MAJOR GAMING LEAGUE TIER 1,Tier 1,2,PHILIP MELO,gybDsWbwIY4s0wRh2Nj4,FEARLESS WARRIORS,tm_rgqdo8wje,3,27.3,27.27272727272727,13.33,13.333333333333334,3,3,11,"{""1"":0,""2"":1,""3"":2}","{""1"":16,""2"":19,""3"":5}","{""1"":16,""2"":19,""3"":5}","{""1"":2,""2"":1,""3"":8}",11,50,0,1,2,16,19,5,16,19,5,2,1,8,ƑW・MELO,Class 1,5,22,0,27,1,1,0,0,0
MAJOR GAMING LEAGUE TIER 1,Tier 1,2,LIONFACE,PMOZmTbjtV7Jea8FMW8Y,Marines Cartel,o7Dp7knjVTxhemRjJF7R,3,100,100,13.67,13.666666666666666,3,3,3,"{""1"":0,""2"":1,""3"":2}","{""1"":3,""2"":20,""3"":18}","{""1"":3,""2"":20,""3"":18}","{""1"":0,""2"":1,""3"":2}",14,51,0,1,2,3,20,18,3,20,18,0,1,2,¹LT丨DADYLION,Class 1,15,6,0,21,1,1,0,0,0
MAJOR GAMING LEAGUE TIER 1,Tier 1,2,FEEZYYT,l3vxxu4J4YVLLtpydbiX,MAIN CHARACTERS OG,tm_mgol0xhrx,3,27.3,27.27272727272727,13,13,3,3,11,"{""1"":2,""2"":1,""3"":0}","{""1"":14,""2"":12,""3"":13}","{""1"":14,""2"":12,""3"":13}","{""1"":6,""2"":4,""3"":1}",13,52,2,1,0,14,12,13,14,12,13,6,4,1,FEEZYYYT丨MC,Class 1,0,22,0,22,1,1,0,0,0
MAJOR GAMING LEAGUE TIER 1,Tier 1,2,ISCO,Ju9oBCWQSs6kfDYixRZK,LEGIONARIES,tm_ffc044d9o,2,13.3,13.333333333333334,7,7,3,3,15,"{""1"":1,""2"":1,""3"":0}","{""1"":2,""2"":10,""3"":9}","{""1"":2,""2"":10,""3"":9}","{""1"":11,""2"":3,""3"":1}",8,53,1,1,0,2,10,9,2,10,9,11,3,1,ZN ISCO LGN,Class 1,20,30,0,50,0.67,0.6666666666666666,1733,578,0
MAJOR GAMING LEAGUE TIER 1,Tier 1,2,SWAG,I0zrbJubS6A7RBMX0C3e,Narcissist,ukMz1QObm2RORWQOa9dc,2,15.4,15.384615384615385,13,13,3,3,13,"{""1"":0,""2"":2,""3"":0}","{""1"":19,""2"":6,""3"":14}","{""1"":19,""2"":6,""3"":14}","{""1"":0,""2"":8,""3"":5}",12,54,0,2,0,19,6,14,19,6,14,0,8,5,SWAG??口,Class 1,0,26,0,26,0.67,0.6666666666666666,0,0,0
MAJOR GAMING LEAGUE TIER 1,Tier 1,2,YOURBALLS,DEP0DMTu1Bn8IsMenRxs,Narcissist,ukMz1QObm2RORWQOa9dc,2,15.4,15.384615384615385,13,13,3,3,13,"{""1"":0,""2"":1,""3"":1}","{""1"":19,""2"":6,""3"":14}","{""1"":19,""2"":6,""3"":14}","{""1"":0,""2"":8,""3"":5}",12,55,0,1,1,19,6,14,19,6,14,0,8,5,YOURBALLS??口,Class 1,0,26,0,26,0.67,0.6666666666666666,0,0,0
MAJOR GAMING LEAGUE TIER 1,Tier 1,2,21MS,OlvDP99EsWN3sJd3nOZC,SCARRED LEGION,aOLRuUnFkOKgu9xAtqHy,2,12.5,12.5,17,17,3,3,16,"{""1"":1,""2"":1,""3"":0}","{""1"":18,""2"":18,""3"":15}","{""1"":18,""2"":18,""3"":15}","{""1"":8,""2"":5,""3"":3}",20,56,1,1,0,18,18,15,18,18,15,8,5,3,IKUUU メ,Class 1,0,32,-150,-118,0.67,0.6666666666666666,0,0,0
MAJOR GAMING LEAGUE TIER 1,Tier 1,2,BABYGLITCH,ZmLcnbEngSBzomLIxCGA,Kingpins,hVWczQAJ8Eqvzrp97sHO,2,40,40,13,13,3,3,5,"{""1"":1,""2"":1,""3"":0}","{""1"":11,""2"":16,""3"":12}","{""1"":11,""2"":16,""3"":12}","{""1"":2,""2"":3,""3"":0}",16,57,1,1,0,11,16,12,11,16,12,2,3,0,BABYGLITCH • K几,Class 1,0,10,0,10,0.67,0.6666666666666666,0,0,0
MAJOR GAMING LEAGUE TIER 1,Tier 1,2,NEMESIS,6lq8ySkqC6xbaUo6Erzq,CIAO HUNTERS X,tm_twhkzzdmf,2,25,25,6,6,3,3,8,"{""1"":1,""2"":0,""3"":1}","{""1"":5,""2"":11,""3"":2}","{""1"":5,""2"":11,""3"":2}","{""1"":1,""2"":2,""3"":5}",9,58,1,0,1,5,11,2,5,11,2,1,2,5,SISTER.CHX,Class 1,25,16,0,41,0.67,0.6666666666666666,0,0,0
MAJOR GAMING LEAGUE TIER 1,Tier 1,2,DESTINY,wupZDXy29wGS3iEnUF14,Kingpins,hVWczQAJ8Eqvzrp97sHO,2,40,40,13,13,2,3,5,"{""2"":2,""3"":0}","{""2"":16,""3"":12}","{""1"":11,""2"":16,""3"":12}","{""1"":2,""2"":3,""3"":0}",16,59,,2,0,,16,12,11,16,12,2,3,0,K几 • GODFATHER,Class 1,0,10,0,10,1,1,0,0,0
MAJOR GAMING LEAGUE TIER 1,Tier 1,2,ROGUE,r7ePhyqUmojwCVE0MNwB,FEARLESS ULTIMATE,QXr3HX0HM3Rf35A0UKUN,2,66.7,66.66666666666666,11,11,3,3,3,"{""1"":0,""2"":1,""3"":1}","{""1"":12,""2"":13,""3"":8}","{""1"":12,""2"":13,""3"":8}","{""1"":0,""2"":2,""3"":1}",18,60,0,1,1,12,13,8,12,13,8,0,2,1,ƑW・ঐSHADOW,Class 1,0,6,0,6,0.67,0.6666666666666666,0,0,0
MAJOR GAMING LEAGUE TIER 1,Tier 1,2,HISOKA,CkcSu0EF8MSc0rlePsTC,WICKED ENTITIES,tm_n96zqds0m,1,12.5,12.5,15.33,15.333333333333334,3,3,8,"{""1"":1,""2"":0,""3"":0}","{""1"":15,""2"":14,""3"":17}","{""1"":15,""2"":14,""3"":17}","{""1"":6,""2"":1,""3"":1}",15,61,1,0,0,15,14,17,15,14,17,6,1,1,ƐИ丨DEHISOKA,Class 1,0,16,0,16,0.33,0.3333333333333333,0,0,0
MAJOR GAMING LEAGUE TIER 1,Tier 1,2,DANIEL,2hoGdFkIX9KrsMSafUIB,FEARLESS ULTIMATE,QXr3HX0HM3Rf35A0UKUN,1,33.3,33.33333333333333,11,11,3,3,3,"{""1"":0,""2"":1,""3"":0}","{""1"":12,""2"":13,""3"":8}","{""1"":12,""2"":13,""3"":8}","{""1"":0,""2"":2,""3"":1}",18,62,0,1,0,12,13,8,12,13,8,0,2,1,ƑW・X TA C,Class 1,0,6,0,6,0.33,0.3333333333333333,0,0,0
MAJOR GAMING LEAGUE TIER 1,Tier 1,2,SNOW,d1Yob4KUrJTjdjDvMOOk,Findigo Mirage,DfsCHneTL900q2o2ZCT6,1,25,25,14.67,14.666666666666666,3,3,4,"{""1"":0,""2"":1,""3"":0}","{""1"":13,""2"":15,""3"":16}","{""1"":13,""2"":15,""3"":16}","{""1"":1,""2"":2,""3"":1}",17,63,0,1,0,13,15,16,13,15,16,1,2,1,SNOWSZN・¹F¡,Class 1,0,8,0,8,0.33,0.3333333333333333,0,0,0
MAJOR GAMING LEAGUE TIER 1,Tier 1,2,PANIKA,w7l460tngtU3MfSjy7L4,MAIN CHARACTERS OG,tm_mgol0xhrx,1,9.1,9.090909090909092,13,13,3,3,11,"{""1"":1,""2"":0,""3"":0}","{""1"":14,""2"":12,""3"":13}","{""1"":14,""2"":12,""3"":13}","{""1"":6,""2"":4,""3"":1}",13,64,1,0,0,14,12,13,14,12,13,6,4,1,メՄՆ・PANIKMC,Class 1,0,22,0,22,0.33,0.3333333333333333,0,0,0
MAJOR GAMING LEAGUE TIER 1,Tier 1,2,ZEKE,9WSTxWXotyu8TnpA79Eg,WICKED ENTITIES,tm_n96zqds0m,1,12.5,12.5,15.33,15.333333333333334,3,3,8,"{""1"":1,""2"":0,""3"":0}","{""1"":15,""2"":14,""3"":17}","{""1"":15,""2"":14,""3"":17}","{""1"":6,""2"":1,""3"":1}",15,65,1,0,0,15,14,17,15,14,17,6,1,1,ƐИ丨ZYT,Class 1,0,16,0,16,0.33,0.3333333333333333,0,0,0
MAJOR GAMING LEAGUE TIER 1,Tier 1,2,ITACHI,8GOX41vVXHYB1HR3LSNi,WICKED ENTITIES,tm_n96zqds0m,1,12.5,12.5,15.33,15.333333333333334,2,3,8,"{""1"":0,""2"":1}","{""1"":15,""2"":14}","{""1"":15,""2"":14,""3"":17}","{""1"":6,""2"":1,""3"":1}",15,66,0,1,,15,14,,15,14,17,6,1,1,ƐИ丨ITACHI,Class 1,0,16,0,16,0.5,0.5,0,0,0
MAJOR GAMING LEAGUE TIER 1,Tier 1,2,MOON,rS33lQiCN46PKYQTcxHR,Kingpins,hVWczQAJ8Eqvzrp97sHO,1,20,20,13,13,1,3,5,"{""1"":1}","{""1"":11}","{""1"":11,""2"":16,""3"":12}","{""1"":2,""2"":3,""3"":0}",16,67,1,,,11,,,11,16,12,2,3,0,K几 • SCARYDAD,Class 1,0,10,0,10,1,1,0,0,0
MAJOR GAMING LEAGUE TIER 1,Tier 1,2,POPE,EHyRjfeTvbYD9VvE9H1H,LEGIONARIES,tm_ffc044d9o,0,0,0,7,7,2,3,15,"{""1"":0,""2"":0}","{""1"":2,""2"":10}","{""1"":2,""2"":10,""3"":9}","{""1"":11,""2"":3,""3"":1}",8,68,0,0,,2,10,,2,10,9,11,3,1,LGN・USERX,Class 1,20,30,0,50,0,0,673,337,0
MAJOR GAMING LEAGUE TIER 1,Tier 1,2,KANAKI/HYBRID,obenQLUFr5yTVY0TzxuL,Kingpins,hVWczQAJ8Eqvzrp97sHO,0,0,0,13,13,3,3,5,"{""1"":0,""2"":0,""3"":0}","{""1"":11,""2"":16,""3"":12}","{""1"":11,""2"":16,""3"":12}","{""1"":2,""2"":3,""3"":0}",16,69,0,0,0,11,16,12,11,16,12,2,3,0,K几・,Class 1,0,10,0,10,0,0,0,0,0
MAJOR GAMING LEAGUE TIER 1,Tier 1,2,KWEKU,S0nVxhtza8Lcoeyu4hwb,CIAO HUNTERS X,tm_twhkzzdmf,0,0,0,6,6,3,3,8,"{""1"":0,""2"":0,""3"":0}","{""1"":5,""2"":11,""3"":2}","{""1"":5,""2"":11,""3"":2}","{""1"":1,""2"":2,""3"":5}",9,70,0,0,0,5,11,2,5,11,2,1,2,5,KWEKU.CHX,Class 1,25,16,0,41,0,0,0,0,0
MAJOR GAMING LEAGUE TIER 1,Tier 1,2,KILLER,NF1Q6HPvc7hTCqAWlIZd,Findigo Mirage,DfsCHneTL900q2o2ZCT6,0,0,0,14.67,14.666666666666666,3,3,4,"{""1"":0,""2"":0,""3"":0}","{""1"":13,""2"":15,""3"":16}","{""1"":13,""2"":15,""3"":16}","{""1"":1,""2"":2,""3"":1}",17,71,0,0,0,13,15,16,13,15,16,1,2,1,KILLER・¹F¡,Class 1,0,8,0,8,0,0,0,0,0
MAJOR GAMING LEAGUE TIER 1,Tier 1,2,LUCIFER,kB9DXZRiMrqk7cYhc657,Findigo Mirage,DfsCHneTL900q2o2ZCT6,0,0,0,14.67,14.666666666666666,3,3,4,"{""1"":0,""2"":0,""3"":0}","{""1"":13,""2"":15,""3"":16}","{""1"":13,""2"":15,""3"":16}","{""1"":1,""2"":2,""3"":1}",17,72,0,0,0,13,15,16,13,15,16,1,2,1,LUCIFER・¹F¡,Class 1,0,8,0,8,0,0,0,0,0
MAJOR GAMING LEAGUE TIER 1,Tier 1,2,AYATO,eML7Ngm389vED9hkULlH,FEARLESS ULTIMATE,QXr3HX0HM3Rf35A0UKUN,0,0,0,11,11,3,3,3,"{""1"":0,""2"":0,""3"":0}","{""1"":12,""2"":13,""3"":8}","{""1"":12,""2"":13,""3"":8}","{""1"":0,""2"":2,""3"":1}",18,73,0,0,0,12,13,8,12,13,8,0,2,1,ƑW・ঐAYATOO*,Class 1,0,6,0,6,0,0,0,0,0
MAJOR GAMING LEAGUE TIER 1,Tier 1,2,MIDEX,B1Kj8xeiYMbthFGnQbEJ,Kingpins,hVWczQAJ8Eqvzrp97sHO,0,0,0,13,13,3,3,5,"{""1"":0,""2"":0,""3"":0}","{""1"":11,""2"":16,""3"":12}","{""1"":11,""2"":16,""3"":12}","{""1"":2,""2"":3,""3"":0}",16,74,0,0,0,11,16,12,11,16,12,2,3,0,MŁD£X++・K几,Class 1,0,10,0,10,0,0,0,0,0
MAJOR GAMING LEAGUE TIER 1,Tier 1,2,SAYYID,UV54iNm4m2FaNnydcJiN,FEARLESS ULTIMATE,QXr3HX0HM3Rf35A0UKUN,0,0,0,11,11,3,3,3,"{""1"":0,""2"":0,""3"":0}","{""1"":12,""2"":13,""3"":8}","{""1"":12,""2"":13,""3"":8}","{""1"":0,""2"":2,""3"":1}",18,75,0,0,0,12,13,8,12,13,8,0,2,1,ƑW・SAYYID ঐ,Class 1,0,6,0,6,0,0,0,0,0
MAJOR GAMING LEAGUE TIER 1,Tier 1,2,BIRA,FucAwO62qzLHAImEO0VV,Marines Cartel,o7Dp7knjVTxhemRjJF7R,0,0,0,13.67,13.666666666666666,3,3,3,"{""1"":0,""2"":0,""3"":0}","{""1"":3,""2"":20,""3"":18}","{""1"":3,""2"":20,""3"":18}","{""1"":0,""2"":1,""3"":2}",14,76,0,0,0,3,20,18,3,20,18,0,1,2,BIRAYT.IN.¹LT,Class 1,15,6,0,21,0,0,0,0,0
MAJOR GAMING LEAGUE TIER 1,Tier 1,2,DAVLIEN,B11aFzLHBG1YcrCZHV68,Marines Cartel,o7Dp7knjVTxhemRjJF7R,0,0,0,13.67,13.666666666666666,3,3,3,"{""1"":0,""2"":0,""3"":0}","{""1"":3,""2"":20,""3"":18}","{""1"":3,""2"":20,""3"":18}","{""1"":0,""2"":1,""3"":2}",14,77,0,0,0,3,20,18,3,20,18,0,1,2,DAVLIEN.IN.¹LT,Class 1,15,6,0,21,0,0,0,0,0
MAJOR GAMING LEAGUE TIER 1,Tier 1,2,BENNY,UeOSx2Z4aI7DuWJCrD2e,ZL ESPORTS,1rBWZvmbgkMHIlWnkyfe,0,0,0,18,18,3,3,3,"{""1"":0,""2"":0,""3"":0}","{""1"":17,""2"":17,""3"":20}","{""1"":17,""2"":17,""3"":20}","{""1"":0,""2"":3,""3"":0}",19,78,0,0,0,17,17,20,17,17,20,0,3,0,JESUS. ZL,Class 1,0,6,0,6,0,0,0,0,0
MAJOR GAMING LEAGUE TIER 1,Tier 1,2,CODGHOST,AZdZ5MvPMJMZep4m3bBN,LEGIONARIES,tm_ffc044d9o,0,0,0,7,7,1,3,15,"{""3"":0}","{""3"":9}","{""1"":2,""2"":10,""3"":9}","{""1"":11,""2"":3,""3"":1}",8,79,,,0,,,9,2,10,9,11,3,1,LGN • CODGHOST.,Class 1,20,30,0,50,0,0,0,0,0
MAJOR GAMING LEAGUE TIER 1,Tier 1,2,OSASONTT,8Q8u8EfvZ4ZMHbhGPNZA,Marines Cartel,o7Dp7knjVTxhemRjJF7R,0,0,0,13.67,13.666666666666666,2,3,3,"{""2"":0,""3"":0}","{""2"":20,""3"":18}","{""1"":3,""2"":20,""3"":18}","{""1"":0,""2"":1,""3"":2}",14,80,,0,0,,20,18,3,20,18,0,1,2,¹LT丨OSASONTT,Class 1,15,6,0,21,0,0,0,0,0
MAJOR GAMING LEAGUE TIER 1,Tier 1,2,SAVAGE,Hq5gw6eD9HnU8lTr2RHZ,FEARLESS WARRIORS,tm_rgqdo8wje,0,0,0,13.33,13.333333333333334,3,3,11,"{""1"":0,""2"":0,""3"":0}","{""1"":16,""2"":19,""3"":5}","{""1"":16,""2"":19,""3"":5}","{""1"":2,""2"":1,""3"":8}",11,81,0,0,0,16,19,5,16,19,5,2,1,8,ƑW・SAVAGEYT,Class 1,5,22,0,27,0,0,0,0,0
MAJOR GAMING LEAGUE TIER 1,Tier 1,3,POISON,QZIn6rAU2CGPFbGbQu4v,GOAT ESPORT,tm_ws9x2fl5b,43,35.8,35.833333333333336,9,9,3,3,120,"{""1"":11,""2"":19,""3"":13}","{""1"":15,""2"":4,""3"":8}","{""1"":15,""2"":4,""3"":8}","{""1"":36,""2"":35,""3"":49}",1,1,11,19,13,15,4,8,15,4,8,36,35,49,毒GOAT TOTO,Class 1,10,240,10,260,14.33,14.333333333333334,16414,5471,31.4
MAJOR GAMING LEAGUE TIER 1,Tier 1,3,CODGOD,dqr1RKopXDu3zfgmOqcY,LEGIONARIES,tm_ffc044d9o,36,34,33.9622641509434,10.67,10.666666666666666,3,3,106,"{""1"":8,""2"":16,""3"":12}","{""1"":11,""2"":3,""3"":18}","{""1"":11,""2"":3,""3"":18}","{""1"":26,""2"":50,""3"":30}",2,2,8,16,12,11,3,18,11,3,18,26,50,30,LGN・CODGOD宗,Class 1,15,212,0,227,12,12,14359,4786,25.4
MAJOR GAMING LEAGUE TIER 1,Tier 1,3,DERAZ,pPvCKKzMoO9wgFzAq0sd,DEVELOPERS,tm_w0a02yn8h,34,40.5,40.476190476190474,10,10,3,3,84,"{""1"":13,""2"":15,""3"":6}","{""1"":8,""2"":7,""3"":15}","{""1"":8,""2"":7,""3"":15}","{""1"":29,""2"":26,""3"":29}",7,3,13,15,6,8,7,15,8,7,15,29,26,29,DERAZYT.DXV,Class 1,0,168,0,168,11.33,11.333333333333334,13073,4358,28.7
MAJOR GAMING LEAGUE TIER 1,Tier 1,3,CHIKE,WP7wn4jjPa6n4busZVnT,GOAT ESPORT,tm_ws9x2fl5b,30,25,25,9,9,3,3,120,"{""1"":11,""2"":7,""3"":12}","{""1"":15,""2"":4,""3"":8}","{""1"":15,""2"":4,""3"":8}","{""1"":36,""2"":35,""3"":49}",1,4,11,7,12,15,4,8,15,4,8,36,35,49,毒GOAT THELMA,Class 1,10,240,10,260,10,10,10613,3538,0
MAJOR GAMING LEAGUE TIER 1,Tier 1,3,FLUFFY,zJzKvUNu4k0ilGg2ocCY,KYZON ESPORTS,tm_yvpteelv4,28,36.4,36.36363636363637,2.67,2.6666666666666665,3,3,77,"{""1"":14,""2"":10,""3"":4}","{""1"":4,""2"":1,""3"":3}","{""1"":4,""2"":1,""3"":3}","{""1"":33,""2"":27,""3"":17}",3,5,14,10,4,4,1,3,4,1,3,33,27,17,ҞZ・FLUFFৢঢ,Class 1,50,154,0,204,9.33,9.333333333333334,15869,5290,0
MAJOR GAMING LEAGUE TIER 1,Tier 1,3,YAGAMI,Bx7S0iZlMNevEE4eXnqz,VORTEX ONE,tm_4oss9tizq,26,33.3,33.33333333333333,11.67,11.666666666666666,3,3,78,"{""1"":0,""2"":12,""3"":14}","{""1"":19,""2"":2,""3"":14}","{""1"":19,""2"":2,""3"":14}","{""1"":3,""2"":33,""3"":42}",5,6,0,12,14,19,2,14,19,2,14,3,33,42,QTR YAGA.VRX,Class 1,20,156,0,176,8.67,8.666666666666666,10424,3475,16.1
MAJOR GAMING LEAGUE TIER 1,Tier 1,3,GB CRYPTO,OxMhCUSkyAT0LrziaNDP,GOAT ESPORT,tm_ws9x2fl5b,26,21.7,21.666666666666668,9,9,3,3,120,"{""1"":8,""2"":4,""3"":14}","{""1"":15,""2"":4,""3"":8}","{""1"":15,""2"":4,""3"":8}","{""1"":36,""2"":35,""3"":49}",1,7,8,4,14,15,4,8,15,4,8,36,35,49,毒GOAT CRYPTO,Class 1,10,240,10,260,8.67,8.666666666666666,9542,3181,32.1
MAJOR GAMING LEAGUE TIER 1,Tier 1,3,CALI,1paShjVQ0Zga3mIwWNij,LEGIONARIES,tm_ffc044d9o,26,24.5,24.528301886792452,10.67,10.666666666666666,3,3,106,"{""1"":6,""2"":16,""3"":4}","{""1"":11,""2"":3,""3"":18}","{""1"":11,""2"":3,""3"":18}","{""1"":26,""2"":50,""3"":30}",2,8,6,16,4,11,3,18,11,3,18,26,50,30,LGN • CALI,Class 1,15,212,0,227,8.67,8.666666666666666,8808,2936,0
MAJOR GAMING LEAGUE TIER 1,Tier 1,3,FEEZYYT,l3vxxu4J4YVLLtpydbiX,MAIN CHARACTERS OG,tm_mgol0xhrx,26,40.6,40.625,7,7,3,3,64,"{""1"":12,""2"":4,""3"":10}","{""1"":3,""2"":16,""3"":2}","{""1"":3,""2"":16,""3"":2}","{""1"":26,""2"":12,""3"":26}",8,9,12,4,10,3,16,2,3,16,2,26,12,26,FEEZYYYT丨MC,Class 1,35,128,0,163,8.67,8.666666666666666,0,0,0
MAJOR GAMING LEAGUE TIER 1,Tier 1,3,COLDSKI,ZMq7kz2SSMfPugtDW1dB,KYZON ESPORTS,tm_yvpteelv4,25,32.5,32.467532467532465,2.67,2.6666666666666665,3,3,77,"{""1"":12,""2"":6,""3"":7}","{""1"":4,""2"":1,""3"":3}","{""1"":4,""2"":1,""3"":3}","{""1"":33,""2"":27,""3"":17}",3,10,12,6,7,4,1,3,4,1,3,33,27,17,ҞZ・COLDSKI,Class 1,50,154,0,204,8.33,8.333333333333334,10211,3404,16.9
MAJOR GAMING LEAGUE TIER 1,Tier 1,3,MAUS,kUOdoGK7ff8eYeZgwvXq,FEARLESS WARRIORS,tm_rgqdo8wje,25,30.9,30.864197530864196,9,9,3,3,81,"{""1"":6,""2"":7,""3"":12}","{""1"":9,""2"":17,""3"":1}","{""1"":9,""2"":17,""3"":1}","{""1"":14,""2"":25,""3"":42}",4,11,6,7,12,9,17,1,9,17,1,14,25,42,ƑW・MAUS,Class 1,25,162,0,187,8.33,8.333333333333334,0,0,0
MAJOR GAMING LEAGUE TIER 1,Tier 1,3,YOURBALLS,DEP0DMTu1Bn8IsMenRxs,Narcissist,ukMz1QObm2RORWQOa9dc,24,30.8,30.76923076923077,9.67,9.666666666666666,3,3,78,"{""1"":7,""2"":8,""3"":9}","{""1"":13,""2"":5,""3"":11}","{""1"":13,""2"":5,""3"":11}","{""1"":24,""2"":25,""3"":29}",9,12,7,8,9,13,5,11,13,5,11,24,25,29,YOURBALLS??口,Class 1,5,156,0,161,8,8,0,0,0
MAJOR GAMING LEAGUE TIER 1,Tier 1,3,ISCO,Ju9oBCWQSs6kfDYixRZK,LEGIONARIES,tm_ffc044d9o,23,21.7,21.69811320754717,10.67,10.666666666666666,3,3,106,"{""1"":7,""2"":9,""3"":7}","{""1"":11,""2"":3,""3"":18}","{""1"":11,""2"":3,""3"":18}","{""1"":26,""2"":50,""3"":30}",2,13,7,9,7,11,3,18,11,3,18,26,50,30,ZN ISCO LGN,Class 1,15,212,0,227,7.67,7.666666666666667,7072,2357,0
MAJOR GAMING LEAGUE TIER 1,Tier 1,3,TOLU MARTINS,qiDPTJl18fmW4r6n11Pr,PREACHER X,tm_c0yc4xjf4,22,31.4,31.428571428571427,9,9,3,3,70,"{""1"":9,""2"":10,""3"":3}","{""1"":10,""2"":13,""3"":4}","{""1"":10,""2"":13,""3"":4}","{""1"":27,""2"":24,""3"":19}",11,14,9,10,3,10,13,4,10,13,4,27,24,19,PЯX・MARTINS,Class 1,10,140,0,150,7.33,7.333333333333333,0,0,0
MAJOR GAMING LEAGUE TIER 1,Tier 1,3,TRAUMA,mRdFfQB7p8thuw53PwWL,SCARRED LEGION,aOLRuUnFkOKgu9xAtqHy,22,32.4,32.35294117647059,9.67,9.666666666666666,3,3,68,"{""1"":12,""2"":7,""3"":3}","{""1"":2,""2"":15,""3"":12}","{""1"":2,""2"":15,""3"":12}","{""1"":33,""2"":21,""3"":14}",10,15,12,7,3,2,15,12,2,15,12,33,21,14,メ TRAUMA,Class 1,20,136,0,156,7.33,7.333333333333333,0,0,0
MAJOR GAMING LEAGUE TIER 1,Tier 1,3,WINDIGO,Y3hmYqIvBg07ApvAvtRu,MAIN CHARACTERS OG,tm_mgol0xhrx,22,34.4,34.375,7,7,3,3,64,"{""1"":8,""2"":7,""3"":7}","{""1"":3,""2"":16,""3"":2}","{""1"":3,""2"":16,""3"":2}","{""1"":26,""2"":12,""3"":26}",8,16,8,7,7,3,16,2,3,16,2,26,12,26,MC丨WINDIGOAT,Class 1,35,128,0,163,7.33,7.333333333333333,0,0,0
MAJOR GAMING LEAGUE TIER 1,Tier 1,3,NANAYAW,tX7GCLJJ61u8bLkRroBP,GOAT ESPORT,tm_ws9x2fl5b,21,17.5,17.5,9,9,3,3,120,"{""1"":6,""2"":5,""3"":10}","{""1"":15,""2"":4,""3"":8}","{""1"":15,""2"":4,""3"":8}","{""1"":36,""2"":35,""3"":49}",1,17,6,5,10,15,4,8,15,4,8,36,35,49,毒GOAT FAHH,Class 1,10,240,10,260,7,7,9983,3328,0
MAJOR GAMING LEAGUE TIER 1,Tier 1,3,SAMMY,CRgmZpi6YPL39TOInRBz,LEGIONARIES,tm_ffc044d9o,21,19.8,19.81132075471698,10.67,10.666666666666666,3,3,106,"{""1"":5,""2"":9,""3"":7}","{""1"":11,""2"":3,""3"":18}","{""1"":11,""2"":3,""3"":18}","{""1"":26,""2"":50,""3"":30}",2,18,5,9,7,11,3,18,11,3,18,26,50,30,LGN • SAMMY.ﻫ,Class 1,15,212,0,227,7,7,8343,2781,0
MAJOR GAMING LEAGUE TIER 1,Tier 1,3,SWAG,I0zrbJubS6A7RBMX0C3e,Narcissist,ukMz1QObm2RORWQOa9dc,21,26.9,26.923076923076923,9.67,9.666666666666666,3,3,78,"{""1"":4,""2"":6,""3"":11}","{""1"":13,""2"":5,""3"":11}","{""1"":13,""2"":5,""3"":11}","{""1"":24,""2"":25,""3"":29}",9,19,4,6,11,13,5,11,13,5,11,24,25,29,SWAG??口,Class 1,5,156,0,161,7,7,0,0,0
MAJOR GAMING LEAGUE TIER 1,Tier 1,3,SAVAGE,Hq5gw6eD9HnU8lTr2RHZ,FEARLESS WARRIORS,tm_rgqdo8wje,21,25.9,25.925925925925924,9,9,2,3,81,"{""2"":9,""3"":12}","{""2"":17,""3"":1}","{""1"":9,""2"":17,""3"":1}","{""1"":14,""2"":25,""3"":42}",4,20,,9,12,,17,1,9,17,1,14,25,42,ƑW・SAVAGEYT,Class 1,25,162,0,187,10.5,10.5,0,0,0
MAJOR GAMING LEAGUE TIER 1,Tier 1,3,IFOCUS,xinDfDfYgSEJJ54A1y30,CIAO HUNTERS X,tm_twhkzzdmf,21,32.8,32.8125,11,11,3,3,64,"{""1"":4,""2"":13,""3"":4}","{""1"":6,""2"":11,""3"":16}","{""1"":6,""2"":11,""3"":16}","{""1"":18,""2"":25,""3"":21}",12,21,4,13,4,6,11,16,6,11,16,18,25,21,IƑOCUS.CHX,Class 1,0,128,0,128,7,7,0,0,0
MAJOR GAMING LEAGUE TIER 1,Tier 1,3,GAARA,frAw1ZokwwidsPGWguSM,ENVY 7 ONE,tm_ubz3oae5j,20,27,27.027027027027028,6,6,3,3,74,"{""1"":8,""2"":10,""3"":2}","{""1"":1,""2"":10,""3"":7}","{""1"":1,""2"":10,""3"":7}","{""1"":26,""2"":25,""3"":23}",6,22,8,10,2,1,10,7,1,10,7,26,25,23,GAARA.SVN¹,Class 1,25,148,0,173,6.67,6.666666666666667,10507,3502,35.1
MAJOR GAMING LEAGUE TIER 1,Tier 1,3,FATHERALI,lQ3oUgLHQF7EsyPL3mFJ,VORTEX ONE,tm_4oss9tizq,20,25.6,25.64102564102564,11.67,11.666666666666666,3,3,78,"{""1"":2,""2"":9,""3"":9}","{""1"":19,""2"":2,""3"":14}","{""1"":19,""2"":2,""3"":14}","{""1"":3,""2"":33,""3"":42}",5,23,2,9,9,19,2,14,19,2,14,3,33,42,FATHERALI.VRX,Class 1,20,156,0,176,6.67,6.666666666666667,9686,3229,30.4
MAJOR GAMING LEAGUE TIER 1,Tier 1,3,SWAYZE,qefoLXaT9gaO2ycKQocy,Narcissist,ukMz1QObm2RORWQOa9dc,20,25.6,25.64102564102564,9.67,9.666666666666666,3,3,78,"{""1"":8,""2"":9,""3"":3}","{""1"":13,""2"":5,""3"":11}","{""1"":13,""2"":5,""3"":11}","{""1"":24,""2"":25,""3"":29}",9,24,8,9,3,13,5,11,13,5,11,24,25,29,口ISWAYZETT,Class 1,5,156,0,161,6.67,6.666666666666667,0,0,0
MAJOR GAMING LEAGUE TIER 1,Tier 1,3,ODOGWU,EL0jkB2u1HR36UhBAUWa,DEVELOPERS,tm_w0a02yn8h,19,22.6,22.61904761904762,10,10,3,3,84,"{""1"":5,""2"":5,""3"":9}","{""1"":8,""2"":7,""3"":15}","{""1"":8,""2"":7,""3"":15}","{""1"":29,""2"":26,""3"":29}",7,25,5,5,9,8,7,15,8,7,15,29,26,29,GOATED•DXV,Class 1,0,168,0,168,6.33,6.333333333333333,9990,3330,0
MAJOR GAMING LEAGUE TIER 1,Tier 1,3,LOGIC,lnr5Lq6LubQMG2xapBht,PREACHER X,tm_c0yc4xjf4,19,27.1,27.142857142857142,9,9,3,3,70,"{""1"":10,""2"":4,""3"":5}","{""1"":10,""2"":13,""3"":4}","{""1"":10,""2"":13,""3"":4}","{""1"":27,""2"":24,""3"":19}",11,26,10,4,5,10,13,4,10,13,4,27,24,19,PЯX・LOGIC,Class 1,10,140,0,150,6.33,6.333333333333333,0,0,0
MAJOR GAMING LEAGUE TIER 1,Tier 1,3,ALLFATHER,eZr86KcPlEoSTarsNbR0,SCARRED LEGION,aOLRuUnFkOKgu9xAtqHy,19,27.9,27.941176470588236,9.67,9.666666666666666,3,3,68,"{""1"":7,""2"":8,""3"":4}","{""1"":2,""2"":15,""3"":12}","{""1"":2,""2"":15,""3"":12}","{""1"":33,""2"":21,""3"":14}",10,27,7,8,4,2,15,12,2,15,12,33,21,14,^メ,Class 1,20,136,0,156,6.33,6.333333333333333,0,0,0
MAJOR GAMING LEAGUE TIER 1,Tier 1,3,APOSTLE,L1LKfVKd47rwlshv2vY1,CIAO HUNTERS X,tm_twhkzzdmf,19,29.7,29.6875,11,11,3,3,64,"{""1"":5,""2"":6,""3"":8}","{""1"":6,""2"":11,""3"":16}","{""1"":6,""2"":11,""3"":16}","{""1"":18,""2"":25,""3"":21}",12,28,5,6,8,6,11,16,6,11,16,18,25,21,CPT APYT.CHX,Class 1,0,128,0,128,6.33,6.333333333333333,0,0,0
MAJOR GAMING LEAGUE TIER 1,Tier 1,3,SUSMEDIC,qNv71p42rEEps23BrUvF,REMEDIUM INVICTUS,tm_kdh97vkx3,18,38.3,38.297872340425535,12,12,3,3,47,"{""1"":6,""2"":5,""3"":7}","{""1"":14,""2"":12,""3"":10}","{""1"":14,""2"":12,""3"":10}","{""1"":12,""2"":17,""3"":18}",14,29,6,5,7,14,12,10,14,12,10,12,17,18,水RDM・MEDIC,Class 1,0,94,0,94,6,6,0,0,0
MAJOR GAMING LEAGUE TIER 1,Tier 1,3,NAGDY,yFIWbCiDqV5ohHdVZoW9,VORTEX ONE,tm_4oss9tizq,17,21.8,21.794871794871796,11.67,11.666666666666666,3,3,78,"{""1"":0,""2"":7,""3"":10}","{""1"":19,""2"":2,""3"":14}","{""1"":19,""2"":2,""3"":14}","{""1"":3,""2"":33,""3"":42}",5,30,0,7,10,19,2,14,19,2,14,3,33,42,PYRAMID.VRX,Class 1,20,156,0,176,5.67,5.666666666666667,9376,3125,0
MAJOR GAMING LEAGUE TIER 1,Tier 1,3,SLY,j39wPvPuSoMq1TOb78Ih,SCARRED LEGION,aOLRuUnFkOKgu9xAtqHy,17,25,25,9.67,9.666666666666666,3,3,68,"{""1"":10,""2"":4,""3"":3}","{""1"":2,""2"":15,""3"":12}","{""1"":2,""2"":15,""3"":12}","{""1"":33,""2"":21,""3"":14}",10,31,10,4,3,2,15,12,2,15,12,33,21,14,メPELNEEZ,Class 1,20,136,0,156,5.67,5.666666666666667,0,0,0
MAJOR GAMING LEAGUE TIER 1,Tier 1,3,DANIEL,2hoGdFkIX9KrsMSafUIB,FEARLESS ULTIMATE,QXr3HX0HM3Rf35A0UKUN,17,37,36.95652173913043,8.67,8.666666666666666,3,3,46,"{""1"":10,""2"":5,""3"":2}","{""1"":7,""2"":14,""3"":5}","{""1"":7,""2"":14,""3"":5}","{""1"":22,""2"":11,""3"":13}",13,32,10,5,2,7,14,5,7,14,5,22,11,13,ƑW・X TA C,Class 1,5,92,0,97,5.67,5.666666666666667,0,0,0
MAJOR GAMING LEAGUE TIER 1,Tier 1,3,PAGANINI,APlTtB3VKt0P7QlbaYHA,ENVY 7 ONE,tm_ubz3oae5j,16,21.6,21.62162162162162,6,6,3,3,74,"{""1"":3,""2"":7,""3"":6}","{""1"":1,""2"":10,""3"":7}","{""1"":1,""2"":10,""3"":7}","{""1"":26,""2"":25,""3"":23}",6,33,3,7,6,1,10,7,1,10,7,26,25,23,SIX.SVN,Class 1,25,148,0,173,5.33,5.333333333333333,8997,2999,0
MAJOR GAMING LEAGUE TIER 1,Tier 1,3,MOVEMENT,zbgasCEzQ3XBmq26KwCr,DEVELOPERS,tm_w0a02yn8h,16,19,19.047619047619047,10,10,3,3,84,"{""1"":8,""2"":3,""3"":5}","{""1"":8,""2"":7,""3"":15}","{""1"":8,""2"":7,""3"":15}","{""1"":29,""2"":26,""3"":29}",7,34,8,3,5,8,7,15,8,7,15,29,26,29,MOVEMENT..DXV,Class 1,0,168,0,168,5.33,5.333333333333333,8423,2808,0
MAJOR GAMING LEAGUE TIER 1,Tier 1,3,NURUTA,UiCvqj6uu4EoGsvi2kLs,CIAO HUNTERS X,tm_twhkzzdmf,16,25,25,11,11,3,3,64,"{""1"":6,""2"":3,""3"":7}","{""1"":6,""2"":11,""3"":16}","{""1"":6,""2"":11,""3"":16}","{""1"":18,""2"":25,""3"":21}",12,35,6,3,7,6,11,16,6,11,16,18,25,21,LATINA.CHX,Class 1,0,128,0,128,5.33,5.333333333333333,0,0,0
MAJOR GAMING LEAGUE TIER 1,Tier 1,3,PHILIP MELO,gybDsWbwIY4s0wRh2Nj4,FEARLESS WARRIORS,tm_rgqdo8wje,16,19.8,19.753086419753085,9,9,3,3,81,"{""1"":1,""2"":5,""3"":10}","{""1"":9,""2"":17,""3"":1}","{""1"":9,""2"":17,""3"":1}","{""1"":14,""2"":25,""3"":42}",4,36,1,5,10,9,17,1,9,17,1,14,25,42,ƑW・MELO,Class 1,25,162,0,187,5.33,5.333333333333333,0,0,0
MAJOR GAMING LEAGUE TIER 1,Tier 1,3,LUDGER,PQAripc5A3a7tOZ5qHrY,FEARLESS WARRIORS,tm_rgqdo8wje,16,19.8,19.753086419753085,9,9,3,3,81,"{""1"":4,""2"":4,""3"":8}","{""1"":9,""2"":17,""3"":1}","{""1"":9,""2"":17,""3"":1}","{""1"":14,""2"":25,""3"":42}",4,37,4,4,8,9,17,1,9,17,1,14,25,42,ZN LUDGER・ƑW,Class 1,25,162,0,187,5.33,5.333333333333333,0,0,0
MAJOR GAMING LEAGUE TIER 1,Tier 1,3,TORUSKI,JS1VnLDlLbM6yIBFzo0u,SCARRED LEGION,aOLRuUnFkOKgu9xAtqHy,16,23.5,23.52941176470588,9.67,9.666666666666666,3,3,68,"{""1"":6,""2"":3,""3"":7}","{""1"":2,""2"":15,""3"":12}","{""1"":2,""2"":15,""3"":12}","{""1"":33,""2"":21,""3"":14}",10,38,6,3,7,2,15,12,2,15,12,33,21,14,DГ. ТОГЦメ,Class 1,20,136,0,156,5.33,5.333333333333333,0,0,0
MAJOR GAMING LEAGUE TIER 1,Tier 1,3,JOZZY,FdJ3rIlmedcTFhzRruvA,DEVELOPERS,tm_w0a02yn8h,15,17.9,17.857142857142858,10,10,3,3,84,"{""1"":3,""2"":3,""3"":9}","{""1"":8,""2"":7,""3"":15}","{""1"":8,""2"":7,""3"":15}","{""1"":29,""2"":26,""3"":29}",7,39,3,3,9,8,7,15,8,7,15,29,26,29,BLADE.DXV,Class 1,0,168,0,168,5,5,9316,3105,0
MAJOR GAMING LEAGUE TIER 1,Tier 1,3,YUSUF,qKQQ85V7nwqlL2KDXoGl,ENVY 7 ONE,tm_ubz3oae5j,15,20.3,20.27027027027027,6,6,3,3,74,"{""1"":6,""2"":3,""3"":6}","{""1"":1,""2"":10,""3"":7}","{""1"":1,""2"":10,""3"":7}","{""1"":26,""2"":25,""3"":23}",6,40,6,3,6,1,10,7,1,10,7,26,25,23,YUSUF.SVN¹,Class 1,25,148,0,173,5,5,8690,2897,30.7
MAJOR GAMING LEAGUE TIER 1,Tier 1,3,LARRYCODM,IsJGFwRijyY55ezUgJMG,VORTEX ONE,tm_4oss9tizq,15,19.2,19.230769230769234,11.67,11.666666666666666,3,3,78,"{""1"":1,""2"":5,""3"":9}","{""1"":19,""2"":2,""3"":14}","{""1"":19,""2"":2,""3"":14}","{""1"":3,""2"":33,""3"":42}",5,41,1,5,9,19,2,14,19,2,14,3,33,42,LARRY.VRX,Class 1,20,156,0,176,5,5,8241,2747,18
MAJOR GAMING LEAGUE TIER 1,Tier 1,3,SAYYID,UV54iNm4m2FaNnydcJiN,FEARLESS ULTIMATE,QXr3HX0HM3Rf35A0UKUN,15,32.6,32.608695652173914,8.67,8.666666666666666,3,3,46,"{""1"":6,""2"":3,""3"":6}","{""1"":7,""2"":14,""3"":5}","{""1"":7,""2"":14,""3"":5}","{""1"":22,""2"":11,""3"":13}",13,42,6,3,6,7,14,5,7,14,5,22,11,13,ƑW・SAYYID ঐ,Class 1,5,92,0,97,5,5,0,0,0
MAJOR GAMING LEAGUE TIER 1,Tier 1,3,TRYING,PoZ1r7UYNb4ferMN4h0R,ENVY 7 ONE,tm_ubz3oae5j,14,18.9,18.91891891891892,6,6,2,3,74,"{""1"":9,""2"":5}","{""1"":1,""2"":10}","{""1"":1,""2"":10,""3"":7}","{""1"":26,""2"":25,""3"":23}",6,43,9,5,,1,10,,1,10,7,26,25,23,TRYING.SVN,Class 1,25,148,0,173,7,7,7430,3715,23
MAJOR GAMING LEAGUE TIER 1,Tier 1,3,CHEF PUNK,1LO5N9nzQfk09XHoISVW,PREACHER X,tm_c0yc4xjf4,14,20,20,9,9,3,3,70,"{""1"":4,""2"":7,""3"":3}","{""1"":10,""2"":13,""3"":4}","{""1"":10,""2"":13,""3"":4}","{""1"":27,""2"":24,""3"":19}",11,44,4,7,3,10,13,4,10,13,4,27,24,19,PЯX・PUNK,Class 1,10,140,0,150,4.67,4.666666666666667,0,0,0
MAJOR GAMING LEAGUE TIER 1,Tier 1,3,LOVE,lEIbmv2Nb4W1hCF2WYdI,Findigo Mirage,DfsCHneTL900q2o2ZCT6,14,42.4,42.42424242424242,11.33,11.333333333333334,3,3,33,"{""1"":0,""2"":11,""3"":3}","{""1"":17,""2"":8,""3"":9}","{""1"":17,""2"":8,""3"":9}","{""1"":4,""2"":17,""3"":12}",15,45,0,11,3,17,8,9,17,8,9,4,17,12,LOVE・¹F¡,Class 1,0,66,0,66,4.67,4.666666666666667,0,0,0
MAJOR GAMING LEAGUE TIER 1,Tier 1,3,REMO,dYruCjqNO7qAYaIBjTDt,Narcissist,ukMz1QObm2RORWQOa9dc,13,16.7,16.666666666666664,9.67,9.666666666666666,3,3,78,"{""1"":5,""2"":2,""3"":6}","{""1"":13,""2"":5,""3"":11}","{""1"":13,""2"":5,""3"":11}","{""1"":24,""2"":25,""3"":29}",9,46,5,2,6,13,5,11,13,5,11,24,25,29,口RÉRÉ,Class 1,5,156,0,161,4.33,4.333333333333333,0,0,0
MAJOR GAMING LEAGUE TIER 1,Tier 1,3,RELAX OG,OKrAHDFNWaCteQUIc2bK,WICKED ENTITIES,tm_n96zqds0m,13,38.2,38.23529411764706,17,17,3,3,34,"{""1"":2,""2"":3,""3"":8}","{""1"":16,""2"":18,""3"":17}","{""1"":16,""2"":18,""3"":17}","{""1"":10,""2"":7,""3"":17}",17,47,2,3,8,16,18,17,16,18,17,10,7,17,ƐИ丨 ƦELAX,Class 1,0,68,-15,53,4.33,4.333333333333333,0,0,0
MAJOR GAMING LEAGUE TIER 1,Tier 1,3,VOID,3WyN1vbWR1bis81ApvQz,KYZON ESPORTS,tm_yvpteelv4,12,15.6,15.584415584415584,2.67,2.6666666666666665,3,3,77,"{""1"":2,""2"":6,""3"":4}","{""1"":4,""2"":1,""3"":3}","{""1"":4,""2"":1,""3"":3}","{""1"":33,""2"":27,""3"":17}",3,48,2,6,4,4,1,3,4,1,3,33,27,17,ҞZ・GOATৢঢ,Class 1,50,154,0,204,4,4,8645,2882,0
MAJOR GAMING LEAGUE TIER 1,Tier 1,3,IDIVYNE,EUVvfZ1fKDe844RVNXE2,KYZON ESPORTS,tm_yvpteelv4,12,15.6,15.584415584415584,2.67,2.6666666666666665,3,3,77,"{""1"":5,""2"":5,""3"":2}","{""1"":4,""2"":1,""3"":3}","{""1"":4,""2"":1,""3"":3}","{""1"":33,""2"":27,""3"":17}",3,49,5,5,2,4,1,3,4,1,3,33,27,17,KZ • DIVYNE,Class 1,50,154,0,204,4,4,7881,2627,0
MAJOR GAMING LEAGUE TIER 1,Tier 1,3,GREY,Wxiw1DKhlXTXvayohYTt,REMEDIUM INVICTUS,tm_kdh97vkx3,12,25.5,25.53191489361702,12,12,3,3,47,"{""1"":2,""2"":7,""3"":3}","{""1"":14,""2"":12,""3"":10}","{""1"":14,""2"":12,""3"":10}","{""1"":12,""2"":17,""3"":18}",14,50,2,7,3,14,12,10,14,12,10,12,17,18,水RDM・GREY,Class 1,0,94,0,94,4,4,0,0,0
MAJOR GAMING LEAGUE TIER 1,Tier 1,3,DAVLIEN,B11aFzLHBG1YcrCZHV68,Marines Cartel,o7Dp7knjVTxhemRjJF7R,11,50,50,13.33,13.333333333333334,3,3,22,"{""1"":1,""2"":7,""3"":3}","{""1"":12,""2"":9,""3"":19}","{""1"":12,""2"":9,""3"":19}","{""1"":2,""2"":11,""3"":9}",18,51,1,7,3,12,9,19,12,9,19,2,11,9,DAVLIEN.IN.¹LT,Class 1,0,44,0,44,3.67,3.6666666666666665,0,0,0
MAJOR GAMING LEAGUE TIER 1,Tier 1,3,SNOW,d1Yob4KUrJTjdjDvMOOk,Findigo Mirage,DfsCHneTL900q2o2ZCT6,10,30.3,30.303030303030305,11.33,11.333333333333334,3,3,33,"{""1"":2,""2"":5,""3"":3}","{""1"":17,""2"":8,""3"":9}","{""1"":17,""2"":8,""3"":9}","{""1"":4,""2"":17,""3"":12}",15,52,2,5,3,17,8,9,17,8,9,4,17,12,SNOWSZN・¹F¡,Class 1,0,66,0,66,3.33,3.3333333333333335,0,0,0
MAJOR GAMING LEAGUE TIER 1,Tier 1,3,ITACHI,8GOX41vVXHYB1HR3LSNi,WICKED ENTITIES,tm_n96zqds0m,10,29.4,29.411764705882355,17,17,3,3,34,"{""1"":4,""2"":1,""3"":5}","{""1"":16,""2"":18,""3"":17}","{""1"":16,""2"":18,""3"":17}","{""1"":10,""2"":7,""3"":17}",17,53,4,1,5,16,18,17,16,18,17,10,7,17,ƐИ丨ITACHI,Class 1,0,68,-15,53,3.33,3.3333333333333335,0,0,0
MAJOR GAMING LEAGUE TIER 1,Tier 1,3,DELETE,yXsVHpZGIDJoF3CpeME2,MAIN CHARACTERS OG,tm_mgol0xhrx,10,15.6,15.625,7,7,3,3,64,"{""1"":3,""2"":1,""3"":6}","{""1"":3,""2"":16,""3"":2}","{""1"":3,""2"":16,""3"":2}","{""1"":26,""2"":12,""3"":26}",8,54,3,1,6,3,16,2,3,16,2,26,12,26,MC丨IFɅ,Class 1,35,128,0,163,3.33,3.3333333333333335,0,0,0
MAJOR GAMING LEAGUE TIER 1,Tier 1,3,ROGUE,r7ePhyqUmojwCVE0MNwB,FEARLESS ULTIMATE,QXr3HX0HM3Rf35A0UKUN,10,21.7,21.73913043478261,8.67,8.666666666666666,3,3,46,"{""1"":4,""2"":2,""3"":4}","{""1"":7,""2"":14,""3"":5}","{""1"":7,""2"":14,""3"":5}","{""1"":22,""2"":11,""3"":13}",13,55,4,2,4,7,14,5,7,14,5,22,11,13,ƑW・ঐSHADOW,Class 1,5,92,0,97,3.33,3.3333333333333335,0,0,0
MAJOR GAMING LEAGUE TIER 1,Tier 1,3,SOG,B9K5pOOLE39QnCqnDNHY,ENVY 7 ONE,tm_ubz3oae5j,9,12.2,12.162162162162163,6,6,1,3,74,"{""3"":9}","{""3"":7}","{""1"":1,""2"":10,""3"":7}","{""1"":26,""2"":25,""3"":23}",6,56,,,9,,,7,1,10,7,26,25,23,SOG.SVN¹,Class 1,25,148,0,173,9,9,3435,3435,0
MAJOR GAMING LEAGUE TIER 1,Tier 1,3,BABYGLITCH,ZmLcnbEngSBzomLIxCGA,Kingpins,hVWczQAJ8Eqvzrp97sHO,9,31,31.03448275862069,5.67,5.666666666666667,3,3,29,"{""1"":2,""2"":4,""3"":3}","{""1"":5,""2"":6,""3"":6}","{""1"":5,""2"":6,""3"":6}","{""1"":7,""2"":15,""3"":7}",16,57,2,4,3,5,6,6,5,6,6,7,15,7,BABYGLITCH • K几,Class 1,5,58,0,63,3,3,0,0,0
MAJOR GAMING LEAGUE TIER 1,Tier 1,3,KANAKI/HYBRID,obenQLUFr5yTVY0TzxuL,Kingpins,hVWczQAJ8Eqvzrp97sHO,9,31,31.03448275862069,5.67,5.666666666666667,3,3,29,"{""1"":2,""2"":5,""3"":2}","{""1"":5,""2"":6,""3"":6}","{""1"":5,""2"":6,""3"":6}","{""1"":7,""2"":15,""3"":7}",16,58,2,5,2,5,6,6,5,6,6,7,15,7,K几・,Class 1,5,58,0,63,3,3,0,0,0
MAJOR GAMING LEAGUE TIER 1,Tier 1,3,NAGATO,4drN06J7VhcUWU1ydASK,REMEDIUM INVICTUS,tm_kdh97vkx3,9,19.1,19.148936170212767,12,12,2,3,47,"{""2"":3,""3"":6}","{""2"":12,""3"":10}","{""1"":14,""2"":12,""3"":10}","{""1"":12,""2"":17,""3"":18}",14,59,,3,6,,12,10,14,12,10,12,17,18,水RDM・ANIZ,Class 1,0,94,0,94,4.5,4.5,0,0,0
MAJOR GAMING LEAGUE TIER 1,Tier 1,3,KWEKU,S0nVxhtza8Lcoeyu4hwb,CIAO HUNTERS X,tm_twhkzzdmf,8,12.5,12.5,11,11,3,3,64,"{""1"":3,""2"":3,""3"":2}","{""1"":6,""2"":11,""3"":16}","{""1"":6,""2"":11,""3"":16}","{""1"":18,""2"":25,""3"":21}",12,60,3,3,2,6,11,16,6,11,16,18,25,21,KWEKU.CHX,Class 1,0,128,0,128,2.67,2.6666666666666665,0,0,0
MAJOR GAMING LEAGUE TIER 1,Tier 1,3,STITCH,8M0lQ0cjSeQxSfwaOqQq,Findigo Mirage,DfsCHneTL900q2o2ZCT6,8,24.2,24.242424242424242,11.33,11.333333333333334,3,3,33,"{""1"":2,""2"":1,""3"":5}","{""1"":17,""2"":8,""3"":9}","{""1"":17,""2"":8,""3"":9}","{""1"":4,""2"":17,""3"":12}",15,61,2,1,5,17,8,9,17,8,9,4,17,12,ALICIA・¹F¡,Class 1,0,66,0,66,2.67,2.6666666666666665,0,0,0
MAJOR GAMING LEAGUE TIER 1,Tier 1,3,DEMON,NiT6GePQhD8XyqSCmuMI,PREACHER X,tm_c0yc4xjf4,8,11.4,11.428571428571429,9,9,1,3,70,"{""3"":8}","{""3"":4}","{""1"":10,""2"":13,""3"":4}","{""1"":27,""2"":24,""3"":19}",11,62,,,8,,,4,10,13,4,27,24,19,PЯX・OLDMAN,Class 1,10,140,0,150,8,8,0,0,0
MAJOR GAMING LEAGUE TIER 1,Tier 1,3,JOJO,T2sK7jSZkJqKgLswvF1g,REMEDIUM INVICTUS,tm_kdh97vkx3,8,17,17.02127659574468,12,12,3,3,47,"{""1"":4,""2"":2,""3"":2}","{""1"":14,""2"":12,""3"":10}","{""1"":14,""2"":12,""3"":10}","{""1"":12,""2"":17,""3"":18}",14,63,4,2,2,14,12,10,14,12,10,12,17,18,水RDM・GADUS,Class 1,0,94,0,94,2.67,2.6666666666666665,0,0,0
MAJOR GAMING LEAGUE TIER 1,Tier 1,3,ZEKE,9WSTxWXotyu8TnpA79Eg,WICKED ENTITIES,tm_n96zqds0m,7,20.6,20.588235294117645,17,17,3,3,34,"{""1"":3,""2"":2,""3"":2}","{""1"":16,""2"":18,""3"":17}","{""1"":16,""2"":18,""3"":17}","{""1"":10,""2"":7,""3"":17}",17,64,3,2,2,16,18,17,16,18,17,10,7,17,ƐИ丨ZYT,Class 1,0,68,-15,53,2.33,2.3333333333333335,0,0,0
MAJOR GAMING LEAGUE TIER 1,Tier 1,3,YAMII,JEnWA5TkFzeJpFKvyVQA,PREACHER X,tm_c0yc4xjf4,7,10,10,9,9,2,3,70,"{""1"":4,""2"":3}","{""1"":10,""2"":13}","{""1"":10,""2"":13,""3"":4}","{""1"":27,""2"":24,""3"":19}",11,65,4,3,,10,13,,10,13,4,27,24,19,PЯX・YAMII,Class 1,10,140,0,150,3.5,3.5,0,0,0
MAJOR GAMING LEAGUE TIER 1,Tier 1,3,YACHTY,QlxRht8AflEsDsg74NSw,FAZE ICONS,62lUXdIP47pjzO65aTZm,6,40,40,17.67,17.666666666666668,3,3,15,"{""1"":0,""2"":0,""3"":6}","{""1"":20,""2"":20,""3"":13}","{""1"":20,""2"":20,""3"":13}","{""1"":0,""2"":3,""3"":12}",19,66,0,0,6,20,20,13,20,20,13,0,3,12,ҒZ YACHTY,Class 1,0,30,0,30,2,2,0,0,0
MAJOR GAMING LEAGUE TIER 1,Tier 1,3,MIDEX,B1Kj8xeiYMbthFGnQbEJ,Kingpins,hVWczQAJ8Eqvzrp97sHO,6,20.7,20.689655172413794,5.67,5.666666666666667,3,3,29,"{""1"":3,""2"":1,""3"":2}","{""1"":5,""2"":6,""3"":6}","{""1"":5,""2"":6,""3"":6}","{""1"":7,""2"":15,""3"":7}",16,67,3,1,2,5,6,6,5,6,6,7,15,7,MŁD£X++・K几,Class 1,5,58,0,63,2,2,0,0,0
MAJOR GAMING LEAGUE TIER 1,Tier 1,3,LIONFACE,PMOZmTbjtV7Jea8FMW8Y,Marines Cartel,o7Dp7knjVTxhemRjJF7R,6,27.3,27.27272727272727,13.33,13.333333333333334,3,3,22,"{""1"":0,""2"":2,""3"":4}","{""1"":12,""2"":9,""3"":19}","{""1"":12,""2"":9,""3"":19}","{""1"":2,""2"":11,""3"":9}",18,68,0,2,4,12,9,19,12,9,19,2,11,9,¹LT丨DADYLION,Class 1,0,44,0,44,2,2,0,0,0
MAJOR GAMING LEAGUE TIER 1,Tier 1,3,DESTINY,wupZDXy29wGS3iEnUF14,Kingpins,hVWczQAJ8Eqvzrp97sHO,5,17.2,17.24137931034483,5.67,5.666666666666667,3,3,29,"{""1"":0,""2"":5,""3"":0}","{""1"":5,""2"":6,""3"":6}","{""1"":5,""2"":6,""3"":6}","{""1"":7,""2"":15,""3"":7}",16,69,0,5,0,5,6,6,5,6,6,7,15,7,K几 • GODFATHER,Class 1,5,58,0,63,1.67,1.6666666666666667,0,0,0
MAJOR GAMING LEAGUE TIER 1,Tier 1,3,DAVID,jTE33p1KQlsI1B0FfmQn,ZL ESPORTS,1rBWZvmbgkMHIlWnkyfe,5,55.6,55.55555555555556,19,19,3,3,9,"{""1"":0,""2"":4,""3"":1}","{""1"":18,""2"":19,""3"":20}","{""1"":18,""2"":19,""3"":20}","{""1"":0,""2"":6,""3"":3}",20,70,0,4,1,18,19,20,18,19,20,0,6,3,ELON.ZL,Class 1,0,18,0,18,1.67,1.6666666666666667,0,0,0
MAJOR GAMING LEAGUE TIER 1,Tier 1,3,PAPA GOLIATH,Cc3MODDvaSwP1V3fppBQ,FAZE ICONS,62lUXdIP47pjzO65aTZm,5,33.3,33.33333333333333,17.67,17.666666666666668,3,3,15,"{""1"":0,""2"":2,""3"":3}","{""1"":20,""2"":20,""3"":13}","{""1"":20,""2"":20,""3"":13}","{""1"":0,""2"":3,""3"":12}",19,71,0,2,3,20,20,13,20,20,13,0,3,12,ҒZ SASSY,Class 1,0,30,0,30,1.67,1.6666666666666667,0,0,0
MAJOR GAMING LEAGUE TIER 1,Tier 1,3,BIRA,FucAwO62qzLHAImEO0VV,Marines Cartel,o7Dp7knjVTxhemRjJF7R,4,18.2,18.181818181818183,13.33,13.333333333333334,3,3,22,"{""1"":1,""2"":1,""3"":2}","{""1"":12,""2"":9,""3"":19}","{""1"":12,""2"":9,""3"":19}","{""1"":2,""2"":11,""3"":9}",18,72,1,1,2,12,9,19,12,9,19,2,11,9,BIRAYT.IN.¹LT,Class 1,0,44,0,44,1.33,1.3333333333333333,0,0,0
MAJOR GAMING LEAGUE TIER 1,Tier 1,3,FAISAL,QVO0XqhdgPakgt3SBoto,FEARLESS ULTIMATE,QXr3HX0HM3Rf35A0UKUN,4,8.7,8.695652173913043,8.67,8.666666666666666,3,3,46,"{""1"":2,""2"":1,""3"":1}","{""1"":7,""2"":14,""3"":5}","{""1"":7,""2"":14,""3"":5}","{""1"":22,""2"":11,""3"":13}",13,73,2,1,1,7,14,5,7,14,5,22,11,13,ƑW・道FAISAL,Class 1,5,92,0,97,1.33,1.3333333333333333,0,0,0
MAJOR GAMING LEAGUE TIER 1,Tier 1,3,LAYY,FNVSaoGphfbNRyR4k0W6,WICKED ENTITIES,tm_n96zqds0m,4,11.8,11.76470588235294,17,17,3,3,34,"{""1"":1,""2"":1,""3"":2}","{""1"":16,""2"":18,""3"":17}","{""1"":16,""2"":18,""3"":17}","{""1"":10,""2"":7,""3"":17}",17,74,1,1,2,16,18,17,16,18,17,10,7,17,ƐИ丨SWEET BOY,Class 1,0,68,-15,53,1.33,1.3333333333333333,0,0,0
MAJOR GAMING LEAGUE TIER 1,Tier 1,3,RETIRED,e8Z8c5IjjbrnZ6ekVpAg,SCARRED LEGION,aOLRuUnFkOKgu9xAtqHy,4,5.9,5.88235294117647,9.67,9.666666666666666,1,3,68,"{""3"":4}","{""3"":12}","{""1"":2,""2"":15,""3"":12}","{""1"":33,""2"":21,""3"":14}",10,75,,,4,,,12,2,15,12,33,21,14,GENESISメ,Class 1,20,136,0,156,4,4,0,0,0
MAJOR GAMING LEAGUE TIER 1,Tier 1,3,BIG FLEX,5QQZzouk4kWGsyu2GkaB,ZL ESPORTS,1rBWZvmbgkMHIlWnkyfe,3,33.3,33.33333333333333,19,19,2,3,9,"{""2"":1,""3"":2}","{""2"":19,""3"":20}","{""1"":18,""2"":19,""3"":20}","{""1"":0,""2"":6,""3"":3}",20,76,,1,2,,19,20,18,19,20,0,6,3,MINATO.ZL,Class 1,0,18,0,18,1.5,1.5,0,0,0
MAJOR GAMING LEAGUE TIER 1,Tier 1,3,GEHGEH IS SUS,DL1SOd3roMns9u7AR6Rq,FEARLESS WARRIORS,tm_rgqdo8wje,3,3.7,3.7037037037037033,9,9,1,3,81,"{""1"":3}","{""1"":9}","{""1"":9,""2"":17,""3"":1}","{""1"":14,""2"":25,""3"":42}",4,77,3,,,9,,,9,17,1,14,25,42,ƑW・GEHGEH,Class 1,25,162,0,187,3,3,0,0,0
MAJOR GAMING LEAGUE TIER 1,Tier 1,3,UMBRELLA,ZbDtqKyjWc2uCQ1Iu3Xg,FAZE ICONS,62lUXdIP47pjzO65aTZm,2,13.3,13.333333333333334,17.67,17.666666666666668,3,3,15,"{""1"":0,""2"":1,""3"":1}","{""1"":20,""2"":20,""3"":13}","{""1"":20,""2"":20,""3"":13}","{""1"":0,""2"":3,""3"":12}",19,78,0,1,1,20,20,13,20,20,13,0,3,12,ҒZ UMBRELLA,Class 1,0,30,0,30,0.67,0.6666666666666666,0,0,0
MAJOR GAMING LEAGUE TIER 1,Tier 1,3,DONRUSKI,e0oR3lJ4tSBFjhWWp96W,FAZE ICONS,62lUXdIP47pjzO65aTZm,2,13.3,13.333333333333334,17.67,17.666666666666668,3,3,15,"{""1"":0,""2"":0,""3"":2}","{""1"":20,""2"":20,""3"":13}","{""1"":20,""2"":20,""3"":13}","{""1"":0,""2"":3,""3"":12}",19,79,0,0,2,20,20,13,20,20,13,0,3,12,ҒZ MERC,Class 1,0,30,0,30,0.67,0.6666666666666666,0,0,0
MAJOR GAMING LEAGUE TIER 1,Tier 1,3,PERRY,UArtKsSm8JO1hOVB5ULd,Marines Cartel,o7Dp7knjVTxhemRjJF7R,1,4.5,4.545454545454546,13.33,13.333333333333334,3,3,22,"{""1"":0,""2"":1,""3"":0}","{""1"":12,""2"":9,""3"":19}","{""1"":12,""2"":9,""3"":19}","{""1"":2,""2"":11,""3"":9}",18,80,0,1,0,12,9,19,12,9,19,2,11,9,¹LT丨PARIS,Class 1,0,44,0,44,0.33,0.3333333333333333,0,0,0
MAJOR GAMING LEAGUE TIER 1,Tier 1,3,LUCIFER,kB9DXZRiMrqk7cYhc657,Findigo Mirage,DfsCHneTL900q2o2ZCT6,1,3,3.0303030303030303,11.33,11.333333333333334,3,3,33,"{""1"":0,""2"":0,""3"":1}","{""1"":17,""2"":8,""3"":9}","{""1"":17,""2"":8,""3"":9}","{""1"":4,""2"":17,""3"":12}",15,81,0,0,1,17,8,9,17,8,9,4,17,12,LUCIFER・¹F¡,Class 1,0,66,0,66,0.33,0.3333333333333333,0,0,0
MAJOR GAMING LEAGUE TIER 1,Tier 1,3,DEVIL,m7o92IDT4MdtLg9OHc1Y,ZL ESPORTS,1rBWZvmbgkMHIlWnkyfe,1,11.1,11.11111111111111,19,19,3,3,9,"{""1"":0,""2"":1,""3"":0}","{""1"":18,""2"":19,""3"":20}","{""1"":18,""2"":19,""3"":20}","{""1"":0,""2"":6,""3"":3}",20,82,0,1,0,18,19,20,18,19,20,0,6,3,AZRAEL.ZL,Class 1,0,18,0,18,0.33,0.3333333333333333,0,0,0
MAJOR GAMING LEAGUE TIER 1,Tier 1,3,POPE,EHyRjfeTvbYD9VvE9H1H,LEGIONARIES,tm_ffc044d9o,0,0,0,10.67,10.666666666666666,1,3,106,"{""1"":0}","{""1"":11}","{""1"":11,""2"":3,""3"":18}","{""1"":26,""2"":50,""3"":30}",2,83,0,,,11,,,11,3,18,26,50,30,LGN・USERX,Class 1,15,212,0,227,0,0,339,339,0
MAJOR GAMING LEAGUE TIER 1,Tier 1,3,LAZY,Tmdfj4k7UPoE2wFXGHxJ,REMEDIUM INVICTUS,tm_kdh97vkx3,0,0,0,12,12,1,3,47,"{""1"":0}","{""1"":14}","{""1"":14,""2"":12,""3"":10}","{""1"":12,""2"":17,""3"":18}",14,84,0,,,14,,,14,12,10,12,17,18,水RDM・GODS,Class 1,0,94,0,94,0,0,0,0,0
MAJOR GAMING LEAGUE TIER 1,Tier 1,4,POISON,QZIn6rAU2CGPFbGbQu4v,GOAT ESPORT,tm_ws9x2fl5b,39,28.3,28.26086956521739,4,4,3,3,138,"{""1"":12,""2"":18,""3"":9}","{""1"":7,""2"":3,""3"":2}","{""1"":7,""2"":3,""3"":2}","{""1"":42,""2"":64,""3"":32}",1,1,12,18,9,7,3,2,7,3,2,42,64,32,毒GOAT TOTO,Class 1,35,276,-10,301,13,13,13012,4337,28.3
MAJOR GAMING LEAGUE TIER 1,Tier 1,4,CHIKE,WP7wn4jjPa6n4busZVnT,GOAT ESPORT,tm_ws9x2fl5b,37,26.8,26.811594202898554,4,4,3,3,138,"{""1"":11,""2"":19,""3"":7}","{""1"":7,""2"":3,""3"":2}","{""1"":7,""2"":3,""3"":2}","{""1"":42,""2"":64,""3"":32}",1,2,11,19,7,7,3,2,7,3,2,42,64,32,毒GOAT THELMA,Class 1,35,276,-10,301,12.33,12.333333333333334,14278,4759,26.2
MAJOR GAMING LEAGUE TIER 1,Tier 1,4,APOSTLE,L1LKfVKd47rwlshv2vY1,CIAO HUNTERS X,tm_twhkzzdmf,33,37.9,37.93103448275862,3.67,3.6666666666666665,3,3,87,"{""1"":7,""2"":14,""3"":12}","{""1"":2,""2"":1,""3"":8}","{""1"":2,""2"":1,""3"":8}","{""1"":34,""2"":29,""3"":24}",2,3,7,14,12,2,1,8,2,1,8,34,29,24,CPT APYT.CHX,Class 1,45,174,0,219,11,11,0,0,0
MAJOR GAMING LEAGUE TIER 1,Tier 1,4,NANAYAW,tX7GCLJJ61u8bLkRroBP,GOAT ESPORT,tm_ws9x2fl5b,32,23.2,23.18840579710145,4,4,3,3,138,"{""1"":11,""2"":13,""3"":8}","{""1"":7,""2"":3,""3"":2}","{""1"":7,""2"":3,""3"":2}","{""1"":42,""2"":64,""3"":32}",1,4,11,13,8,7,3,2,7,3,2,42,64,32,毒GOAT FAHH,Class 1,35,276,-10,301,10.67,10.666666666666666,13926,4642,0
MAJOR GAMING LEAGUE TIER 1,Tier 1,4,NURUTA,UiCvqj6uu4EoGsvi2kLs,CIAO HUNTERS X,tm_twhkzzdmf,31,35.6,35.63218390804598,3.67,3.6666666666666665,3,3,87,"{""1"":18,""2"":7,""3"":6}","{""1"":2,""2"":1,""3"":8}","{""1"":2,""2"":1,""3"":8}","{""1"":34,""2"":29,""3"":24}",2,5,18,7,6,2,1,8,2,1,8,34,29,24,LATINA.CHX,Class 1,45,174,0,219,10.33,10.333333333333334,0,0,0
MAJOR GAMING LEAGUE TIER 1,Tier 1,4,GB CRYPTO,OxMhCUSkyAT0LrziaNDP,GOAT ESPORT,tm_ws9x2fl5b,30,21.7,21.73913043478261,4,4,3,3,138,"{""1"":8,""2"":14,""3"":8}","{""1"":7,""2"":3,""3"":2}","{""1"":7,""2"":3,""3"":2}","{""1"":42,""2"":64,""3"":32}",1,6,8,14,8,7,3,2,7,3,2,42,64,32,毒GOAT CRYPTO,Class 1,35,276,-10,301,10,10,12544,4181,28.3
MAJOR GAMING LEAGUE TIER 1,Tier 1,4,COLDSKI,ZMq7kz2SSMfPugtDW1dB,KYZON ESPORTS,tm_yvpteelv4,26,38.2,38.23529411764706,5.67,5.666666666666667,3,3,68,"{""1"":10,""2"":6,""3"":10}","{""1"":12,""2"":2,""3"":3}","{""1"":12,""2"":2,""3"":3}","{""1"":25,""2"":15,""3"":28}",4,7,10,6,10,12,2,3,12,2,3,25,15,28,ҞZ・COLDSKI,Class 1,35,136,0,171,8.67,8.666666666666666,10104,3368,35.6
MAJOR GAMING LEAGUE TIER 1,Tier 1,4,CODGOD,dqr1RKopXDu3zfgmOqcY,LEGIONARIES,tm_ffc044d9o,24,35.8,35.82089552238806,8,8,3,3,67,"{""1"":7,""2"":15,""3"":2}","{""1"":4,""2"":4,""3"":16}","{""1"":4,""2"":4,""3"":16}","{""1"":26,""2"":33,""3"":8}",5,8,7,15,2,4,4,16,4,4,16,26,33,8,LGN・CODGOD宗,Class 1,20,134,0,154,8,8,0,0,0
MAJOR GAMING LEAGUE TIER 1,Tier 1,4,NAGDY,yFIWbCiDqV5ohHdVZoW9,VORTEX ONE,tm_4oss9tizq,22,26.5,26.506024096385545,9,9,3,3,83,"{""1"":3,""2"":12,""3"":7}","{""1"":20,""2"":6,""3"":1}","{""1"":20,""2"":6,""3"":1}","{""1"":12,""2"":36,""3"":35}",3,9,3,12,7,20,6,1,20,6,1,12,36,35,PYRAMID.VRX,Class 1,25,166,0,191,7.33,7.333333333333333,10222,3407,0
MAJOR GAMING LEAGUE TIER 1,Tier 1,4,FEEZYYT,l3vxxu4J4YVLLtpydbiX,MAIN CHARACTERS OG,tm_mgol0xhrx,22,41.5,41.509433962264154,12.67,12.666666666666666,3,3,53,"{""1"":7,""2"":6,""3"":9}","{""1"":10,""2"":18,""3"":10}","{""1"":10,""2"":18,""3"":10}","{""1"":21,""2"":11,""3"":21}",11,10,7,6,9,10,18,10,10,18,10,21,11,21,FEEZYYYT丨MC,Class 1,0,106,-40,66,7.33,7.333333333333333,0,0,0
MAJOR GAMING LEAGUE TIER 1,Tier 1,4,FATHERALI,lQ3oUgLHQF7EsyPL3mFJ,VORTEX ONE,tm_4oss9tizq,21,25.3,25.301204819277107,9,9,3,3,83,"{""1"":3,""2"":5,""3"":13}","{""1"":20,""2"":6,""3"":1}","{""1"":20,""2"":6,""3"":1}","{""1"":12,""2"":36,""3"":35}",3,11,3,5,13,20,6,1,20,6,1,12,36,35,FATHERALI.VRX,Class 1,25,166,0,191,7,7,9054,3018,19.5
MAJOR GAMING LEAGUE TIER 1,Tier 1,4,SAVAGE,Hq5gw6eD9HnU8lTr2RHZ,FEARLESS WARRIORS,tm_rgqdo8wje,21,42,42,12.67,12.666666666666666,3,3,50,"{""1"":11,""2"":2,""3"":8}","{""1"":14,""2"":20,""3"":4}","{""1"":14,""2"":20,""3"":4}","{""1"":21,""2"":4,""3"":25}",7,12,11,2,8,14,20,4,14,20,4,21,4,25,ƑW・SAVAGEYT,Class 1,10,100,0,110,7,7,0,0,0
MAJOR GAMING LEAGUE TIER 1,Tier 1,4,YAGAMI,Bx7S0iZlMNevEE4eXnqz,VORTEX ONE,tm_4oss9tizq,20,24.1,24.096385542168676,9,9,3,3,83,"{""1"":2,""2"":10,""3"":8}","{""1"":20,""2"":6,""3"":1}","{""1"":20,""2"":6,""3"":1}","{""1"":12,""2"":36,""3"":35}",3,13,2,10,8,20,6,1,20,6,1,12,36,35,QTR YAGA.VRX,Class 1,25,166,0,191,6.67,6.666666666666667,10790,3597,18.4
MAJOR GAMING LEAGUE TIER 1,Tier 1,4,CODGHOST,AZdZ5MvPMJMZep4m3bBN,LEGIONARIES,tm_ffc044d9o,19,28.4,28.35820895522388,8,8,3,3,67,"{""1"":7,""2"":9,""3"":3}","{""1"":4,""2"":4,""3"":16}","{""1"":4,""2"":4,""3"":16}","{""1"":26,""2"":33,""3"":8}",5,14,7,9,3,4,4,16,4,4,16,26,33,8,LGN • CODGHOST.,Class 1,20,134,0,154,6.33,6.333333333333333,0,0,0
MAJOR GAMING LEAGUE TIER 1,Tier 1,4,DEMON,NiT6GePQhD8XyqSCmuMI,PREACHER X,tm_c0yc4xjf4,19,38,38,13.33,13.333333333333334,3,3,50,"{""1"":9,""2"":10,""3"":0}","{""1"":9,""2"":11,""3"":20}","{""1"":9,""2"":11,""3"":20}","{""1"":28,""2"":21,""3"":1}",8,15,9,10,0,9,11,20,9,11,20,28,21,1,PЯX・OLDMAN,Class 1,0,100,0,100,6.33,6.333333333333333,0,0,0
MAJOR GAMING LEAGUE TIER 1,Tier 1,4,SOG,B9K5pOOLE39QnCqnDNHY,ENVY 7 ONE,tm_ubz3oae5j,18,39.1,39.130434782608695,13.33,13.333333333333334,3,3,46,"{""1"":6,""2"":6,""3"":6}","{""1"":17,""2"":16,""3"":7}","{""1"":17,""2"":16,""3"":7}","{""1"":17,""2"":13,""3"":16}",9,16,6,6,6,17,16,7,17,16,7,17,13,16,SOG.SVN¹,Class 1,0,92,0,92,6,6,6322,2107,0
MAJOR GAMING LEAGUE TIER 1,Tier 1,4,SWAG,I0zrbJubS6A7RBMX0C3e,Narcissist,ukMz1QObm2RORWQOa9dc,18,39.1,39.130434782608695,15,15,3,3,46,"{""1"":11,""2"":7,""3"":0}","{""1"":11,""2"":15,""3"":19}","{""1"":11,""2"":15,""3"":19}","{""1"":28,""2"":14,""3"":4}",10,17,11,7,0,11,15,19,11,15,19,28,14,4,SWAG??口,Class 1,0,92,-10,82,6,6,0,0,0
MAJOR GAMING LEAGUE TIER 1,Tier 1,4,TRAUMA,mRdFfQB7p8thuw53PwWL,SCARRED LEGION,aOLRuUnFkOKgu9xAtqHy,18,39.1,39.130434782608695,10,10,3,3,46,"{""1"":4,""2"":11,""3"":3}","{""1"":16,""2"":8,""3"":6}","{""1"":16,""2"":8,""3"":6}","{""1"":12,""2"":26,""3"":8}",13,18,4,11,3,16,8,6,16,8,6,12,26,8,メ TRAUMA,Class 1,0,92,-30,62,6,6,0,0,0
MAJOR GAMING LEAGUE TIER 1,Tier 1,4,GREY,Wxiw1DKhlXTXvayohYTt,REMEDIUM INVICTUS,tm_kdh97vkx3,17,30.4,30.357142857142854,8.67,8.666666666666666,3,3,56,"{""1"":6,""2"":9,""3"":2}","{""1"":5,""2"":10,""3"":11}","{""1"":5,""2"":10,""3"":11}","{""1"":23,""2"":26,""3"":7}",6,19,6,9,2,5,10,11,5,10,11,23,26,7,水RDM・GREY,Class 1,5,112,0,117,5.67,5.666666666666667,0,0,0
MAJOR GAMING LEAGUE TIER 1,Tier 1,4,IDIVYNE,EUVvfZ1fKDe844RVNXE2,KYZON ESPORTS,tm_yvpteelv4,16,23.5,23.52941176470588,5.67,5.666666666666667,3,3,68,"{""1"":5,""2"":4,""3"":7}","{""1"":12,""2"":2,""3"":3}","{""1"":12,""2"":2,""3"":3}","{""1"":25,""2"":15,""3"":28}",4,20,5,4,7,12,2,3,12,2,3,25,15,28,KZ • DIVYNE,Class 1,35,136,0,171,5.33,5.333333333333333,7476,2492,0
MAJOR GAMING LEAGUE TIER 1,Tier 1,4,GAARA,frAw1ZokwwidsPGWguSM,ENVY 7 ONE,tm_ubz3oae5j,15,32.6,32.608695652173914,13.33,13.333333333333334,3,3,46,"{""1"":5,""2"":6,""3"":4}","{""1"":17,""2"":16,""3"":7}","{""1"":17,""2"":16,""3"":7}","{""1"":17,""2"":13,""3"":16}",9,21,5,6,4,17,16,7,17,16,7,17,13,16,GAARA.SVN¹,Class 1,0,92,0,92,5,5,6631,2210,0
MAJOR GAMING LEAGUE TIER 1,Tier 1,4,YAMII,JEnWA5TkFzeJpFKvyVQA,PREACHER X,tm_c0yc4xjf4,15,30,30,13.33,13.333333333333334,3,3,50,"{""1"":11,""2"":4,""3"":0}","{""1"":9,""2"":11,""3"":20}","{""1"":9,""2"":11,""3"":20}","{""1"":28,""2"":21,""3"":1}",8,22,11,4,0,9,11,20,9,11,20,28,21,1,PЯX・YAMII,Class 1,0,100,0,100,5,5,0,0,0
MAJOR GAMING LEAGUE TIER 1,Tier 1,4,DELETE,yXsVHpZGIDJoF3CpeME2,MAIN CHARACTERS OG,tm_mgol0xhrx,14,26.4,26.41509433962264,12.67,12.666666666666666,3,3,53,"{""1"":9,""2"":1,""3"":4}","{""1"":10,""2"":18,""3"":10}","{""1"":10,""2"":18,""3"":10}","{""1"":21,""2"":11,""3"":21}",11,23,9,1,4,10,18,10,10,18,10,21,11,21,MC丨IFɅ,Class 1,0,106,-40,66,4.67,4.666666666666667,0,0,0
MAJOR GAMING LEAGUE TIER 1,Tier 1,4,SLY,j39wPvPuSoMq1TOb78Ih,SCARRED LEGION,aOLRuUnFkOKgu9xAtqHy,14,30.4,30.434782608695656,10,10,3,3,46,"{""1"":6,""2"":6,""3"":2}","{""1"":16,""2"":8,""3"":6}","{""1"":16,""2"":8,""3"":6}","{""1"":12,""2"":26,""3"":8}",13,24,6,6,2,16,8,6,16,8,6,12,26,8,メPELNEEZ,Class 1,0,92,-30,62,4.67,4.666666666666667,0,0,0
MAJOR GAMING LEAGUE TIER 1,Tier 1,4,LAZY,Tmdfj4k7UPoE2wFXGHxJ,REMEDIUM INVICTUS,tm_kdh97vkx3,14,25,25,8.67,8.666666666666666,3,3,56,"{""1"":5,""2"":8,""3"":1}","{""1"":5,""2"":10,""3"":11}","{""1"":5,""2"":10,""3"":11}","{""1"":23,""2"":26,""3"":7}",6,25,5,8,1,5,10,11,5,10,11,23,26,7,水RDM・GODS,Class 1,5,112,0,117,4.67,4.666666666666667,0,0,0
MAJOR GAMING LEAGUE TIER 1,Tier 1,4,SAMMY,CRgmZpi6YPL39TOInRBz,LEGIONARIES,tm_ffc044d9o,14,20.9,20.8955223880597,8,8,3,3,67,"{""1"":7,""2"":5,""3"":2}","{""1"":4,""2"":4,""3"":16}","{""1"":4,""2"":4,""3"":16}","{""1"":26,""2"":33,""3"":8}",5,26,7,5,2,4,4,16,4,4,16,26,33,8,LGN • SAMMY.ﻫ,Class 1,20,134,0,154,4.67,4.666666666666667,0,0,0
MAJOR GAMING LEAGUE TIER 1,Tier 1,4,SUSMEDIC,qNv71p42rEEps23BrUvF,REMEDIUM INVICTUS,tm_kdh97vkx3,14,25,25,8.67,8.666666666666666,3,3,56,"{""1"":6,""2"":6,""3"":2}","{""1"":5,""2"":10,""3"":11}","{""1"":5,""2"":10,""3"":11}","{""1"":23,""2"":26,""3"":7}",6,27,6,6,2,5,10,11,5,10,11,23,26,7,水RDM・MEDIC,Class 1,5,112,0,117,4.67,4.666666666666667,0,0,0
MAJOR GAMING LEAGUE TIER 1,Tier 1,4,BIG FLEX,5QQZzouk4kWGsyu2GkaB,ZL ESPORTS,1rBWZvmbgkMHIlWnkyfe,14,37.8,37.83783783783784,7.33,7.333333333333333,3,3,37,"{""1"":3,""2"":5,""3"":6}","{""1"":1,""2"":7,""3"":14}","{""1"":1,""2"":7,""3"":14}","{""1"":17,""2"":13,""3"":7}",18,28,3,5,6,1,7,14,1,7,14,17,13,7,MINATO.ZL,Class 1,25,74,-100,-1,4.67,4.666666666666667,0,0,0
MAJOR GAMING LEAGUE TIER 1,Tier 1,4,LARRYCODM,IsJGFwRijyY55ezUgJMG,VORTEX ONE,tm_4oss9tizq,13,15.7,15.66265060240964,9,9,2,3,83,"{""1"":4,""2"":9}","{""1"":20,""2"":6}","{""1"":20,""2"":6,""3"":1}","{""1"":12,""2"":36,""3"":35}",3,29,4,9,,20,6,,20,6,1,12,36,35,LARRY.VRX,Class 1,25,166,0,191,6.5,6.5,5633,2817,17.7
MAJOR GAMING LEAGUE TIER 1,Tier 1,4,IFOCUS,xinDfDfYgSEJJ54A1y30,CIAO HUNTERS X,tm_twhkzzdmf,13,14.9,14.942528735632186,3.67,3.6666666666666665,3,3,87,"{""1"":5,""2"":4,""3"":4}","{""1"":2,""2"":1,""3"":8}","{""1"":2,""2"":1,""3"":8}","{""1"":34,""2"":29,""3"":24}",2,30,5,4,4,2,1,8,2,1,8,34,29,24,IƑOCUS.CHX,Class 1,45,174,0,219,4.33,4.333333333333333,0,0,0
MAJOR GAMING LEAGUE TIER 1,Tier 1,4,EM,2WNu5en2b2i2xwbwuzIV,KYZON ESPORTS,tm_yvpteelv4,12,17.6,17.647058823529413,5.67,5.666666666666667,3,3,68,"{""1"":7,""2"":1,""3"":4}","{""1"":12,""2"":2,""3"":3}","{""1"":12,""2"":2,""3"":3}","{""1"":25,""2"":15,""3"":28}",4,31,7,1,4,12,2,3,12,2,3,25,15,28,ҞZ • MMৢ,Class 1,35,136,0,171,4,4,4745,1582,0
MAJOR GAMING LEAGUE TIER 1,Tier 1,4,YOURBALLS,DEP0DMTu1Bn8IsMenRxs,Narcissist,ukMz1QObm2RORWQOa9dc,12,26.1,26.08695652173913,15,15,3,3,46,"{""1"":5,""2"":5,""3"":2}","{""1"":11,""2"":15,""3"":19}","{""1"":11,""2"":15,""3"":19}","{""1"":28,""2"":14,""3"":4}",10,32,5,5,2,11,15,19,11,15,19,28,14,4,YOURBALLS??口,Class 1,0,92,-10,82,4,4,0,0,0
MAJOR GAMING LEAGUE TIER 1,Tier 1,4,DERAZ,pPvCKKzMoO9wgFzAq0sd,DEVELOPERS,tm_w0a02yn8h,12,37.5,37.5,14.67,14.666666666666666,3,3,32,"{""1"":4,""2"":6,""3"":2}","{""1"":19,""2"":13,""3"":12}","{""1"":19,""2"":13,""3"":12}","{""1"":7,""2"":18,""3"":7}",12,33,4,6,2,19,13,12,19,13,12,7,18,7,DERAZYT.DXV,Class 1,0,64,0,64,4,4,0,0,0
MAJOR GAMING LEAGUE TIER 1,Tier 1,4,ITACHI,8GOX41vVXHYB1HR3LSNi,WICKED ENTITIES,tm_n96zqds0m,12,38.7,38.70967741935484,15,15,3,3,31,"{""1"":7,""2"":4,""3"":1}","{""1"":13,""2"":19,""3"":13}","{""1"":13,""2"":19,""3"":13}","{""1"":14,""2"":13,""3"":4}",16,34,7,4,1,13,19,13,13,19,13,14,13,4,ƐИ丨ITACHI,Class 1,0,62,-40,22,4,4,0,0,0
MAJOR GAMING LEAGUE TIER 1,Tier 1,4,TOLU MARTINS,qiDPTJl18fmW4r6n11Pr,PREACHER X,tm_c0yc4xjf4,11,22,22,13.33,13.333333333333334,3,3,50,"{""1"":6,""2"":5,""3"":0}","{""1"":9,""2"":11,""3"":20}","{""1"":9,""2"":11,""3"":20}","{""1"":28,""2"":21,""3"":1}",8,35,6,5,0,9,11,20,9,11,20,28,21,1,PЯX・MARTINS,Class 1,0,100,0,100,3.67,3.6666666666666665,0,0,0
MAJOR GAMING LEAGUE TIER 1,Tier 1,4,LIONFACE,PMOZmTbjtV7Jea8FMW8Y,Marines Cartel,o7Dp7knjVTxhemRjJF7R,11,27.5,27.500000000000004,11.33,11.333333333333334,3,3,40,"{""1"":8,""2"":3,""3"":0}","{""1"":8,""2"":17,""3"":9}","{""1"":8,""2"":17,""3"":9}","{""1"":18,""2"":15,""3"":7}",17,36,8,3,0,8,17,9,8,17,9,18,15,7,¹LT丨DADYLION,Class 1,0,80,-60,20,3.67,3.6666666666666665,0,0,0
MAJOR GAMING LEAGUE TIER 1,Tier 1,4,LUDGER,PQAripc5A3a7tOZ5qHrY,FEARLESS WARRIORS,tm_rgqdo8wje,11,22,22,12.67,12.666666666666666,3,3,50,"{""1"":7,""2"":2,""3"":2}","{""1"":14,""2"":20,""3"":4}","{""1"":14,""2"":20,""3"":4}","{""1"":21,""2"":4,""3"":25}",7,37,7,2,2,14,20,4,14,20,4,21,4,25,ZN LUDGER・ƑW,Class 1,10,100,0,110,3.67,3.6666666666666665,0,0,0
MAJOR GAMING LEAGUE TIER 1,Tier 1,4,JOJO,T2sK7jSZkJqKgLswvF1g,REMEDIUM INVICTUS,tm_kdh97vkx3,11,19.6,19.642857142857142,8.67,8.666666666666666,3,3,56,"{""1"":6,""2"":3,""3"":2}","{""1"":5,""2"":10,""3"":11}","{""1"":5,""2"":10,""3"":11}","{""1"":23,""2"":26,""3"":7}",6,38,6,3,2,5,10,11,5,10,11,23,26,7,水RDM・GADUS,Class 1,5,112,0,117,3.67,3.6666666666666665,0,0,0
MAJOR GAMING LEAGUE TIER 1,Tier 1,4,KWEKU,S0nVxhtza8Lcoeyu4hwb,CIAO HUNTERS X,tm_twhkzzdmf,10,11.5,11.494252873563218,3.67,3.6666666666666665,3,3,87,"{""1"":4,""2"":4,""3"":2}","{""1"":2,""2"":1,""3"":8}","{""1"":2,""2"":1,""3"":8}","{""1"":34,""2"":29,""3"":24}",2,39,4,4,2,2,1,8,2,1,8,34,29,24,KWEKU.CHX,Class 1,45,174,0,219,3.33,3.3333333333333335,0,0,0
MAJOR GAMING LEAGUE TIER 1,Tier 1,4,PHILIP MELO,gybDsWbwIY4s0wRh2Nj4,FEARLESS WARRIORS,tm_rgqdo8wje,10,20,20,12.67,12.666666666666666,3,3,50,"{""1"":3,""2"":0,""3"":7}","{""1"":14,""2"":20,""3"":4}","{""1"":14,""2"":20,""3"":4}","{""1"":21,""2"":4,""3"":25}",7,40,3,0,7,14,20,4,14,20,4,21,4,25,ƑW・MELO,Class 1,10,100,0,110,3.33,3.3333333333333335,0,0,0
MAJOR GAMING LEAGUE TIER 1,Tier 1,4,JOZZY,FdJ3rIlmedcTFhzRruvA,DEVELOPERS,tm_w0a02yn8h,10,31.3,31.25,14.67,14.666666666666666,3,3,32,"{""1"":2,""2"":7,""3"":1}","{""1"":19,""2"":13,""3"":12}","{""1"":19,""2"":13,""3"":12}","{""1"":7,""2"":18,""3"":7}",12,41,2,7,1,19,13,12,19,13,12,7,18,7,BLADE.DXV,Class 1,0,64,0,64,3.33,3.3333333333333335,0,0,0
MAJOR GAMING LEAGUE TIER 1,Tier 1,4,ISCO,Ju9oBCWQSs6kfDYixRZK,LEGIONARIES,tm_ffc044d9o,10,14.9,14.925373134328357,8,8,3,3,67,"{""1"":5,""2"":4,""3"":1}","{""1"":4,""2"":4,""3"":16}","{""1"":4,""2"":4,""3"":16}","{""1"":26,""2"":33,""3"":8}",5,42,5,4,1,4,4,16,4,4,16,26,33,8,ZN ISCO LGN,Class 1,20,134,0,154,3.33,3.3333333333333335,0,0,0
MAJOR GAMING LEAGUE TIER 1,Tier 1,4,SNOW,d1Yob4KUrJTjdjDvMOOk,Findigo Mirage,DfsCHneTL900q2o2ZCT6,9,47.4,47.368421052631575,11.67,11.666666666666666,3,3,19,"{""1"":6,""2"":2,""3"":1}","{""1"":6,""2"":12,""3"":17}","{""1"":6,""2"":12,""3"":17}","{""1"":9,""2"":8,""3"":2}",20,43,6,2,1,6,12,17,6,12,17,9,8,2,SNOWSZN・¹F¡,Class 1,0,38,-100,-62,3,3,0,0,0
MAJOR GAMING LEAGUE TIER 1,Tier 1,4,WINDIGO,Y3hmYqIvBg07ApvAvtRu,MAIN CHARACTERS OG,tm_mgol0xhrx,9,17,16.9811320754717,12.67,12.666666666666666,3,3,53,"{""1"":3,""2"":3,""3"":3}","{""1"":10,""2"":18,""3"":10}","{""1"":10,""2"":18,""3"":10}","{""1"":21,""2"":11,""3"":21}",11,44,3,3,3,10,18,10,10,18,10,21,11,21,MC丨WINDIGOAT,Class 1,0,106,-40,66,3,3,0,0,0
MAJOR GAMING LEAGUE TIER 1,Tier 1,4,DAVLIEN,B11aFzLHBG1YcrCZHV68,Marines Cartel,o7Dp7knjVTxhemRjJF7R,9,22.5,22.5,11.33,11.333333333333334,3,3,40,"{""1"":3,""2"":2,""3"":4}","{""1"":8,""2"":17,""3"":9}","{""1"":8,""2"":17,""3"":9}","{""1"":18,""2"":15,""3"":7}",17,45,3,2,4,8,17,9,8,17,9,18,15,7,DAVLIEN.IN.¹LT,Class 1,0,80,-60,20,3,3,0,0,0
MAJOR GAMING LEAGUE TIER 1,Tier 1,4,RETIRED,e8Z8c5IjjbrnZ6ekVpAg,SCARRED LEGION,aOLRuUnFkOKgu9xAtqHy,9,19.6,19.565217391304348,10,10,3,3,46,"{""1"":2,""2"":7,""3"":0}","{""1"":16,""2"":8,""3"":6}","{""1"":16,""2"":8,""3"":6}","{""1"":12,""2"":26,""3"":8}",13,46,2,7,0,16,8,6,16,8,6,12,26,8,GENESISメ,Class 1,0,92,-30,62,3,3,0,0,0
MAJOR GAMING LEAGUE TIER 1,Tier 1,4,DAVID,jTE33p1KQlsI1B0FfmQn,ZL ESPORTS,1rBWZvmbgkMHIlWnkyfe,9,24.3,24.324324324324326,7.33,7.333333333333333,3,3,37,"{""1"":7,""2"":2,""3"":0}","{""1"":1,""2"":7,""3"":14}","{""1"":1,""2"":7,""3"":14}","{""1"":17,""2"":13,""3"":7}",18,47,7,2,0,1,7,14,1,7,14,17,13,7,ELON.ZL,Class 1,25,74,-100,-1,3,3,0,0,0
MAJOR GAMING LEAGUE TIER 1,Tier 1,4,REMO,dYruCjqNO7qAYaIBjTDt,Narcissist,ukMz1QObm2RORWQOa9dc,9,19.6,19.565217391304348,15,15,3,3,46,"{""1"":7,""2"":1,""3"":1}","{""1"":11,""2"":15,""3"":19}","{""1"":11,""2"":15,""3"":19}","{""1"":28,""2"":14,""3"":4}",10,48,7,1,1,11,15,19,11,15,19,28,14,4,口RÉRÉ,Class 1,0,92,-10,82,3,3,0,0,0
MAJOR GAMING LEAGUE TIER 1,Tier 1,4,TRYING,PoZ1r7UYNb4ferMN4h0R,ENVY 7 ONE,tm_ubz3oae5j,8,17.4,17.391304347826086,13.33,13.333333333333334,3,3,46,"{""1"":3,""2"":0,""3"":5}","{""1"":17,""2"":16,""3"":7}","{""1"":17,""2"":16,""3"":7}","{""1"":17,""2"":13,""3"":16}",9,49,3,0,5,17,16,7,17,16,7,17,13,16,TRYING.SVN,Class 1,0,92,0,92,2.67,2.6666666666666665,5314,1771,25.8
MAJOR GAMING LEAGUE TIER 1,Tier 1,4,LOVE,lEIbmv2Nb4W1hCF2WYdI,Findigo Mirage,DfsCHneTL900q2o2ZCT6,8,42.1,42.10526315789473,11.67,11.666666666666666,3,3,19,"{""1"":3,""2"":5,""3"":0}","{""1"":6,""2"":12,""3"":17}","{""1"":6,""2"":12,""3"":17}","{""1"":9,""2"":8,""3"":2}",20,50,3,5,0,6,12,17,6,12,17,9,8,2,LOVE・¹F¡,Class 1,0,38,-100,-62,2.67,2.6666666666666665,0,0,0
MAJOR GAMING LEAGUE TIER 1,Tier 1,4,MAUS,kUOdoGK7ff8eYeZgwvXq,FEARLESS WARRIORS,tm_rgqdo8wje,8,16,16,12.67,12.666666666666666,3,3,50,"{""1"":0,""2"":0,""3"":8}","{""1"":14,""2"":20,""3"":4}","{""1"":14,""2"":20,""3"":4}","{""1"":21,""2"":4,""3"":25}",7,51,0,0,8,14,20,4,14,20,4,21,4,25,ƑW・MAUS,Class 1,10,100,0,110,2.67,2.6666666666666665,0,0,0
MAJOR GAMING LEAGUE TIER 1,Tier 1,4,RELAX OG,OKrAHDFNWaCteQUIc2bK,WICKED ENTITIES,tm_n96zqds0m,8,25.8,25.806451612903224,15,15,3,3,31,"{""1"":5,""2"":3,""3"":0}","{""1"":13,""2"":19,""3"":13}","{""1"":13,""2"":19,""3"":13}","{""1"":14,""2"":13,""3"":4}",16,52,5,3,0,13,19,13,13,19,13,14,13,4,ƐИ丨 ƦELAX,Class 1,0,62,-40,22,2.67,2.6666666666666665,0,0,0
MAJOR GAMING LEAGUE TIER 1,Tier 1,4,CRAY,BiGMSgAzFeFwlhKC889D,FAZE ICONS,62lUXdIP47pjzO65aTZm,8,32,32,12.67,12.666666666666666,3,3,25,"{""1"":6,""2"":1,""3"":1}","{""1"":15,""2"":5,""3"":18}","{""1"":15,""2"":5,""3"":18}","{""1"":14,""2"":8,""3"":3}",15,53,6,1,1,15,5,18,15,5,18,14,8,3,ҒZ CRAY,Class 1,5,50,-10,45,2.67,2.6666666666666665,0,0,0
MAJOR GAMING LEAGUE TIER 1,Tier 1,4,PANIKA,w7l460tngtU3MfSjy7L4,MAIN CHARACTERS OG,tm_mgol0xhrx,8,15.1,15.09433962264151,12.67,12.666666666666666,3,3,53,"{""1"":2,""2"":1,""3"":5}","{""1"":10,""2"":18,""3"":10}","{""1"":10,""2"":18,""3"":10}","{""1"":21,""2"":11,""3"":21}",11,54,2,1,5,10,18,10,10,18,10,21,11,21,メՄՆ・PANIKMC,Class 1,0,106,-40,66,2.67,2.6666666666666665,0,0,0
MAJOR GAMING LEAGUE TIER 1,Tier 1,4,DONRUSKI,e0oR3lJ4tSBFjhWWp96W,FAZE ICONS,62lUXdIP47pjzO65aTZm,8,32,32,12.67,12.666666666666666,3,3,25,"{""1"":4,""2"":3,""3"":1}","{""1"":15,""2"":5,""3"":18}","{""1"":15,""2"":5,""3"":18}","{""1"":14,""2"":8,""3"":3}",15,55,4,3,1,15,5,18,15,5,18,14,8,3,ҒZ MERC,Class 1,5,50,-10,45,2.67,2.6666666666666665,0,0,0
MAJOR GAMING LEAGUE TIER 1,Tier 1,4,BENNY,UeOSx2Z4aI7DuWJCrD2e,ZL ESPORTS,1rBWZvmbgkMHIlWnkyfe,8,21.6,21.62162162162162,7.33,7.333333333333333,3,3,37,"{""1"":2,""2"":5,""3"":1}","{""1"":1,""2"":7,""3"":14}","{""1"":1,""2"":7,""3"":14}","{""1"":17,""2"":13,""3"":7}",18,56,2,5,1,1,7,14,1,7,14,17,13,7,JESUS. ZL,Class 1,25,74,-100,-1,2.67,2.6666666666666665,0,0,0
MAJOR GAMING LEAGUE TIER 1,Tier 1,4,LOLA,sZ7ewEW2enuGnmsghNYY,KYZON ESPORTS,tm_yvpteelv4,7,10.3,10.294117647058822,5.67,5.666666666666667,1,3,68,"{""3"":7}","{""3"":3}","{""1"":12,""2"":2,""3"":3}","{""1"":25,""2"":15,""3"":28}",4,57,,,7,,,3,12,2,3,25,15,28,ҞZ • BALDOG,Class 1,35,136,0,171,7,7,3144,3144,0
MAJOR GAMING LEAGUE TIER 1,Tier 1,4,STALKER,fLonAcil1vpsdmMvcMTT,VORTEX ONE,tm_4oss9tizq,7,8.4,8.433734939759036,9,9,1,3,83,"{""3"":7}","{""3"":1}","{""1"":20,""2"":6,""3"":1}","{""1"":12,""2"":36,""3"":35}",3,58,,,7,,,1,20,6,1,12,36,35,STALKER.VRX,Class 1,25,166,0,191,7,7,3080,3080,0
MAJOR GAMING LEAGUE TIER 1,Tier 1,4,VOID,3WyN1vbWR1bis81ApvQz,KYZON ESPORTS,tm_yvpteelv4,7,10.3,10.294117647058822,5.67,5.666666666666667,2,3,68,"{""1"":3,""2"":4}","{""1"":12,""2"":2}","{""1"":12,""2"":2,""3"":3}","{""1"":25,""2"":15,""3"":28}",4,59,3,4,,12,2,,12,2,3,25,15,28,ҞZ・GOATৢঢ,Class 1,35,136,0,171,3.5,3.5,3669,1835,0
MAJOR GAMING LEAGUE TIER 1,Tier 1,4,SWAYZE,qefoLXaT9gaO2ycKQocy,Narcissist,ukMz1QObm2RORWQOa9dc,7,15.2,15.217391304347828,15,15,3,3,46,"{""1"":5,""2"":1,""3"":1}","{""1"":11,""2"":15,""3"":19}","{""1"":11,""2"":15,""3"":19}","{""1"":28,""2"":14,""3"":4}",10,60,5,1,1,11,15,19,11,15,19,28,14,4,口ISWAYZETT,Class 1,0,92,-10,82,2.33,2.3333333333333335,0,0,0
MAJOR GAMING LEAGUE TIER 1,Tier 1,4,KENOBI,pELJbpvr5LDNa3FC6EzA,WICKED ENTITIES,tm_n96zqds0m,6,19.4,19.35483870967742,15,15,2,3,31,"{""2"":5,""3"":1}","{""2"":19,""3"":13}","{""1"":13,""2"":19,""3"":13}","{""1"":14,""2"":13,""3"":4}",16,61,,5,1,,19,13,13,19,13,14,13,4,ƐИ丨ALBOZ,Class 1,0,62,-40,22,3,3,0,0,0
MAJOR GAMING LEAGUE TIER 1,Tier 1,4,DEVIL,m7o92IDT4MdtLg9OHc1Y,ZL ESPORTS,1rBWZvmbgkMHIlWnkyfe,6,16.2,16.216216216216218,7.33,7.333333333333333,3,3,37,"{""1"":5,""2"":1,""3"":0}","{""1"":1,""2"":7,""3"":14}","{""1"":1,""2"":7,""3"":14}","{""1"":17,""2"":13,""3"":7}",18,62,5,1,0,1,7,14,1,7,14,17,13,7,AZRAEL.ZL,Class 1,25,74,-100,-1,2,2,0,0,0
MAJOR GAMING LEAGUE TIER 1,Tier 1,4,YUSUF,qKQQ85V7nwqlL2KDXoGl,ENVY 7 ONE,tm_ubz3oae5j,5,10.9,10.869565217391305,13.33,13.333333333333334,3,3,46,"{""1"":3,""2"":1,""3"":1}","{""1"":17,""2"":16,""3"":7}","{""1"":17,""2"":16,""3"":7}","{""1"":17,""2"":13,""3"":16}",9,63,3,1,1,17,16,7,17,16,7,17,13,16,YUSUF.SVN¹,Class 1,0,92,0,92,1.67,1.6666666666666667,3681,1227,24.8
MAJOR GAMING LEAGUE TIER 1,Tier 1,4,MIDEX,B1Kj8xeiYMbthFGnQbEJ,Kingpins,hVWczQAJ8Eqvzrp97sHO,5,29.4,29.411764705882355,5.67,5.666666666666667,2,3,17,"{""2"":1,""3"":4}","{""2"":9,""3"":5}","{""1"":3,""2"":9,""3"":5}","{""1"":6,""2"":4,""3"":7}",14,64,,1,4,,9,5,3,9,5,6,4,7,MŁD£X++・K几,Class 1,20,34,0,54,2.5,2.5,0,0,0
MAJOR GAMING LEAGUE TIER 1,Tier 1,4,ALLFATHER,eZr86KcPlEoSTarsNbR0,SCARRED LEGION,aOLRuUnFkOKgu9xAtqHy,5,10.9,10.869565217391305,10,10,3,3,46,"{""1"":0,""2"":2,""3"":3}","{""1"":16,""2"":8,""3"":6}","{""1"":16,""2"":8,""3"":6}","{""1"":12,""2"":26,""3"":8}",13,65,0,2,3,16,8,6,16,8,6,12,26,8,^メ,Class 1,0,92,-30,62,1.67,1.6666666666666667,0,0,0
MAJOR GAMING LEAGUE TIER 1,Tier 1,4,MOVEMENT,zbgasCEzQ3XBmq26KwCr,DEVELOPERS,tm_w0a02yn8h,5,15.6,15.625,14.67,14.666666666666666,3,3,32,"{""1"":1,""2"":2,""3"":2}","{""1"":19,""2"":13,""3"":12}","{""1"":19,""2"":13,""3"":12}","{""1"":7,""2"":18,""3"":7}",12,66,1,2,2,19,13,12,19,13,12,7,18,7,MOVEMENT..DXV,Class 1,0,64,0,64,1.67,1.6666666666666667,0,0,0
MAJOR GAMING LEAGUE TIER 1,Tier 1,4,MR P,kl2hoTAKjBPgfOMMvkKH,DEVELOPERS,tm_w0a02yn8h,5,15.6,15.625,14.67,14.666666666666666,3,3,32,"{""1"":0,""2"":3,""3"":2}","{""1"":19,""2"":13,""3"":12}","{""1"":19,""2"":13,""3"":12}","{""1"":7,""2"":18,""3"":7}",12,67,0,3,2,19,13,12,19,13,12,7,18,7,MR P.DXV,Class 1,0,64,0,64,1.67,1.6666666666666667,0,0,0
MAJOR GAMING LEAGUE TIER 1,Tier 1,4,DANIEL,2hoGdFkIX9KrsMSafUIB,FEARLESS ULTIMATE,QXr3HX0HM3Rf35A0UKUN,5,55.6,55.55555555555556,15.67,15.666666666666666,3,3,9,"{""1"":0,""2"":5,""3"":0}","{""1"":18,""2"":14,""3"":15}","{""1"":18,""2"":14,""3"":15}","{""1"":0,""2"":6,""3"":3}",19,68,0,5,0,18,14,15,18,14,15,0,6,3,ƑW・X TA C,Class 1,0,18,-30,-12,1.67,1.6666666666666667,0,0,0
MAJOR GAMING LEAGUE TIER 1,Tier 1,4,ZEKE,9WSTxWXotyu8TnpA79Eg,WICKED ENTITIES,tm_n96zqds0m,5,16.1,16.129032258064516,15,15,3,3,31,"{""1"":2,""2"":1,""3"":2}","{""1"":13,""2"":19,""3"":13}","{""1"":13,""2"":19,""3"":13}","{""1"":14,""2"":13,""3"":4}",16,69,2,1,2,13,19,13,13,19,13,14,13,4,ƐИ丨ZYT,Class 1,0,62,-40,22,1.67,1.6666666666666667,0,0,0
MAJOR GAMING LEAGUE TIER 1,Tier 1,4,TORUSKI,JS1VnLDlLbM6yIBFzo0u,SCARRED LEGION,aOLRuUnFkOKgu9xAtqHy,4,8.7,8.695652173913043,10,10,3,3,46,"{""1"":0,""2"":3,""3"":1}","{""1"":16,""2"":8,""3"":6}","{""1"":16,""2"":8,""3"":6}","{""1"":12,""2"":26,""3"":8}",13,70,0,3,1,16,8,6,16,8,6,12,26,8,DГ. ТОГЦメ,Class 1,0,92,-30,62,1.33,1.3333333333333333,0,0,0
MAJOR GAMING LEAGUE TIER 1,Tier 1,4,CHEF PUNK,1LO5N9nzQfk09XHoISVW,PREACHER X,tm_c0yc4xjf4,4,8,8,13.33,13.333333333333334,2,3,50,"{""1"":2,""2"":2}","{""1"":9,""2"":11}","{""1"":9,""2"":11,""3"":20}","{""1"":28,""2"":21,""3"":1}",8,71,2,2,,9,11,,9,11,20,28,21,1,PЯX・PUNK,Class 1,0,100,0,100,2,2,0,0,0
MAJOR GAMING LEAGUE TIER 1,Tier 1,4,BABYGLITCH,ZmLcnbEngSBzomLIxCGA,Kingpins,hVWczQAJ8Eqvzrp97sHO,4,23.5,23.52941176470588,5.67,5.666666666666667,3,3,17,"{""1"":2,""2"":1,""3"":1}","{""1"":3,""2"":9,""3"":5}","{""1"":3,""2"":9,""3"":5}","{""1"":6,""2"":4,""3"":7}",14,72,2,1,1,3,9,5,3,9,5,6,4,7,BABYGLITCH • K几,Class 1,20,34,0,54,1.33,1.3333333333333333,0,0,0
MAJOR GAMING LEAGUE TIER 1,Tier 1,4,UMBRELLA,ZbDtqKyjWc2uCQ1Iu3Xg,FAZE ICONS,62lUXdIP47pjzO65aTZm,3,12,12,12.67,12.666666666666666,3,3,25,"{""1"":0,""2"":3,""3"":0}","{""1"":15,""2"":5,""3"":18}","{""1"":15,""2"":5,""3"":18}","{""1"":14,""2"":8,""3"":3}",15,73,0,3,0,15,5,18,15,5,18,14,8,3,ҒZ UMBRELLA,Class 1,5,50,-10,45,1,1,0,0,0
MAJOR GAMING LEAGUE TIER 1,Tier 1,4,ROGUE,r7ePhyqUmojwCVE0MNwB,FEARLESS ULTIMATE,QXr3HX0HM3Rf35A0UKUN,3,33.3,33.33333333333333,15.67,15.666666666666666,3,3,9,"{""1"":0,""2"":0,""3"":3}","{""1"":18,""2"":14,""3"":15}","{""1"":18,""2"":14,""3"":15}","{""1"":0,""2"":6,""3"":3}",19,74,0,0,3,18,14,15,18,14,15,0,6,3,ƑW・ঐSHADOW,Class 1,0,18,-30,-12,1,1,0,0,0
MAJOR GAMING LEAGUE TIER 1,Tier 1,4,MOON,rS33lQiCN46PKYQTcxHR,Kingpins,hVWczQAJ8Eqvzrp97sHO,3,17.6,17.647058823529413,5.67,5.666666666666667,3,3,17,"{""1"":1,""2"":2,""3"":0}","{""1"":3,""2"":9,""3"":5}","{""1"":3,""2"":9,""3"":5}","{""1"":6,""2"":4,""3"":7}",14,75,1,2,0,3,9,5,3,9,5,6,4,7,K几 • SCARYDAD,Class 1,20,34,0,54,1,1,0,0,0
MAJOR GAMING LEAGUE TIER 1,Tier 1,4,DESTINY,wupZDXy29wGS3iEnUF14,Kingpins,hVWczQAJ8Eqvzrp97sHO,3,17.6,17.647058823529413,5.67,5.666666666666667,3,3,17,"{""1"":1,""2"":0,""3"":2}","{""1"":3,""2"":9,""3"":5}","{""1"":3,""2"":9,""3"":5}","{""1"":6,""2"":4,""3"":7}",14,76,1,0,2,3,9,5,3,9,5,6,4,7,K几 • GODFATHER,Class 1,20,34,0,54,1,1,0,0,0
MAJOR GAMING LEAGUE TIER 1,Tier 1,4,MISTER,OT3OYiHhLhCCGE6fPU7c,Findigo Mirage,DfsCHneTL900q2o2ZCT6,2,10.5,10.526315789473683,11.67,11.666666666666666,3,3,19,"{""1"":0,""2"":1,""3"":1}","{""1"":6,""2"":12,""3"":17}","{""1"":6,""2"":12,""3"":17}","{""1"":9,""2"":8,""3"":2}",20,77,0,1,1,6,12,17,6,12,17,9,8,2,*MISTER・¹F¡,Class 1,0,38,-100,-62,0.67,0.6666666666666666,0,0,0
MAJOR GAMING LEAGUE TIER 1,Tier 1,4,KANAKI/HYBRID,obenQLUFr5yTVY0TzxuL,Kingpins,hVWczQAJ8Eqvzrp97sHO,2,11.8,11.76470588235294,5.67,5.666666666666667,1,3,17,"{""1"":2}","{""1"":3}","{""1"":3,""2"":9,""3"":5}","{""1"":6,""2"":4,""3"":7}",14,78,2,,,3,,,3,9,5,6,4,7,K几・,Class 1,20,34,0,54,2,2,0,0,0
MAJOR GAMING LEAGUE TIER 1,Tier 1,4,TOM,hxHrnWldh81VX3Ygl3kw,PREACHER X,tm_c0yc4xjf4,1,2,2,13.33,13.333333333333334,1,3,50,"{""3"":1}","{""3"":20}","{""1"":9,""2"":11,""3"":20}","{""1"":28,""2"":21,""3"":1}",8,79,,,1,,,20,9,11,20,28,21,1,PЯX・OG TOM,Class 1,0,100,0,100,1,1,0,0,0
MAJOR GAMING LEAGUE TIER 1,Tier 1,4,SAYYID,UV54iNm4m2FaNnydcJiN,FEARLESS ULTIMATE,QXr3HX0HM3Rf35A0UKUN,1,11.1,11.11111111111111,15.67,15.666666666666666,3,3,9,"{""1"":0,""2"":1,""3"":0}","{""1"":18,""2"":14,""3"":15}","{""1"":18,""2"":14,""3"":15}","{""1"":0,""2"":6,""3"":3}",19,80,0,1,0,18,14,15,18,14,15,0,6,3,ƑW・SAYYID ঐ,Class 1,0,18,-30,-12,0.33,0.3333333333333333,0,0,0
MAJOR GAMING LEAGUE TIER 1,Tier 1,4,YACHTY,QlxRht8AflEsDsg74NSw,FAZE ICONS,62lUXdIP47pjzO65aTZm,1,4,4,12.67,12.666666666666666,1,3,25,"{""3"":1}","{""3"":18}","{""1"":15,""2"":5,""3"":18}","{""1"":14,""2"":8,""3"":3}",15,81,,,1,,,18,15,5,18,14,8,3,ҒZ YACHTY,Class 1,5,50,-10,45,1,1,0,0,0
MAJOR GAMING LEAGUE TIER 1,Tier 1,4,GEHGEH IS SUS,DL1SOd3roMns9u7AR6Rq,FEARLESS WARRIORS,tm_rgqdo8wje,0,0,0,12.67,12.666666666666666,1,3,50,"{""1"":0}","{""1"":14}","{""1"":14,""2"":20,""3"":4}","{""1"":21,""2"":4,""3"":25}",7,82,0,,,14,,,14,20,4,21,4,25,ƑW・GEHGEH,Class 1,10,100,0,110,0,0,0,0,0
MAJOR GAMING LEAGUE TIER 1,Tier 1,4,LAYY,FNVSaoGphfbNRyR4k0W6,WICKED ENTITIES,tm_n96zqds0m,0,0,0,15,15,1,3,31,"{""1"":0}","{""1"":13}","{""1"":13,""2"":19,""3"":13}","{""1"":14,""2"":13,""3"":4}",16,83,0,,,13,,,13,19,13,14,13,4,ƐИ丨SWEET BOY,Class 1,0,62,-40,22,0,0,0,0,0
MAJOR GAMING LEAGUE TIER 1,Tier 1,5,LAZY,Tmdfj4k7UPoE2wFXGHxJ,REMEDIUM INVICTUS,tm_kdh97vkx3,39,41.1,41.05263157894737,5.67,5.666666666666667,3,3,95,"{""1"":13,""2"":10,""3"":16}","{""1"":4,""2"":8,""3"":5}","{""1"":4,""2"":8,""3"":5}","{""1"":35,""2"":25,""3"":35}",4,1,13,10,16,4,8,5,4,8,5,35,25,35,水RDM・GODS,Class 1,15,190,0,205,13,13,16669,5556,29.5
MAJOR GAMING LEAGUE TIER 1,Tier 1,5,LARRYCODM,IsJGFwRijyY55ezUgJMG,VORTEX ONE,tm_4oss9tizq,36,31.9,31.858407079646017,2,2,3,3,113,"{""1"":10,""2"":12,""3"":14}","{""1"":3,""2"":1,""3"":2}","{""1"":3,""2"":1,""3"":2}","{""1"":38,""2"":40,""3"":35}",1,2,10,12,14,3,1,2,3,1,2,38,40,35,LARRY.VRX,Class 1,60,226,0,286,12,12,14678,4893,19.5
MAJOR GAMING LEAGUE TIER 1,Tier 1,5,POISON,QZIn6rAU2CGPFbGbQu4v,GOAT ESPORT,tm_ws9x2fl5b,30,34.5,34.48275862068966,6.33,6.333333333333333,3,3,87,"{""1"":9,""2"":6,""3"":15}","{""1"":1,""2"":14,""3"":4}","{""1"":1,""2"":14,""3"":4}","{""1"":32,""2"":16,""3"":39}",3,3,9,6,15,1,14,4,1,14,4,32,16,39,毒GOAT TOTO,Class 1,35,174,0,209,10,10,10916,3639,28.5
MAJOR GAMING LEAGUE TIER 1,Tier 1,5,YAGAMI,Bx7S0iZlMNevEE4eXnqz,VORTEX ONE,tm_4oss9tizq,29,25.7,25.663716814159294,2,2,3,3,113,"{""1"":11,""2"":10,""3"":8}","{""1"":3,""2"":1,""3"":2}","{""1"":3,""2"":1,""3"":2}","{""1"":38,""2"":40,""3"":35}",1,4,11,10,8,3,1,2,3,1,2,38,40,35,QTR YAGA.VRX,Class 1,60,226,0,286,9.67,9.666666666666666,10384,3461,18.5
MAJOR GAMING LEAGUE TIER 1,Tier 1,5,CODGOD,dqr1RKopXDu3zfgmOqcY,LEGIONARIES,tm_ffc044d9o,29,42.6,42.64705882352941,13.33,13.333333333333334,3,3,68,"{""1"":14,""2"":3,""3"":12}","{""1"":13,""2"":17,""3"":10}","{""1"":13,""2"":17,""3"":10}","{""1"":31,""2"":8,""3"":29}",8,5,14,3,12,13,17,10,13,17,10,31,8,29,LGN・CODGOD宗,Class 1,0,136,0,136,9.67,9.666666666666666,10077,3359,35.3
MAJOR GAMING LEAGUE TIER 1,Tier 1,5,FATHERALI,lQ3oUgLHQF7EsyPL3mFJ,VORTEX ONE,tm_4oss9tizq,28,24.8,24.778761061946902,2,2,3,3,113,"{""1"":9,""2"":11,""3"":8}","{""1"":3,""2"":1,""3"":2}","{""1"":3,""2"":1,""3"":2}","{""1"":38,""2"":40,""3"":35}",1,6,9,11,8,3,1,2,3,1,2,38,40,35,FATHERALI.VRX,Class 1,60,226,0,286,9.33,9.333333333333334,13951,4650,14.9
MAJOR GAMING LEAGUE TIER 1,Tier 1,5,PAGANINI,APlTtB3VKt0P7QlbaYHA,ENVY 7 ONE,tm_ubz3oae5j,28,30.4,30.434782608695656,7,7,3,3,92,"{""1"":10,""2"":10,""3"":8}","{""1"":5,""2"":9,""3"":7}","{""1"":5,""2"":9,""3"":7}","{""1"":30,""2"":26,""3"":36}",5,7,10,10,8,5,9,7,5,9,7,30,26,36,SIX.SVN,Class 1,5,184,0,189,9.33,9.333333333333334,10343,3448,0
MAJOR GAMING LEAGUE TIER 1,Tier 1,5,MOVEMENT,zbgasCEzQ3XBmq26KwCr,DEVELOPERS,tm_w0a02yn8h,28,27.5,27.450980392156865,8.33,8.333333333333334,3,3,102,"{""1"":10,""2"":8,""3"":10}","{""1"":9,""2"":4,""3"":12}","{""1"":9,""2"":4,""3"":12}","{""1"":29,""2"":42,""3"":31}",2,8,10,8,10,9,4,12,9,4,12,29,42,31,MOVEMENT..DXV,Class 1,10,204,0,214,9.33,9.333333333333334,0,0,0
MAJOR GAMING LEAGUE TIER 1,Tier 1,5,ODOGWU,EL0jkB2u1HR36UhBAUWa,DEVELOPERS,tm_w0a02yn8h,27,26.5,26.47058823529412,8.33,8.333333333333334,3,3,102,"{""1"":7,""2"":12,""3"":8}","{""1"":9,""2"":4,""3"":12}","{""1"":9,""2"":4,""3"":12}","{""1"":29,""2"":42,""3"":31}",2,9,7,12,8,9,4,12,9,4,12,29,42,31,GOATED•DXV,Class 1,10,204,0,214,9,9,0,0,0
MAJOR GAMING LEAGUE TIER 1,Tier 1,5,SOG,B9K5pOOLE39QnCqnDNHY,ENVY 7 ONE,tm_ubz3oae5j,25,27.2,27.173913043478258,7,7,3,3,92,"{""1"":7,""2"":6,""3"":12}","{""1"":5,""2"":9,""3"":7}","{""1"":5,""2"":9,""3"":7}","{""1"":30,""2"":26,""3"":36}",5,10,7,6,12,5,9,7,5,9,7,30,26,36,SOG.SVN¹,Class 1,5,184,0,189,8.33,8.333333333333334,10762,3587,0
MAJOR GAMING LEAGUE TIER 1,Tier 1,5,COLDSKI,ZMq7kz2SSMfPugtDW1dB,KYZON ESPORTS,tm_yvpteelv4,24,31.2,31.16883116883117,11.33,11.333333333333334,3,3,77,"{""1"":13,""2"":4,""3"":7}","{""1"":10,""2"":15,""3"":9}","{""1"":10,""2"":15,""3"":9}","{""1"":40,""2"":13,""3"":24}",7,11,13,4,7,10,15,9,10,15,9,40,13,24,ҞZ・COLDSKI,Class 1,0,154,0,154,8,8,11979,3993,25.4
MAJOR GAMING LEAGUE TIER 1,Tier 1,5,GREY,Wxiw1DKhlXTXvayohYTt,REMEDIUM INVICTUS,tm_kdh97vkx3,24,25.3,25.263157894736842,5.67,5.666666666666667,3,3,95,"{""1"":9,""2"":6,""3"":9}","{""1"":4,""2"":8,""3"":5}","{""1"":4,""2"":8,""3"":5}","{""1"":35,""2"":25,""3"":35}",4,12,9,6,9,4,8,5,4,8,5,35,25,35,水RDM・GREY,Class 1,15,190,0,205,8,8,9656,3219,0
MAJOR GAMING LEAGUE TIER 1,Tier 1,5,IDIVYNE,EUVvfZ1fKDe844RVNXE2,KYZON ESPORTS,tm_yvpteelv4,24,31.2,31.16883116883117,11.33,11.333333333333334,3,3,77,"{""1"":7,""2"":7,""3"":10}","{""1"":10,""2"":15,""3"":9}","{""1"":10,""2"":15,""3"":9}","{""1"":40,""2"":13,""3"":24}",7,13,7,7,10,10,15,9,10,15,9,40,13,24,KZ • DIVYNE,Class 1,0,154,0,154,8,8,8915,2972,0
MAJOR GAMING LEAGUE TIER 1,Tier 1,5,DERAZ,pPvCKKzMoO9wgFzAq0sd,DEVELOPERS,tm_w0a02yn8h,24,23.5,23.52941176470588,8.33,8.333333333333334,3,3,102,"{""1"":6,""2"":12,""3"":6}","{""1"":9,""2"":4,""3"":12}","{""1"":9,""2"":4,""3"":12}","{""1"":29,""2"":42,""3"":31}",2,14,6,12,6,9,4,12,9,4,12,29,42,31,DERAZYT.DXV,Class 1,10,204,0,214,8,8,0,0,0
MAJOR GAMING LEAGUE TIER 1,Tier 1,5,GAARA,frAw1ZokwwidsPGWguSM,ENVY 7 ONE,tm_ubz3oae5j,23,25,25,7,7,3,3,92,"{""1"":8,""2"":6,""3"":9}","{""1"":5,""2"":9,""3"":7}","{""1"":5,""2"":9,""3"":7}","{""1"":30,""2"":26,""3"":36}",5,15,8,6,9,5,9,7,5,9,7,30,26,36,GAARA.SVN¹,Class 1,5,184,0,189,7.67,7.666666666666667,8979,2993,23.6
MAJOR GAMING LEAGUE TIER 1,Tier 1,5,JOZZY,FdJ3rIlmedcTFhzRruvA,DEVELOPERS,tm_w0a02yn8h,23,22.5,22.54901960784314,8.33,8.333333333333334,3,3,102,"{""1"":6,""2"":10,""3"":7}","{""1"":9,""2"":4,""3"":12}","{""1"":9,""2"":4,""3"":12}","{""1"":29,""2"":42,""3"":31}",2,16,6,10,7,9,4,12,9,4,12,29,42,31,BLADE.DXV,Class 1,10,204,0,214,7.67,7.666666666666667,0,0,0
MAJOR GAMING LEAGUE TIER 1,Tier 1,5,GB CRYPTO,OxMhCUSkyAT0LrziaNDP,GOAT ESPORT,tm_ws9x2fl5b,22,25.3,25.287356321839084,6.33,6.333333333333333,3,3,87,"{""1"":11,""2"":4,""3"":7}","{""1"":1,""2"":14,""3"":4}","{""1"":1,""2"":14,""3"":4}","{""1"":32,""2"":16,""3"":39}",3,17,11,4,7,1,14,4,1,14,4,32,16,39,毒GOAT CRYPTO,Class 1,35,174,0,209,7.33,7.333333333333333,10058,3353,40.7
MAJOR GAMING LEAGUE TIER 1,Tier 1,5,VOID,3WyN1vbWR1bis81ApvQz,KYZON ESPORTS,tm_yvpteelv4,22,28.6,28.57142857142857,11.33,11.333333333333334,3,3,77,"{""1"":16,""2"":2,""3"":4}","{""1"":10,""2"":15,""3"":9}","{""1"":10,""2"":15,""3"":9}","{""1"":40,""2"":13,""3"":24}",7,18,16,2,4,10,15,9,10,15,9,40,13,24,ҞZ・GOATৢঢ,Class 1,0,154,0,154,7.33,7.333333333333333,9280,3093,0
MAJOR GAMING LEAGUE TIER 1,Tier 1,5,YACHTY,QlxRht8AflEsDsg74NSw,FAZE ICONS,62lUXdIP47pjzO65aTZm,22,44,44,8.33,8.333333333333334,3,3,50,"{""1"":4,""2"":10,""3"":8}","{""1"":12,""2"":7,""3"":6}","{""1"":12,""2"":7,""3"":6}","{""1"":9,""2"":25,""3"":16}",12,19,4,10,8,12,7,6,12,7,6,9,25,16,ҒZ YACHTY,Class 1,0,100,0,100,7.33,7.333333333333333,0,0,0
MAJOR GAMING LEAGUE TIER 1,Tier 1,5,CHIKE,WP7wn4jjPa6n4busZVnT,GOAT ESPORT,tm_ws9x2fl5b,21,24.1,24.137931034482758,6.33,6.333333333333333,3,3,87,"{""1"":5,""2"":3,""3"":13}","{""1"":1,""2"":14,""3"":4}","{""1"":1,""2"":14,""3"":4}","{""1"":32,""2"":16,""3"":39}",3,20,5,3,13,1,14,4,1,14,4,32,16,39,毒GOAT THELMA,Class 1,35,174,0,209,7,7,8421,2807,0
MAJOR GAMING LEAGUE TIER 1,Tier 1,5,SWAG,I0zrbJubS6A7RBMX0C3e,Narcissist,ukMz1QObm2RORWQOa9dc,21,38.2,38.18181818181819,6,6,3,3,55,"{""1"":4,""2"":9,""3"":8}","{""1"":15,""2"":2,""3"":1}","{""1"":15,""2"":2,""3"":1}","{""1"":16,""2"":19,""3"":20}",6,21,4,9,8,15,2,1,15,2,1,16,19,20,SWAG??口,Class 1,45,110,0,155,7,7,0,0,0
MAJOR GAMING LEAGUE TIER 1,Tier 1,5,NAGDY,yFIWbCiDqV5ohHdVZoW9,VORTEX ONE,tm_4oss9tizq,20,17.7,17.699115044247787,2,2,3,3,113,"{""1"":8,""2"":7,""3"":5}","{""1"":3,""2"":1,""3"":2}","{""1"":3,""2"":1,""3"":2}","{""1"":38,""2"":40,""3"":35}",1,22,8,7,5,3,1,2,3,1,2,38,40,35,PYRAMID.VRX,Class 1,60,226,0,286,6.67,6.666666666666667,12031,4010,0
MAJOR GAMING LEAGUE TIER 1,Tier 1,5,SUSMEDIC,qNv71p42rEEps23BrUvF,REMEDIUM INVICTUS,tm_kdh97vkx3,20,21.1,21.052631578947366,5.67,5.666666666666667,3,3,95,"{""1"":9,""2"":5,""3"":6}","{""1"":4,""2"":8,""3"":5}","{""1"":4,""2"":8,""3"":5}","{""1"":35,""2"":25,""3"":35}",4,23,9,5,6,4,8,5,4,8,5,35,25,35,水RDM・MEDIC,Class 1,15,190,0,205,6.67,6.666666666666667,8159,2720,0
MAJOR GAMING LEAGUE TIER 1,Tier 1,5,NURUTA,UiCvqj6uu4EoGsvi2kLs,CIAO HUNTERS X,tm_twhkzzdmf,19,35.2,35.18518518518518,6.67,6.666666666666667,3,3,54,"{""1"":3,""2"":5,""3"":11}","{""1"":7,""2"":10,""3"":3}","{""1"":7,""2"":10,""3"":3}","{""1"":15,""2"":16,""3"":23}",10,24,3,5,11,7,10,3,7,10,3,15,16,23,LATINA.CHX,Class 1,15,108,0,123,6.33,6.333333333333333,0,0,0
MAJOR GAMING LEAGUE TIER 1,Tier 1,5,TORUSKI,JS1VnLDlLbM6yIBFzo0u,SCARRED LEGION,aOLRuUnFkOKgu9xAtqHy,19,82.6,82.6086956521739,13.33,13.333333333333334,3,3,23,"{""1"":3,""2"":5,""3"":11}","{""1"":16,""2"":6,""3"":18}","{""1"":16,""2"":6,""3"":18}","{""1"":5,""2"":14,""3"":4}",16,25,3,5,11,16,6,18,16,6,18,5,14,4,DГ. ТОГЦメ,Class 1,0,46,0,46,6.33,6.333333333333333,0,0,0
MAJOR GAMING LEAGUE TIER 1,Tier 1,5,MAUS,kUOdoGK7ff8eYeZgwvXq,FEARLESS WARRIORS,tm_rgqdo8wje,18,27.7,27.692307692307693,10.67,10.666666666666666,3,3,65,"{""1"":7,""2"":6,""3"":5}","{""1"":8,""2"":13,""3"":11}","{""1"":8,""2"":13,""3"":11}","{""1"":28,""2"":18,""3"":19}",9,26,7,6,5,8,13,11,8,13,11,28,18,19,ƑW・MAUS,Class 1,0,130,0,130,6,6,0,0,0
MAJOR GAMING LEAGUE TIER 1,Tier 1,5,SAVAGE,Hq5gw6eD9HnU8lTr2RHZ,FEARLESS WARRIORS,tm_rgqdo8wje,18,27.7,27.692307692307693,10.67,10.666666666666666,3,3,65,"{""1"":6,""2"":5,""3"":7}","{""1"":8,""2"":13,""3"":11}","{""1"":8,""2"":13,""3"":11}","{""1"":28,""2"":18,""3"":19}",9,27,6,5,7,8,13,11,8,13,11,28,18,19,ƑW・SAVAGEYT,Class 1,0,130,0,130,6,6,0,0,0
MAJOR GAMING LEAGUE TIER 1,Tier 1,5,REMO,dYruCjqNO7qAYaIBjTDt,Narcissist,ukMz1QObm2RORWQOa9dc,17,30.9,30.909090909090907,6,6,3,3,55,"{""1"":8,""2"":4,""3"":5}","{""1"":15,""2"":2,""3"":1}","{""1"":15,""2"":2,""3"":1}","{""1"":16,""2"":19,""3"":20}",6,28,8,4,5,15,2,1,15,2,1,16,19,20,口RÉRÉ,Class 1,45,110,0,155,5.67,5.666666666666667,0,0,0
MAJOR GAMING LEAGUE TIER 1,Tier 1,5,TRYING,PoZ1r7UYNb4ferMN4h0R,ENVY 7 ONE,tm_ubz3oae5j,16,17.4,17.391304347826086,7,7,3,3,92,"{""1"":5,""2"":4,""3"":7}","{""1"":5,""2"":9,""3"":7}","{""1"":5,""2"":9,""3"":7}","{""1"":30,""2"":26,""3"":36}",5,29,5,4,7,5,9,7,5,9,7,30,26,36,TRYING.SVN,Class 1,5,184,0,189,5.33,5.333333333333333,7973,2658,22.3
MAJOR GAMING LEAGUE TIER 1,Tier 1,5,POPE,EHyRjfeTvbYD9VvE9H1H,LEGIONARIES,tm_ffc044d9o,16,23.5,23.52941176470588,13.33,13.333333333333334,3,3,68,"{""1"":6,""2"":1,""3"":9}","{""1"":13,""2"":17,""3"":10}","{""1"":13,""2"":17,""3"":10}","{""1"":31,""2"":8,""3"":29}",8,30,6,1,9,13,17,10,13,17,10,31,8,29,LGN・USERX,Class 1,0,136,0,136,5.33,5.333333333333333,5574,1858,0
MAJOR GAMING LEAGUE TIER 1,Tier 1,5,PHILIP MELO,gybDsWbwIY4s0wRh2Nj4,FEARLESS WARRIORS,tm_rgqdo8wje,16,24.6,24.615384615384617,10.67,10.666666666666666,3,3,65,"{""1"":9,""2"":2,""3"":5}","{""1"":8,""2"":13,""3"":11}","{""1"":8,""2"":13,""3"":11}","{""1"":28,""2"":18,""3"":19}",9,31,9,2,5,8,13,11,8,13,11,28,18,19,ƑW・MELO,Class 1,0,130,0,130,5.33,5.333333333333333,0,0,0
MAJOR GAMING LEAGUE TIER 1,Tier 1,5,WINDIGO,Y3hmYqIvBg07ApvAvtRu,MAIN CHARACTERS OG,tm_mgol0xhrx,16,34.8,34.78260869565217,13.33,13.333333333333334,3,3,46,"{""1"":1,""2"":15,""3"":0}","{""1"":18,""2"":3,""3"":19}","{""1"":18,""2"":3,""3"":19}","{""1"":2,""2"":44,""3"":0}",11,32,1,15,0,18,3,19,18,3,19,2,44,0,MC丨WINDIGOAT,Class 1,15,92,0,107,5.33,5.333333333333333,0,0,0
MAJOR GAMING LEAGUE TIER 1,Tier 1,5,STITCH,8M0lQ0cjSeQxSfwaOqQq,Findigo Mirage,DfsCHneTL900q2o2ZCT6,15,42.9,42.857142857142854,8,8,3,3,35,"{""1"":4,""2"":6,""3"":5}","{""1"":11,""2"":5,""3"":8}","{""1"":11,""2"":5,""3"":8}","{""1"":15,""2"":7,""3"":13}",14,33,4,6,5,11,5,8,11,5,8,15,7,13,ALICIA・¹F¡,Class 1,5,70,0,75,5,5,0,0,0
MAJOR GAMING LEAGUE TIER 1,Tier 1,5,APOSTLE,L1LKfVKd47rwlshv2vY1,CIAO HUNTERS X,tm_twhkzzdmf,15,27.8,27.77777777777778,6.67,6.666666666666667,3,3,54,"{""1"":6,""2"":5,""3"":4}","{""1"":7,""2"":10,""3"":3}","{""1"":7,""2"":10,""3"":3}","{""1"":15,""2"":16,""3"":23}",10,34,6,5,4,7,10,3,7,10,3,15,16,23,CPT APYT.CHX,Class 1,15,108,0,123,5,5,0,0,0
MAJOR GAMING LEAGUE TIER 1,Tier 1,5,NANAYAW,tX7GCLJJ61u8bLkRroBP,GOAT ESPORT,tm_ws9x2fl5b,14,16.1,16.091954022988507,6.33,6.333333333333333,3,3,87,"{""1"":7,""2"":3,""3"":4}","{""1"":1,""2"":14,""3"":4}","{""1"":1,""2"":14,""3"":4}","{""1"":32,""2"":16,""3"":39}",3,35,7,3,4,1,14,4,1,14,4,32,16,39,毒GOAT FAHH,Class 1,35,174,0,209,4.67,4.666666666666667,7317,2439,0
MAJOR GAMING LEAGUE TIER 1,Tier 1,5,ISCO,Ju9oBCWQSs6kfDYixRZK,LEGIONARIES,tm_ffc044d9o,13,19.1,19.11764705882353,13.33,13.333333333333334,3,3,68,"{""1"":8,""2"":1,""3"":4}","{""1"":13,""2"":17,""3"":10}","{""1"":13,""2"":17,""3"":10}","{""1"":31,""2"":8,""3"":29}",8,36,8,1,4,13,17,10,13,17,10,31,8,29,ZN ISCO LGN,Class 1,0,136,0,136,4.33,4.333333333333333,5694,1898,0
MAJOR GAMING LEAGUE TIER 1,Tier 1,5,SWAYZE,qefoLXaT9gaO2ycKQocy,Narcissist,ukMz1QObm2RORWQOa9dc,13,23.6,23.636363636363637,6,6,3,3,55,"{""1"":4,""2"":5,""3"":4}","{""1"":15,""2"":2,""3"":1}","{""1"":15,""2"":2,""3"":1}","{""1"":16,""2"":19,""3"":20}",6,37,4,5,4,15,2,1,15,2,1,16,19,20,口ISWAYZETT,Class 1,45,110,0,155,4.33,4.333333333333333,0,0,0
MAJOR GAMING LEAGUE TIER 1,Tier 1,5,LUDGER,PQAripc5A3a7tOZ5qHrY,FEARLESS WARRIORS,tm_rgqdo8wje,13,20,20,10.67,10.666666666666666,3,3,65,"{""1"":6,""2"":5,""3"":2}","{""1"":8,""2"":13,""3"":11}","{""1"":8,""2"":13,""3"":11}","{""1"":28,""2"":18,""3"":19}",9,38,6,5,2,8,13,11,8,13,11,28,18,19,ZN LUDGER・ƑW,Class 1,0,130,0,130,4.33,4.333333333333333,0,0,0
MAJOR GAMING LEAGUE TIER 1,Tier 1,5,JOJO,T2sK7jSZkJqKgLswvF1g,REMEDIUM INVICTUS,tm_kdh97vkx3,12,12.6,12.631578947368421,5.67,5.666666666666667,3,3,95,"{""1"":4,""2"":4,""3"":4}","{""1"":4,""2"":8,""3"":5}","{""1"":4,""2"":8,""3"":5}","{""1"":35,""2"":25,""3"":35}",4,39,4,4,4,4,8,5,4,8,5,35,25,35,水RDM・GADUS,Class 1,15,190,0,205,4,4,9454,3151,0
MAJOR GAMING LEAGUE TIER 1,Tier 1,5,DONRUSKI,e0oR3lJ4tSBFjhWWp96W,FAZE ICONS,62lUXdIP47pjzO65aTZm,12,24,24,8.33,8.333333333333334,3,3,50,"{""1"":2,""2"":5,""3"":5}","{""1"":12,""2"":7,""3"":6}","{""1"":12,""2"":7,""3"":6}","{""1"":9,""2"":25,""3"":16}",12,40,2,5,5,12,7,6,12,7,6,9,25,16,ҒZ MERC,Class 1,0,100,0,100,4,4,0,0,0
MAJOR GAMING LEAGUE TIER 1,Tier 1,5,DELETE,yXsVHpZGIDJoF3CpeME2,MAIN CHARACTERS OG,tm_mgol0xhrx,11,23.9,23.91304347826087,13.33,13.333333333333334,3,3,46,"{""1"":0,""2"":11,""3"":0}","{""1"":18,""2"":3,""3"":19}","{""1"":18,""2"":3,""3"":19}","{""1"":2,""2"":44,""3"":0}",11,41,0,11,0,18,3,19,18,3,19,2,44,0,MC丨IFɅ,Class 1,15,92,0,107,3.67,3.6666666666666665,0,0,0
MAJOR GAMING LEAGUE TIER 1,Tier 1,5,SAMMY,CRgmZpi6YPL39TOInRBz,LEGIONARIES,tm_ffc044d9o,10,14.7,14.705882352941178,13.33,13.333333333333334,3,3,68,"{""1"":3,""2"":3,""3"":4}","{""1"":13,""2"":17,""3"":10}","{""1"":13,""2"":17,""3"":10}","{""1"":31,""2"":8,""3"":29}",8,42,3,3,4,13,17,10,13,17,10,31,8,29,LGN • SAMMY.ﻫ,Class 1,0,136,0,136,3.33,3.3333333333333335,5257,1752,0
MAJOR GAMING LEAGUE TIER 1,Tier 1,5,DEMON,NiT6GePQhD8XyqSCmuMI,PREACHER X,tm_c0yc4xjf4,10,34.5,34.48275862068966,16,16,3,3,29,"{""1"":0,""2"":6,""3"":4}","{""1"":20,""2"":12,""3"":16}","{""1"":20,""2"":12,""3"":16}","{""1"":0,""2"":20,""3"":9}",15,43,0,6,4,20,12,16,20,12,16,0,20,9,PЯX・OLDMAN,Class 1,0,58,0,58,3.33,3.3333333333333335,0,0,0
MAJOR GAMING LEAGUE TIER 1,Tier 1,5,FEEZYYT,l3vxxu4J4YVLLtpydbiX,MAIN CHARACTERS OG,tm_mgol0xhrx,10,21.7,21.73913043478261,13.33,13.333333333333334,3,3,46,"{""1"":1,""2"":9,""3"":0}","{""1"":18,""2"":3,""3"":19}","{""1"":18,""2"":3,""3"":19}","{""1"":2,""2"":44,""3"":0}",11,44,1,9,0,18,3,19,18,3,19,2,44,0,FEEZYYYT丨MC,Class 1,15,92,0,107,3.33,3.3333333333333335,0,0,0
MAJOR GAMING LEAGUE TIER 1,Tier 1,5,LOVE,lEIbmv2Nb4W1hCF2WYdI,Findigo Mirage,DfsCHneTL900q2o2ZCT6,10,28.6,28.57142857142857,8,8,3,3,35,"{""1"":6,""2"":1,""3"":3}","{""1"":11,""2"":5,""3"":8}","{""1"":11,""2"":5,""3"":8}","{""1"":15,""2"":7,""3"":13}",14,45,6,1,3,11,5,8,11,5,8,15,7,13,LOVE・¹F¡,Class 1,5,70,0,75,3.33,3.3333333333333335,0,0,0
MAJOR GAMING LEAGUE TIER 1,Tier 1,5,ITACHI,8GOX41vVXHYB1HR3LSNi,WICKED ENTITIES,tm_n96zqds0m,9,32.1,32.142857142857146,11.67,11.666666666666666,3,3,28,"{""1"":6,""2"":2,""3"":1}","{""1"":2,""2"":16,""3"":17}","{""1"":2,""2"":16,""3"":17}","{""1"":18,""2"":4,""3"":6}",13,46,6,2,1,2,16,17,2,16,17,18,4,6,ƐИ丨ITACHI,Class 1,20,56,0,76,3,3,0,0,0
MAJOR GAMING LEAGUE TIER 1,Tier 1,5,ZEKE,9WSTxWXotyu8TnpA79Eg,WICKED ENTITIES,tm_n96zqds0m,9,32.1,32.142857142857146,11.67,11.666666666666666,3,3,28,"{""1"":6,""2"":1,""3"":2}","{""1"":2,""2"":16,""3"":17}","{""1"":2,""2"":16,""3"":17}","{""1"":18,""2"":4,""3"":6}",13,47,6,1,2,2,16,17,2,16,17,18,4,6,ƐИ丨ZYT,Class 1,20,56,0,76,3,3,0,0,0
MAJOR GAMING LEAGUE TIER 1,Tier 1,5,YUJI,YL0iLlC8dGf636V5DLBo,FAZE ICONS,62lUXdIP47pjzO65aTZm,9,18,18,8.33,8.333333333333334,3,3,50,"{""1"":3,""2"":5,""3"":1}","{""1"":12,""2"":7,""3"":6}","{""1"":12,""2"":7,""3"":6}","{""1"":9,""2"":25,""3"":16}",12,48,3,5,1,12,7,6,12,7,6,9,25,16,ғz Arigxtoﻬ,Transferred In,0,100,0,100,3,3,0,0,0
MAJOR GAMING LEAGUE TIER 1,Tier 1,5,SAYYID,UV54iNm4m2FaNnydcJiN,FEARLESS ULTIMATE,QXr3HX0HM3Rf35A0UKUN,9,42.9,42.857142857142854,16,16,3,3,21,"{""1"":1,""2"":0,""3"":8}","{""1"":14,""2"":19,""3"":15}","{""1"":14,""2"":19,""3"":15}","{""1"":3,""2"":1,""3"":17}",17,49,1,0,8,14,19,15,14,19,15,3,1,17,ƑW・SAYYID ঐ,Class 1,0,42,0,42,3,3,0,0,0
MAJOR GAMING LEAGUE TIER 1,Tier 1,5,KWEKU,S0nVxhtza8Lcoeyu4hwb,CIAO HUNTERS X,tm_twhkzzdmf,9,16.7,16.666666666666664,6.67,6.666666666666667,3,3,54,"{""1"":2,""2"":4,""3"":3}","{""1"":7,""2"":10,""3"":3}","{""1"":7,""2"":10,""3"":3}","{""1"":15,""2"":16,""3"":23}",10,50,2,4,3,7,10,3,7,10,3,15,16,23,KWEKU.CHX,Class 1,15,108,0,123,3,3,0,0,0
MAJOR GAMING LEAGUE TIER 1,Tier 1,5,TOLU MARTINS,qiDPTJl18fmW4r6n11Pr,PREACHER X,tm_c0yc4xjf4,8,27.6,27.586206896551722,16,16,3,3,29,"{""1"":0,""2"":7,""3"":1}","{""1"":20,""2"":12,""3"":16}","{""1"":20,""2"":12,""3"":16}","{""1"":0,""2"":20,""3"":9}",15,51,0,7,1,20,12,16,20,12,16,0,20,9,PЯX・MARTINS,Class 1,0,58,0,58,2.67,2.6666666666666665,0,0,0
MAJOR GAMING LEAGUE TIER 1,Tier 1,5,YAMII,JEnWA5TkFzeJpFKvyVQA,PREACHER X,tm_c0yc4xjf4,7,24.1,24.137931034482758,16,16,3,3,29,"{""1"":0,""2"":4,""3"":3}","{""1"":20,""2"":12,""3"":16}","{""1"":20,""2"":12,""3"":16}","{""1"":0,""2"":20,""3"":9}",15,52,0,4,3,20,12,16,20,12,16,0,20,9,PЯX・YAMII,Class 1,0,58,0,58,2.33,2.3333333333333335,0,0,0
MAJOR GAMING LEAGUE TIER 1,Tier 1,5,UMBRELLA,ZbDtqKyjWc2uCQ1Iu3Xg,FAZE ICONS,62lUXdIP47pjzO65aTZm,7,14,14.000000000000002,8.33,8.333333333333334,3,3,50,"{""1"":0,""2"":5,""3"":2}","{""1"":12,""2"":7,""3"":6}","{""1"":12,""2"":7,""3"":6}","{""1"":9,""2"":25,""3"":16}",12,53,0,5,2,12,7,6,12,7,6,9,25,16,ҒZ UMBRELLA,Class 1,0,100,0,100,2.33,2.3333333333333335,0,0,0
MAJOR GAMING LEAGUE TIER 1,Tier 1,5,NEMESIS,6lq8ySkqC6xbaUo6Erzq,CIAO HUNTERS X,tm_twhkzzdmf,7,13,12.962962962962962,6.67,6.666666666666667,2,3,54,"{""2"":2,""3"":5}","{""2"":10,""3"":3}","{""1"":7,""2"":10,""3"":3}","{""1"":15,""2"":16,""3"":23}",10,54,,2,5,,10,3,7,10,3,15,16,23,SISTER.CHX,Class 1,15,108,0,123,3.5,3.5,0,0,0
MAJOR GAMING LEAGUE TIER 1,Tier 1,5,RELAX OG,OKrAHDFNWaCteQUIc2bK,WICKED ENTITIES,tm_n96zqds0m,7,25,25,11.67,11.666666666666666,3,3,28,"{""1"":3,""2"":1,""3"":3}","{""1"":2,""2"":16,""3"":17}","{""1"":2,""2"":16,""3"":17}","{""1"":18,""2"":4,""3"":6}",13,55,3,1,3,2,16,17,2,16,17,18,4,6,ƐИ丨 ƦELAX,Class 1,20,56,0,76,2.33,2.3333333333333335,0,0,0
MAJOR GAMING LEAGUE TIER 1,Tier 1,5,TRAUMA,mRdFfQB7p8thuw53PwWL,SCARRED LEGION,aOLRuUnFkOKgu9xAtqHy,7,30.4,30.434782608695656,13.33,13.333333333333334,3,3,23,"{""1"":2,""2"":5,""3"":0}","{""1"":16,""2"":6,""3"":18}","{""1"":16,""2"":6,""3"":18}","{""1"":5,""2"":14,""3"":4}",16,56,2,5,0,16,6,18,16,6,18,5,14,4,メ TRAUMA,Class 1,0,46,0,46,2.33,2.3333333333333335,0,0,0
MAJOR GAMING LEAGUE TIER 1,Tier 1,5,ALLFATHER,eZr86KcPlEoSTarsNbR0,SCARRED LEGION,aOLRuUnFkOKgu9xAtqHy,6,26.1,26.08695652173913,13.33,13.333333333333334,3,3,23,"{""1"":1,""2"":2,""3"":3}","{""1"":16,""2"":6,""3"":18}","{""1"":16,""2"":6,""3"":18}","{""1"":5,""2"":14,""3"":4}",16,57,1,2,3,16,6,18,16,6,18,5,14,4,^メ,Class 1,0,46,0,46,2,2,0,0,0
MAJOR GAMING LEAGUE TIER 1,Tier 1,5,SLY,j39wPvPuSoMq1TOb78Ih,SCARRED LEGION,aOLRuUnFkOKgu9xAtqHy,6,26.1,26.08695652173913,13.33,13.333333333333334,3,3,23,"{""1"":0,""2"":5,""3"":1}","{""1"":16,""2"":6,""3"":18}","{""1"":16,""2"":6,""3"":18}","{""1"":5,""2"":14,""3"":4}",16,58,0,5,1,16,6,18,16,6,18,5,14,4,メPELNEEZ,Class 1,0,46,0,46,2,2,0,0,0
MAJOR GAMING LEAGUE TIER 1,Tier 1,5,BABYGLITCH,ZmLcnbEngSBzomLIxCGA,Kingpins,hVWczQAJ8Eqvzrp97sHO,6,33.3,33.33333333333333,10,10,3,3,18,"{""1"":4,""2"":1,""3"":1}","{""1"":6,""2"":11,""3"":13}","{""1"":6,""2"":11,""3"":13}","{""1"":8,""2"":7,""3"":3}",18,59,4,1,1,6,11,13,6,11,13,8,7,3,BABYGLITCH • K几,Class 1,0,36,0,36,2,2,0,0,0
MAJOR GAMING LEAGUE TIER 1,Tier 1,5,MISTER,OT3OYiHhLhCCGE6fPU7c,Findigo Mirage,DfsCHneTL900q2o2ZCT6,6,17.1,17.142857142857142,8,8,3,3,35,"{""1"":4,""2"":0,""3"":2}","{""1"":11,""2"":5,""3"":8}","{""1"":11,""2"":5,""3"":8}","{""1"":15,""2"":7,""3"":13}",14,60,4,0,2,11,5,8,11,5,8,15,7,13,*MISTER・¹F¡,Class 1,5,70,0,75,2,2,0,0,0
MAJOR GAMING LEAGUE TIER 1,Tier 1,5,ROGUE,r7ePhyqUmojwCVE0MNwB,FEARLESS ULTIMATE,QXr3HX0HM3Rf35A0UKUN,6,28.6,28.57142857142857,16,16,3,3,21,"{""1"":1,""2"":1,""3"":4}","{""1"":14,""2"":19,""3"":15}","{""1"":14,""2"":19,""3"":15}","{""1"":3,""2"":1,""3"":17}",17,61,1,1,4,14,19,15,14,19,15,3,1,17,ƑW・ঐSHADOW,Class 1,0,42,0,42,2,2,0,0,0
MAJOR GAMING LEAGUE TIER 1,Tier 1,5,KANAKI/HYBRID,obenQLUFr5yTVY0TzxuL,Kingpins,hVWczQAJ8Eqvzrp97sHO,5,27.8,27.77777777777778,10,10,3,3,18,"{""1"":2,""2"":2,""3"":1}","{""1"":6,""2"":11,""3"":13}","{""1"":6,""2"":11,""3"":13}","{""1"":8,""2"":7,""3"":3}",18,62,2,2,1,6,11,13,6,11,13,8,7,3,K几・,Class 1,0,36,0,36,1.67,1.6666666666666667,0,0,0
MAJOR GAMING LEAGUE TIER 1,Tier 1,5,MIDEX,B1Kj8xeiYMbthFGnQbEJ,Kingpins,hVWczQAJ8Eqvzrp97sHO,5,27.8,27.77777777777778,10,10,3,3,18,"{""1"":2,""2"":3,""3"":0}","{""1"":6,""2"":11,""3"":13}","{""1"":6,""2"":11,""3"":13}","{""1"":8,""2"":7,""3"":3}",18,63,2,3,0,6,11,13,6,11,13,8,7,3,MŁD£X++・K几,Class 1,0,36,0,36,1.67,1.6666666666666667,0,0,0
MAJOR GAMING LEAGUE TIER 1,Tier 1,5,LOLA,sZ7ewEW2enuGnmsghNYY,KYZON ESPORTS,tm_yvpteelv4,4,5.2,5.194805194805195,11.33,11.333333333333334,2,3,77,"{""1"":4,""2"":0}","{""1"":10,""2"":15}","{""1"":10,""2"":15,""3"":9}","{""1"":40,""2"":13,""3"":24}",7,64,4,0,,10,15,,10,15,9,40,13,24,ҞZ • BALDOG,Class 1,0,154,0,154,2,2,3595,1798,0
MAJOR GAMING LEAGUE TIER 1,Tier 1,5,SNOW,d1Yob4KUrJTjdjDvMOOk,Findigo Mirage,DfsCHneTL900q2o2ZCT6,4,11.4,11.428571428571429,8,8,3,3,35,"{""1"":1,""2"":0,""3"":3}","{""1"":11,""2"":5,""3"":8}","{""1"":11,""2"":5,""3"":8}","{""1"":15,""2"":7,""3"":13}",14,65,1,0,3,11,5,8,11,5,8,15,7,13,SNOWSZN・¹F¡,Class 1,5,70,0,75,1.33,1.3333333333333333,0,0,0
MAJOR GAMING LEAGUE TIER 1,Tier 1,5,IFOCUS,xinDfDfYgSEJJ54A1y30,CIAO HUNTERS X,tm_twhkzzdmf,4,7.4,7.4074074074074066,6.67,6.666666666666667,1,3,54,"{""1"":4}","{""1"":7}","{""1"":7,""2"":10,""3"":3}","{""1"":15,""2"":16,""3"":23}",10,66,4,,,7,,,7,10,3,15,16,23,IƑOCUS.CHX,Class 1,15,108,0,123,4,4,0,0,0
MAJOR GAMING LEAGUE TIER 1,Tier 1,5,YOURBALLS,DEP0DMTu1Bn8IsMenRxs,Narcissist,ukMz1QObm2RORWQOa9dc,4,7.3,7.2727272727272725,6,6,3,3,55,"{""1"":0,""2"":1,""3"":3}","{""1"":15,""2"":2,""3"":1}","{""1"":15,""2"":2,""3"":1}","{""1"":16,""2"":19,""3"":20}",6,67,0,1,3,15,2,1,15,2,1,16,19,20,YOURBALLS??口,Class 1,45,110,0,155,1.33,1.3333333333333333,0,0,0
MAJOR GAMING LEAGUE TIER 1,Tier 1,5,21MS,OlvDP99EsWN3sJd3nOZC,SCARRED LEGION,aOLRuUnFkOKgu9xAtqHy,4,17.4,17.391304347826086,13.33,13.333333333333334,3,3,23,"{""1"":2,""2"":2,""3"":0}","{""1"":16,""2"":6,""3"":18}","{""1"":16,""2"":6,""3"":18}","{""1"":5,""2"":14,""3"":4}",16,68,2,2,0,16,6,18,16,6,18,5,14,4,IKUUU メ,Class 1,0,46,0,46,1.33,1.3333333333333333,0,0,0
MAJOR GAMING LEAGUE TIER 1,Tier 1,5,EM,2WNu5en2b2i2xwbwuzIV,KYZON ESPORTS,tm_yvpteelv4,3,3.9,3.896103896103896,11.33,11.333333333333334,1,3,77,"{""3"":3}","{""3"":9}","{""1"":10,""2"":15,""3"":9}","{""1"":40,""2"":13,""3"":24}",7,69,,,3,,,9,10,15,9,40,13,24,ҞZ • MMৢ,Class 1,0,154,0,154,3,3,1027,1027,0
MAJOR GAMING LEAGUE TIER 1,Tier 1,5,DANIEL,2hoGdFkIX9KrsMSafUIB,FEARLESS ULTIMATE,QXr3HX0HM3Rf35A0UKUN,3,14.3,14.285714285714285,16,16,3,3,21,"{""1"":1,""2"":0,""3"":2}","{""1"":14,""2"":19,""3"":15}","{""1"":14,""2"":19,""3"":15}","{""1"":3,""2"":1,""3"":17}",17,70,1,0,2,14,19,15,14,19,15,3,1,17,ƑW・X TA C,Class 1,0,42,0,42,1,1,0,0,0
MAJOR GAMING LEAGUE TIER 1,Tier 1,5,LAYY,FNVSaoGphfbNRyR4k0W6,WICKED ENTITIES,tm_n96zqds0m,3,10.7,10.714285714285714,11.67,11.666666666666666,3,3,28,"{""1"":3,""2"":0,""3"":0}","{""1"":2,""2"":16,""3"":17}","{""1"":2,""2"":16,""3"":17}","{""1"":18,""2"":4,""3"":6}",13,71,3,0,0,2,16,17,2,16,17,18,4,6,ƐИ丨SWEET BOY,Class 1,20,56,0,76,1,1,0,0,0
MAJOR GAMING LEAGUE TIER 1,Tier 1,5,AYATO,eML7Ngm389vED9hkULlH,FEARLESS ULTIMATE,QXr3HX0HM3Rf35A0UKUN,3,14.3,14.285714285714285,16,16,3,3,21,"{""1"":0,""2"":0,""3"":3}","{""1"":14,""2"":19,""3"":15}","{""1"":14,""2"":19,""3"":15}","{""1"":3,""2"":1,""3"":17}",17,72,0,0,3,14,19,15,14,19,15,3,1,17,ƑW・ঐAYATOO*,Class 1,0,42,0,42,1,1,0,0,0
MAJOR GAMING LEAGUE TIER 1,Tier 1,5,LIONFACE,PMOZmTbjtV7Jea8FMW8Y,Marines Cartel,o7Dp7knjVTxhemRjJF7R,3,75,75,17,17,3,3,4,"{""1"":0,""2"":1,""3"":2}","{""1"":19,""2"":18,""3"":14}","{""1"":19,""2"":18,""3"":14}","{""1"":0,""2"":2,""3"":2}",19,73,0,1,2,19,18,14,19,18,14,0,2,2,¹LT丨DADYLION,Class 1,0,8,0,8,1,1,0,0,0
MAJOR GAMING LEAGUE TIER 1,Tier 1,5,TOM,hxHrnWldh81VX3Ygl3kw,PREACHER X,tm_c0yc4xjf4,3,10.3,10.344827586206897,16,16,2,3,29,"{""1"":0,""2"":3}","{""1"":20,""2"":12}","{""1"":20,""2"":12,""3"":16}","{""1"":0,""2"":20,""3"":9}",15,74,0,3,,20,12,,20,12,16,0,20,9,PЯX・OG TOM,Class 1,0,58,0,58,1.5,1.5,0,0,0
MAJOR GAMING LEAGUE TIER 1,Tier 1,5,MOON,rS33lQiCN46PKYQTcxHR,Kingpins,hVWczQAJ8Eqvzrp97sHO,2,11.1,11.11111111111111,10,10,3,3,18,"{""1"":0,""2"":1,""3"":1}","{""1"":6,""2"":11,""3"":13}","{""1"":6,""2"":11,""3"":13}","{""1"":8,""2"":7,""3"":3}",18,75,0,1,1,6,11,13,6,11,13,8,7,3,K几 • SCARYDAD,Class 1,0,36,0,36,0.67,0.6666666666666666,0,0,0
MAJOR GAMING LEAGUE TIER 1,Tier 1,5,DAVID,jTE33p1KQlsI1B0FfmQn,ZL ESPORTS,1rBWZvmbgkMHIlWnkyfe,2,100,100,17,17,1,1,2,"{""1"":2}","{""1"":17}","{""1"":17}","{""1"":2}",20,76,2,,,17,,,17,,,2,,,ELON.ZL,Class 1,0,4,0,4,2,2,0,0,0
MAJOR GAMING LEAGUE TIER 1,Tier 1,5,GHOSTT,9O34U5grgWaCoos7nxKR,Marines Cartel,o7Dp7knjVTxhemRjJF7R,1,25,25,17,17,2,3,4,"{""1"":0,""2"":1}","{""1"":19,""2"":18}","{""1"":19,""2"":18,""3"":14}","{""1"":0,""2"":2,""3"":2}",19,77,0,1,,19,18,,19,18,14,0,2,2,¹Lt  | Ghost,Transferred In,0,8,0,8,0.5,0.5,0,0,0
MAJOR GAMING LEAGUE TIER 1,Tier 1,5,CHEF PUNK,1LO5N9nzQfk09XHoISVW,PREACHER X,tm_c0yc4xjf4,1,3.4,3.4482758620689653,16,16,1,3,29,"{""3"":1}","{""3"":16}","{""1"":20,""2"":12,""3"":16}","{""1"":0,""2"":20,""3"":9}",15,78,,,1,,,16,20,12,16,0,20,9,PЯX・PUNK,Class 1,0,58,0,58,1,1,0,0,0
MAJOR GAMING LEAGUE TIER 1,Tier 1,5,BIRA,FucAwO62qzLHAImEO0VV,Marines Cartel,o7Dp7knjVTxhemRjJF7R,0,0,0,17,17,3,3,4,"{""1"":0,""2"":0,""3"":0}","{""1"":19,""2"":18,""3"":14}","{""1"":19,""2"":18,""3"":14}","{""1"":0,""2"":2,""3"":2}",19,79,0,0,0,19,18,14,19,18,14,0,2,2,BIRAYT.IN.¹LT,Class 1,0,8,0,8,0,0,0,0,0
MAJOR GAMING LEAGUE TIER 1,Tier 1,5,BENNY,UeOSx2Z4aI7DuWJCrD2e,ZL ESPORTS,1rBWZvmbgkMHIlWnkyfe,0,0,0,17,17,1,1,2,"{""1"":0}","{""1"":17}","{""1"":17}","{""1"":2}",20,80,0,,,17,,,17,,,2,,,JESUS. ZL,Class 1,0,4,0,4,0,0,0,0,0
MAJOR GAMING LEAGUE TIER 1,Tier 1,5,DEVIL,m7o92IDT4MdtLg9OHc1Y,ZL ESPORTS,1rBWZvmbgkMHIlWnkyfe,0,0,0,17,17,1,1,2,"{""1"":0}","{""1"":17}","{""1"":17}","{""1"":2}",20,81,0,,,17,,,17,,,2,,,AZRAEL.ZL,Class 1,0,4,0,4,0,0,0,0,0
MAJOR GAMING LEAGUE TIER 1,Tier 1,5,LOST,NA5i85JuOUjM8M4DatKv,Marines Cartel,o7Dp7knjVTxhemRjJF7R,0,0,0,17,17,2,3,4,"{""1"":0,""2"":0}","{""1"":19,""2"":18}","{""1"":19,""2"":18,""3"":14}","{""1"":0,""2"":2,""3"":2}",19,82,0,0,,19,18,,19,18,14,0,2,2,¹Lt | Codlost,Transferred In,0,8,0,8,0,0,0,0,0
MAJOR GAMING LEAGUE TIER 1,Tier 1,6,POISON,QZIn6rAU2CGPFbGbQu4v,GOAT ESPORT,tm_ws9x2fl5b,32,29.6,29.629629629629626,2,2,3,3,108,"{""1"":14,""2"":10,""3"":8}","{""1"":2,""2"":3,""3"":1}","{""1"":2,""2"":3,""3"":1}","{""1"":40,""2"":33,""3"":35}",1,1,14,10,8,2,3,1,2,3,1,40,33,35,毒GOAT TOTO,Class 1,60,216,0,276,10.67,10.666666666666666,13500,4500,21
MAJOR GAMING LEAGUE TIER 1,Tier 1,6,DERAZ,pPvCKKzMoO9wgFzAq0sd,DEVELOPERS,tm_w0a02yn8h,32,34,34.04255319148936,7.33,7.333333333333333,3,3,94,"{""1"":12,""2"":12,""3"":8}","{""1"":1,""2"":9,""3"":12}","{""1"":1,""2"":9,""3"":12}","{""1"":27,""2"":42,""3"":25}",3,2,12,12,8,1,9,12,1,9,12,27,42,25,DERAZYT.DXV,Class 1,25,188,0,213,10.67,10.666666666666666,11242,3747,30.7
MAJOR GAMING LEAGUE TIER 1,Tier 1,6,YAMII,JEnWA5TkFzeJpFKvyVQA,PREACHER X,tm_c0yc4xjf4,31,34.4,34.44444444444444,5,5,3,3,90,"{""1"":11,""2"":13,""3"":7}","{""1"":10,""2"":2,""3"":3}","{""1"":10,""2"":2,""3"":3}","{""1"":31,""2"":31,""3"":28}",2,3,11,13,7,10,2,3,10,2,3,31,31,28,PЯX・YAMII,Class 1,35,180,0,215,10.33,10.333333333333334,15889,5296,27.1
MAJOR GAMING LEAGUE TIER 1,Tier 1,6,GB CRYPTO,OxMhCUSkyAT0LrziaNDP,GOAT ESPORT,tm_ws9x2fl5b,27,25,25,2,2,3,3,108,"{""1"":11,""2"":8,""3"":8}","{""1"":2,""2"":3,""3"":1}","{""1"":2,""2"":3,""3"":1}","{""1"":40,""2"":33,""3"":35}",1,4,11,8,8,2,3,1,2,3,1,40,33,35,毒GOAT CRYPTO,Class 1,60,216,0,276,9,9,11198,3733,19.1
MAJOR GAMING LEAGUE TIER 1,Tier 1,6,VOID,3WyN1vbWR1bis81ApvQz,KYZON ESPORTS,tm_yvpteelv4,27,31.4,31.3953488372093,8.67,8.666666666666666,3,3,86,"{""1"":8,""2"":13,""3"":6}","{""1"":5,""2"":13,""3"":8}","{""1"":5,""2"":13,""3"":8}","{""1"":33,""2"":31,""3"":22}",4,5,8,13,6,5,13,8,5,13,8,33,31,22,ҞZ・GOATৢঢ,Class 1,5,172,0,177,9,9,10322,3441,0
MAJOR GAMING LEAGUE TIER 1,Tier 1,6,MOVEMENT,zbgasCEzQ3XBmq26KwCr,DEVELOPERS,tm_w0a02yn8h,27,28.7,28.723404255319153,7.33,7.333333333333333,3,3,94,"{""1"":8,""2"":14,""3"":5}","{""1"":1,""2"":9,""3"":12}","{""1"":1,""2"":9,""3"":12}","{""1"":27,""2"":42,""3"":25}",3,6,8,14,5,1,9,12,1,9,12,27,42,25,MOVEMENT..DXV,Class 1,25,188,0,213,9,9,10269,3423,0
MAJOR GAMING LEAGUE TIER 1,Tier 1,6,CHIKE,WP7wn4jjPa6n4busZVnT,GOAT ESPORT,tm_ws9x2fl5b,26,24.1,24.074074074074073,2,2,3,3,108,"{""1"":8,""2"":10,""3"":8}","{""1"":2,""2"":3,""3"":1}","{""1"":2,""2"":3,""3"":1}","{""1"":40,""2"":33,""3"":35}",1,7,8,10,8,2,3,1,2,3,1,40,33,35,毒GOAT THELMA,Class 1,60,216,0,276,8.67,8.666666666666666,13662,4554,0
MAJOR GAMING LEAGUE TIER 1,Tier 1,6,COLDSKI,ZMq7kz2SSMfPugtDW1dB,KYZON ESPORTS,tm_yvpteelv4,26,30.2,30.23255813953488,8.67,8.666666666666666,3,3,86,"{""1"":13,""2"":9,""3"":4}","{""1"":5,""2"":13,""3"":8}","{""1"":5,""2"":13,""3"":8}","{""1"":33,""2"":31,""3"":22}",4,8,13,9,4,5,13,8,5,13,8,33,31,22,ҞZ・COLDSKI,Class 1,5,172,0,177,8.67,8.666666666666666,11735,3912,49.1
MAJOR GAMING LEAGUE TIER 1,Tier 1,6,DEMON,NiT6GePQhD8XyqSCmuMI,PREACHER X,tm_c0yc4xjf4,24,26.7,26.666666666666668,5,5,3,3,90,"{""1"":9,""2"":4,""3"":11}","{""1"":10,""2"":2,""3"":3}","{""1"":10,""2"":2,""3"":3}","{""1"":31,""2"":31,""3"":28}",2,9,9,4,11,10,2,3,10,2,3,31,31,28,PЯX・OLDMAN,Class 1,35,180,0,215,8,8,11338,3779,0
MAJOR GAMING LEAGUE TIER 1,Tier 1,6,YAGAMI,Bx7S0iZlMNevEE4eXnqz,VORTEX ONE,tm_4oss9tizq,23,28.8,28.749999999999996,9.33,9.333333333333334,3,3,80,"{""1"":12,""2"":3,""3"":8}","{""1"":8,""2"":15,""3"":5}","{""1"":8,""2"":15,""3"":5}","{""1"":33,""2"":18,""3"":29}",6,10,12,3,8,8,15,5,8,15,5,33,18,29,QTR YAGA.VRX,Class 1,5,160,0,165,7.67,7.666666666666667,10816,3605,20.6
MAJOR GAMING LEAGUE TIER 1,Tier 1,6,NANAYAW,tX7GCLJJ61u8bLkRroBP,GOAT ESPORT,tm_ws9x2fl5b,23,21.3,21.296296296296298,2,2,3,3,108,"{""1"":7,""2"":5,""3"":11}","{""1"":2,""2"":3,""3"":1}","{""1"":2,""2"":3,""3"":1}","{""1"":40,""2"":33,""3"":35}",1,11,7,5,11,2,3,1,2,3,1,40,33,35,毒GOAT FAHH,Class 1,60,216,0,276,7.67,7.666666666666667,9868,3289,0
MAJOR GAMING LEAGUE TIER 1,Tier 1,6,NAGATO,4drN06J7VhcUWU1ydASK,REMEDIUM INVICTUS,tm_kdh97vkx3,23,31.9,31.944444444444443,11.33,11.333333333333334,3,3,72,"{""1"":9,""2"":2,""3"":12}","{""1"":6,""2"":18,""3"":10}","{""1"":6,""2"":18,""3"":10}","{""1"":33,""2"":4,""3"":35}",7,12,9,2,12,6,18,10,6,18,10,33,4,35,水RDM・ANIZ,Class 1,0,144,0,144,7.67,7.666666666666667,0,0,0
MAJOR GAMING LEAGUE TIER 1,Tier 1,6,IDIVYNE,EUVvfZ1fKDe844RVNXE2,KYZON ESPORTS,tm_yvpteelv4,22,25.6,25.581395348837212,8.67,8.666666666666666,3,3,86,"{""1"":9,""2"":7,""3"":6}","{""1"":5,""2"":13,""3"":8}","{""1"":5,""2"":13,""3"":8}","{""1"":33,""2"":31,""3"":22}",4,13,9,7,6,5,13,8,5,13,8,33,31,22,KZ • DIVYNE,Class 1,5,172,0,177,7.33,7.333333333333333,8573,2858,0
MAJOR GAMING LEAGUE TIER 1,Tier 1,6,STALKER,fLonAcil1vpsdmMvcMTT,VORTEX ONE,tm_4oss9tizq,22,27.5,27.500000000000004,9.33,9.333333333333334,3,3,80,"{""1"":10,""2"":6,""3"":6}","{""1"":8,""2"":15,""3"":5}","{""1"":8,""2"":15,""3"":5}","{""1"":33,""2"":18,""3"":29}",6,14,10,6,6,8,15,5,8,15,5,33,18,29,STALKER.VRX,Class 1,5,160,0,165,7.33,7.333333333333333,8237,2746,0
MAJOR GAMING LEAGUE TIER 1,Tier 1,6,LAZY,Tmdfj4k7UPoE2wFXGHxJ,REMEDIUM INVICTUS,tm_kdh97vkx3,21,29.2,29.166666666666668,11.33,11.333333333333334,3,3,72,"{""1"":12,""2"":1,""3"":8}","{""1"":6,""2"":18,""3"":10}","{""1"":6,""2"":18,""3"":10}","{""1"":33,""2"":4,""3"":35}",7,15,12,1,8,6,18,10,6,18,10,33,4,35,水RDM・GODS,Class 1,0,144,0,144,7,7,0,0,0
MAJOR GAMING LEAGUE TIER 1,Tier 1,6,JOZZY,FdJ3rIlmedcTFhzRruvA,DEVELOPERS,tm_w0a02yn8h,20,21.3,21.27659574468085,7.33,7.333333333333333,3,3,94,"{""1"":7,""2"":9,""3"":4}","{""1"":1,""2"":9,""3"":12}","{""1"":1,""2"":9,""3"":12}","{""1"":27,""2"":42,""3"":25}",3,16,7,9,4,1,9,12,1,9,12,27,42,25,BLADE.DXV,Class 1,25,188,0,213,6.67,6.666666666666667,9109,3036,0
MAJOR GAMING LEAGUE TIER 1,Tier 1,6,CODGOD,dqr1RKopXDu3zfgmOqcY,LEGIONARIES,tm_ffc044d9o,19,33.9,33.92857142857143,11,11,3,3,56,"{""1"":1,""2"":8,""3"":10}","{""1"":17,""2"":10,""3"":6}","{""1"":17,""2"":10,""3"":6}","{""1"":2,""2"":25,""3"":29}",9,17,1,8,10,17,10,6,17,10,6,2,25,29,LGN・CODGOD宗,Class 1,0,112,0,112,6.33,6.333333333333333,9578,3193,48.9
MAJOR GAMING LEAGUE TIER 1,Tier 1,6,SWAG,I0zrbJubS6A7RBMX0C3e,Narcissist,ukMz1QObm2RORWQOa9dc,19,33.3,33.33333333333333,2.33,2.3333333333333335,3,3,57,"{""1"":5,""2"":8,""3"":6}","{""1"":4,""2"":1,""3"":2}","{""1"":4,""2"":1,""3"":2}","{""1"":9,""2"":24,""3"":24}",5,18,5,8,6,4,1,2,4,1,2,9,24,24,SWAG??口,Class 1,55,114,0,169,6.33,6.333333333333333,0,0,0
MAJOR GAMING LEAGUE TIER 1,Tier 1,6,FATHERALI,lQ3oUgLHQF7EsyPL3mFJ,VORTEX ONE,tm_4oss9tizq,18,22.5,22.5,9.33,9.333333333333334,3,3,80,"{""1"":7,""2"":6,""3"":5}","{""1"":8,""2"":15,""3"":5}","{""1"":8,""2"":15,""3"":5}","{""1"":33,""2"":18,""3"":29}",6,19,7,6,5,8,15,5,8,15,5,33,18,29,FATHERALI.VRX,Class 1,5,160,0,165,6,6,9450,3150,22.9
MAJOR GAMING LEAGUE TIER 1,Tier 1,6,LOGIC,lnr5Lq6LubQMG2xapBht,PREACHER X,tm_c0yc4xjf4,18,20,20,5,5,3,3,90,"{""1"":6,""2"":10,""3"":2}","{""1"":10,""2"":2,""3"":3}","{""1"":10,""2"":2,""3"":3}","{""1"":31,""2"":31,""3"":28}",2,20,6,10,2,10,2,3,10,2,3,31,31,28,PЯX・LOGIC,Class 1,35,180,0,215,6,6,9017,3006,0
MAJOR GAMING LEAGUE TIER 1,Tier 1,6,JOJO,T2sK7jSZkJqKgLswvF1g,REMEDIUM INVICTUS,tm_kdh97vkx3,18,25,25,11.33,11.333333333333334,3,3,72,"{""1"":8,""2"":0,""3"":10}","{""1"":6,""2"":18,""3"":10}","{""1"":6,""2"":18,""3"":10}","{""1"":33,""2"":4,""3"":35}",7,21,8,0,10,6,18,10,6,18,10,33,4,35,水RDM・GADUS,Class 1,0,144,0,144,6,6,0,0,0
MAJOR GAMING LEAGUE TIER 1,Tier 1,6,TOM,hxHrnWldh81VX3Ygl3kw,PREACHER X,tm_c0yc4xjf4,17,18.9,18.88888888888889,5,5,3,3,90,"{""1"":5,""2"":4,""3"":8}","{""1"":10,""2"":2,""3"":3}","{""1"":10,""2"":2,""3"":3}","{""1"":31,""2"":31,""3"":28}",2,22,5,4,8,10,2,3,10,2,3,31,31,28,PЯX・OG TOM,Class 1,35,180,0,215,5.67,5.666666666666667,8274,2758,0
MAJOR GAMING LEAGUE TIER 1,Tier 1,6,LARRYCODM,IsJGFwRijyY55ezUgJMG,VORTEX ONE,tm_4oss9tizq,17,21.3,21.25,9.33,9.333333333333334,3,3,80,"{""1"":4,""2"":3,""3"":10}","{""1"":8,""2"":15,""3"":5}","{""1"":8,""2"":15,""3"":5}","{""1"":33,""2"":18,""3"":29}",6,23,4,3,10,8,15,5,8,15,5,33,18,29,LARRY.VRX,Class 1,5,160,0,165,5.67,5.666666666666667,6323,2108,23.7
MAJOR GAMING LEAGUE TIER 1,Tier 1,6,NURUTA,UiCvqj6uu4EoGsvi2kLs,CIAO HUNTERS X,tm_twhkzzdmf,17,37,36.95652173913043,10.33,10.333333333333334,3,3,46,"{""1"":7,""2"":9,""3"":1}","{""1"":11,""2"":5,""3"":15}","{""1"":11,""2"":5,""3"":15}","{""1"":26,""2"":16,""3"":4}",10,24,7,9,1,11,5,15,11,5,15,26,16,4,LATINA.CHX,Class 1,5,92,0,97,5.67,5.666666666666667,0,0,0
MAJOR GAMING LEAGUE TIER 1,Tier 1,6,TORUSKI,JS1VnLDlLbM6yIBFzo0u,SCARRED LEGION,aOLRuUnFkOKgu9xAtqHy,17,60.7,60.71428571428571,11.33,11.333333333333334,3,3,28,"{""1"":7,""2"":9,""3"":1}","{""1"":16,""2"":4,""3"":14}","{""1"":16,""2"":4,""3"":14}","{""1"":4,""2"":20,""3"":4}",13,25,7,9,1,16,4,14,16,4,14,4,20,4,DГ. ТОГЦメ,Class 1,10,56,0,66,5.67,5.666666666666667,0,0,0
MAJOR GAMING LEAGUE TIER 1,Tier 1,6,CODGHOST,AZdZ5MvPMJMZep4m3bBN,LEGIONARIES,tm_ffc044d9o,16,28.6,28.57142857142857,11,11,3,3,56,"{""1"":1,""2"":7,""3"":8}","{""1"":17,""2"":10,""3"":6}","{""1"":17,""2"":10,""3"":6}","{""1"":2,""2"":25,""3"":29}",9,26,1,7,8,17,10,6,17,10,6,2,25,29,LGN • CODGHOST.,Class 1,0,112,0,112,5.33,5.333333333333333,7679,2560,0
MAJOR GAMING LEAGUE TIER 1,Tier 1,6,SAVAGE,Hq5gw6eD9HnU8lTr2RHZ,FEARLESS WARRIORS,tm_rgqdo8wje,16,32,32,6,6,3,3,50,"{""1"":8,""2"":3,""3"":5}","{""1"":3,""2"":8,""3"":7}","{""1"":3,""2"":8,""3"":7}","{""1"":18,""2"":18,""3"":14}",8,27,8,3,5,3,8,7,3,8,7,18,18,14,ƑW・SAVAGEYT,Class 1,15,100,0,115,5.33,5.333333333333333,0,0,0
MAJOR GAMING LEAGUE TIER 1,Tier 1,6,REMO,dYruCjqNO7qAYaIBjTDt,Narcissist,ukMz1QObm2RORWQOa9dc,16,28.1,28.07017543859649,2.33,2.3333333333333335,3,3,57,"{""1"":2,""2"":8,""3"":6}","{""1"":4,""2"":1,""3"":2}","{""1"":4,""2"":1,""3"":2}","{""1"":9,""2"":24,""3"":24}",5,28,2,8,6,4,1,2,4,1,2,9,24,24,口RÉRÉ,Class 1,55,114,0,169,5.33,5.333333333333333,0,0,0
MAJOR GAMING LEAGUE TIER 1,Tier 1,6,ODOGWU,EL0jkB2u1HR36UhBAUWa,DEVELOPERS,tm_w0a02yn8h,15,16,15.957446808510639,7.33,7.333333333333333,3,3,94,"{""1"":0,""2"":7,""3"":8}","{""1"":1,""2"":9,""3"":12}","{""1"":1,""2"":9,""3"":12}","{""1"":27,""2"":42,""3"":25}",3,29,0,7,8,1,9,12,1,9,12,27,42,25,GOATED•DXV,Class 1,25,188,0,213,5,5,9737,3246,0
MAJOR GAMING LEAGUE TIER 1,Tier 1,6,MAUS,kUOdoGK7ff8eYeZgwvXq,FEARLESS WARRIORS,tm_rgqdo8wje,15,30,30,6,6,3,3,50,"{""1"":2,""2"":10,""3"":3}","{""1"":3,""2"":8,""3"":7}","{""1"":3,""2"":8,""3"":7}","{""1"":18,""2"":18,""3"":14}",8,30,2,10,3,3,8,7,3,8,7,18,18,14,ƑW・MAUS,Class 1,15,100,0,115,5,5,0,0,0
MAJOR GAMING LEAGUE TIER 1,Tier 1,6,NEMESIS,6lq8ySkqC6xbaUo6Erzq,CIAO HUNTERS X,tm_twhkzzdmf,14,30.4,30.434782608695656,10.33,10.333333333333334,3,3,46,"{""1"":11,""2"":2,""3"":1}","{""1"":11,""2"":5,""3"":15}","{""1"":11,""2"":5,""3"":15}","{""1"":26,""2"":16,""3"":4}",10,31,11,2,1,11,5,15,11,5,15,26,16,4,SISTER.CHX,Class 1,5,92,0,97,4.67,4.666666666666667,0,0,0
MAJOR GAMING LEAGUE TIER 1,Tier 1,6,PHILIP MELO,gybDsWbwIY4s0wRh2Nj4,FEARLESS WARRIORS,tm_rgqdo8wje,14,28,28.000000000000004,6,6,3,3,50,"{""1"":4,""2"":5,""3"":5}","{""1"":3,""2"":8,""3"":7}","{""1"":3,""2"":8,""3"":7}","{""1"":18,""2"":18,""3"":14}",8,32,4,5,5,3,8,7,3,8,7,18,18,14,ƑW・MELO,Class 1,15,100,0,115,4.67,4.666666666666667,0,0,0
MAJOR GAMING LEAGUE TIER 1,Tier 1,6,ISCO,Ju9oBCWQSs6kfDYixRZK,LEGIONARIES,tm_ffc044d9o,13,23.2,23.214285714285715,11,11,3,3,56,"{""1"":0,""2"":8,""3"":5}","{""1"":17,""2"":10,""3"":6}","{""1"":17,""2"":10,""3"":6}","{""1"":2,""2"":25,""3"":29}",9,33,0,8,5,17,10,6,17,10,6,2,25,29,ZN ISCO LGN,Class 1,0,112,0,112,4.33,4.333333333333333,5512,1837,0
MAJOR GAMING LEAGUE TIER 1,Tier 1,6,YOURBALLS,DEP0DMTu1Bn8IsMenRxs,Narcissist,ukMz1QObm2RORWQOa9dc,13,22.8,22.807017543859647,2.33,2.3333333333333335,3,3,57,"{""1"":1,""2"":5,""3"":7}","{""1"":4,""2"":1,""3"":2}","{""1"":4,""2"":1,""3"":2}","{""1"":9,""2"":24,""3"":24}",5,34,1,5,7,4,1,2,4,1,2,9,24,24,YOURBALLS??口,Class 1,55,114,0,169,4.33,4.333333333333333,0,0,0
MAJOR GAMING LEAGUE TIER 1,Tier 1,6,GAARA,frAw1ZokwwidsPGWguSM,ENVY 7 ONE,tm_ubz3oae5j,12,29.3,29.268292682926827,10.67,10.666666666666666,3,3,41,"{""1"":4,""2"":8,""3"":0}","{""1"":9,""2"":6,""3"":17}","{""1"":9,""2"":6,""3"":17}","{""1"":23,""2"":18,""3"":0}",12,35,4,8,0,9,6,17,9,6,17,23,18,0,GAARA.SVN¹,Class 1,0,82,0,82,4,4,5372,1791,21
MAJOR GAMING LEAGUE TIER 1,Tier 1,6,EM,2WNu5en2b2i2xwbwuzIV,KYZON ESPORTS,tm_yvpteelv4,11,12.8,12.790697674418606,8.67,8.666666666666666,3,3,86,"{""1"":3,""2"":2,""3"":6}","{""1"":5,""2"":13,""3"":8}","{""1"":5,""2"":13,""3"":8}","{""1"":33,""2"":31,""3"":22}",4,36,3,2,6,5,13,8,5,13,8,33,31,22,ҞZ • MMৢ,Class 1,5,172,0,177,3.67,3.6666666666666665,5273,1758,0
MAJOR GAMING LEAGUE TIER 1,Tier 1,6,APOSTLE,L1LKfVKd47rwlshv2vY1,CIAO HUNTERS X,tm_twhkzzdmf,11,23.9,23.91304347826087,10.33,10.333333333333334,3,3,46,"{""1"":7,""2"":2,""3"":2}","{""1"":11,""2"":5,""3"":15}","{""1"":11,""2"":5,""3"":15}","{""1"":26,""2"":16,""3"":4}",10,37,7,2,2,11,5,15,11,5,15,26,16,4,CPT APYT.CHX,Class 1,5,92,0,97,3.67,3.6666666666666665,0,0,0
MAJOR GAMING LEAGUE TIER 1,Tier 1,6,FEEZYYT,l3vxxu4J4YVLLtpydbiX,MAIN CHARACTERS OG,tm_mgol0xhrx,11,23.9,23.91304347826087,11.67,11.666666666666666,2,3,46,"{""2"":3,""3"":8}","{""2"":11,""3"":9}","{""1"":15,""2"":11,""3"":9}","{""1"":6,""2"":17,""3"":23}",11,38,,3,8,,11,9,15,11,9,6,17,23,FEEZYYYT丨MC,Class 1,0,92,0,92,5.5,5.5,0,0,0
MAJOR GAMING LEAGUE TIER 1,Tier 1,6,PANIKA,w7l460tngtU3MfSjy7L4,MAIN CHARACTERS OG,tm_mgol0xhrx,11,23.9,23.91304347826087,11.67,11.666666666666666,2,3,46,"{""2"":3,""3"":8}","{""2"":11,""3"":9}","{""1"":15,""2"":11,""3"":9}","{""1"":6,""2"":17,""3"":23}",11,39,,3,8,,11,9,15,11,9,6,17,23,メՄՆ・PANIKMC,Class 1,0,92,0,92,5.5,5.5,0,0,0
MAJOR GAMING LEAGUE TIER 1,Tier 1,6,WINDIGO,Y3hmYqIvBg07ApvAvtRu,MAIN CHARACTERS OG,tm_mgol0xhrx,11,23.9,23.91304347826087,11.67,11.666666666666666,2,3,46,"{""2"":7,""3"":4}","{""2"":11,""3"":9}","{""1"":15,""2"":11,""3"":9}","{""1"":6,""2"":17,""3"":23}",11,40,,7,4,,11,9,15,11,9,6,17,23,MC丨WINDIGOAT,Class 1,0,92,0,92,5.5,5.5,0,0,0
MAJOR GAMING LEAGUE TIER 1,Tier 1,6,TRYING,PoZ1r7UYNb4ferMN4h0R,ENVY 7 ONE,tm_ubz3oae5j,10,24.4,24.390243902439025,10.67,10.666666666666666,2,3,41,"{""1"":7,""2"":3}","{""1"":9,""2"":6}","{""1"":9,""2"":6,""3"":17}","{""1"":23,""2"":18,""3"":0}",12,41,7,3,,9,6,,9,6,17,23,18,0,TRYING.SVN,Class 1,0,82,0,82,5,5,6012,3006,0
MAJOR GAMING LEAGUE TIER 1,Tier 1,6,PAGANINI,APlTtB3VKt0P7QlbaYHA,ENVY 7 ONE,tm_ubz3oae5j,10,24.4,24.390243902439025,10.67,10.666666666666666,3,3,41,"{""1"":8,""2"":2,""3"":0}","{""1"":9,""2"":6,""3"":17}","{""1"":9,""2"":6,""3"":17}","{""1"":23,""2"":18,""3"":0}",12,42,8,2,0,9,6,17,9,6,17,23,18,0,SIX.SVN,Class 1,0,82,0,82,3.33,3.3333333333333335,5578,1859,0
MAJOR GAMING LEAGUE TIER 1,Tier 1,6,TRAUMA,mRdFfQB7p8thuw53PwWL,SCARRED LEGION,aOLRuUnFkOKgu9xAtqHy,10,35.7,35.714285714285715,11.33,11.333333333333334,3,3,28,"{""1"":2,""2"":6,""3"":2}","{""1"":16,""2"":4,""3"":14}","{""1"":16,""2"":4,""3"":14}","{""1"":4,""2"":20,""3"":4}",13,43,2,6,2,16,4,14,16,4,14,4,20,4,メ TRAUMA,Class 1,10,56,0,66,3.33,3.3333333333333335,0,0,0
MAJOR GAMING LEAGUE TIER 1,Tier 1,6,ITACHI,8GOX41vVXHYB1HR3LSNi,WICKED ENTITIES,tm_n96zqds0m,10,52.6,52.63157894736842,15.67,15.666666666666666,3,3,19,"{""1"":9,""2"":0,""3"":1}","{""1"":12,""2"":17,""3"":18}","{""1"":12,""2"":17,""3"":18}","{""1"":17,""2"":1,""3"":1}",16,44,9,0,1,12,17,18,12,17,18,17,1,1,ƐИ丨ITACHI,Class 1,0,38,0,38,3.33,3.3333333333333335,0,0,0
MAJOR GAMING LEAGUE TIER 1,Tier 1,6,SUSMEDIC,qNv71p42rEEps23BrUvF,REMEDIUM INVICTUS,tm_kdh97vkx3,10,13.9,13.88888888888889,11.33,11.333333333333334,3,3,72,"{""1"":4,""2"":1,""3"":5}","{""1"":6,""2"":18,""3"":10}","{""1"":6,""2"":18,""3"":10}","{""1"":33,""2"":4,""3"":35}",7,45,4,1,5,6,18,10,6,18,10,33,4,35,水RDM・MEDIC,Class 1,0,144,0,144,3.33,3.3333333333333335,0,0,0
MAJOR GAMING LEAGUE TIER 1,Tier 1,6,SOG,B9K5pOOLE39QnCqnDNHY,ENVY 7 ONE,tm_ubz3oae5j,9,22,21.951219512195124,10.67,10.666666666666666,3,3,41,"{""1"":4,""2"":5,""3"":0}","{""1"":9,""2"":6,""3"":17}","{""1"":9,""2"":6,""3"":17}","{""1"":23,""2"":18,""3"":0}",12,46,4,5,0,9,6,17,9,6,17,23,18,0,SOG.SVN¹,Class 1,0,82,0,82,3,3,4897,1632,0
MAJOR GAMING LEAGUE TIER 1,Tier 1,6,DANIEL,2hoGdFkIX9KrsMSafUIB,FEARLESS ULTIMATE,QXr3HX0HM3Rf35A0UKUN,9,39.1,39.130434782608695,13.67,13.666666666666666,3,3,23,"{""1"":1,""2"":5,""3"":3}","{""1"":18,""2"":12,""3"":11}","{""1"":18,""2"":12,""3"":11}","{""1"":2,""2"":16,""3"":5}",14,47,1,5,3,18,12,11,18,12,11,2,16,5,ƑW・X TA C,Class 1,0,46,0,46,3,3,0,0,0
MAJOR GAMING LEAGUE TIER 1,Tier 1,6,SWAYZE,qefoLXaT9gaO2ycKQocy,Narcissist,ukMz1QObm2RORWQOa9dc,9,15.8,15.789473684210526,2.33,2.3333333333333335,3,3,57,"{""1"":1,""2"":3,""3"":5}","{""1"":4,""2"":1,""3"":2}","{""1"":4,""2"":1,""3"":2}","{""1"":9,""2"":24,""3"":24}",5,48,1,3,5,4,1,2,4,1,2,9,24,24,口ISWAYZETT,Class 1,55,114,0,169,3,3,0,0,0
MAJOR GAMING LEAGUE TIER 1,Tier 1,6,POPE,EHyRjfeTvbYD9VvE9H1H,LEGIONARIES,tm_ffc044d9o,8,14.3,14.285714285714285,11,11,3,3,56,"{""1"":0,""2"":2,""3"":6}","{""1"":17,""2"":10,""3"":6}","{""1"":17,""2"":10,""3"":6}","{""1"":2,""2"":25,""3"":29}",9,49,0,2,6,17,10,6,17,10,6,2,25,29,LGN・USERX,Class 1,0,112,0,112,2.67,2.6666666666666665,5871,1957,0
MAJOR GAMING LEAGUE TIER 1,Tier 1,6,DONRUSKI,e0oR3lJ4tSBFjhWWp96W,FAZE ICONS,62lUXdIP47pjzO65aTZm,7,31.8,31.818181818181817,13.67,13.666666666666666,2,3,22,"{""1"":3,""2"":4}","{""1"":14,""2"":14}","{""1"":14,""2"":14,""3"":13}","{""1"":7,""2"":15,""3"":0}",15,50,3,4,,14,14,,14,14,13,7,15,0,ҒZ MERC,Class 1,0,44,0,44,3.5,3.5,0,0,0
MAJOR GAMING LEAGUE TIER 1,Tier 1,6,DELETE,yXsVHpZGIDJoF3CpeME2,MAIN CHARACTERS OG,tm_mgol0xhrx,7,15.2,15.217391304347828,11.67,11.666666666666666,2,3,46,"{""2"":4,""3"":3}","{""2"":11,""3"":9}","{""1"":15,""2"":11,""3"":9}","{""1"":6,""2"":17,""3"":23}",11,51,,4,3,,11,9,15,11,9,6,17,23,MC丨IFɅ,Class 1,0,92,0,92,3.5,3.5,0,0,0
MAJOR GAMING LEAGUE TIER 1,Tier 1,6,YACHTY,QlxRht8AflEsDsg74NSw,FAZE ICONS,62lUXdIP47pjzO65aTZm,6,27.3,27.27272727272727,13.67,13.666666666666666,2,3,22,"{""1"":2,""2"":4}","{""1"":14,""2"":14}","{""1"":14,""2"":14,""3"":13}","{""1"":7,""2"":15,""3"":0}",15,52,2,4,,14,14,,14,14,13,7,15,0,ҒZ YACHTY,Class 1,0,44,0,44,3,3,0,0,0
MAJOR GAMING LEAGUE TIER 1,Tier 1,6,PAPA GOLIATH,Cc3MODDvaSwP1V3fppBQ,FAZE ICONS,62lUXdIP47pjzO65aTZm,6,27.3,27.27272727272727,13.67,13.666666666666666,2,3,22,"{""2"":6,""3"":0}","{""2"":14,""3"":13}","{""1"":14,""2"":14,""3"":13}","{""1"":7,""2"":15,""3"":0}",15,53,,6,0,,14,13,14,14,13,7,15,0,ҒZ SASSY,Class 1,0,44,0,44,3,3,0,0,0
MAJOR GAMING LEAGUE TIER 1,Tier 1,6,LUDGER,PQAripc5A3a7tOZ5qHrY,FEARLESS WARRIORS,tm_rgqdo8wje,5,10,10,6,6,3,3,50,"{""1"":4,""2"":0,""3"":1}","{""1"":3,""2"":8,""3"":7}","{""1"":3,""2"":8,""3"":7}","{""1"":18,""2"":18,""3"":14}",8,54,4,0,1,3,8,7,3,8,7,18,18,14,ZN LUDGER・ƑW,Class 1,15,100,0,115,1.67,1.6666666666666667,0,0,0
MAJOR GAMING LEAGUE TIER 1,Tier 1,6,BABYGLITCH,ZmLcnbEngSBzomLIxCGA,Kingpins,hVWczQAJ8Eqvzrp97sHO,5,55.6,55.55555555555556,9,9,3,3,9,"{""1"":2,""2"":2,""3"":1}","{""1"":7,""2"":16,""3"":4}","{""1"":7,""2"":16,""3"":4}","{""1"":3,""2"":3,""3"":3}",17,55,2,2,1,7,16,4,7,16,4,3,3,3,BABYGLITCH • K几,Class 1,10,18,0,28,1.67,1.6666666666666667,0,0,0
MAJOR GAMING LEAGUE TIER 1,Tier 1,6,ROGUE,r7ePhyqUmojwCVE0MNwB,FEARLESS ULTIMATE,QXr3HX0HM3Rf35A0UKUN,5,21.7,21.73913043478261,13.67,13.666666666666666,3,3,23,"{""1"":0,""2"":3,""3"":2}","{""1"":18,""2"":12,""3"":11}","{""1"":18,""2"":12,""3"":11}","{""1"":2,""2"":16,""3"":5}",14,56,0,3,2,18,12,11,18,12,11,2,16,5,ƑW・ঐSHADOW,Class 1,0,46,0,46,1.67,1.6666666666666667,0,0,0
MAJOR GAMING LEAGUE TIER 1,Tier 1,6,ZEKE,9WSTxWXotyu8TnpA79Eg,WICKED ENTITIES,tm_n96zqds0m,5,26.3,26.31578947368421,15.67,15.666666666666666,3,3,19,"{""1"":4,""2"":1,""3"":0}","{""1"":12,""2"":17,""3"":18}","{""1"":12,""2"":17,""3"":18}","{""1"":17,""2"":1,""3"":1}",16,57,4,1,0,12,17,18,12,17,18,17,1,1,ƐИ丨ZYT,Class 1,0,38,0,38,1.67,1.6666666666666667,0,0,0
MAJOR GAMING LEAGUE TIER 1,Tier 1,6,PERRY,UArtKsSm8JO1hOVB5ULd,Marines Cartel,o7Dp7knjVTxhemRjJF7R,5,45.5,45.45454545454545,12,12,3,3,11,"{""1"":4,""2"":1,""3"":0}","{""1"":13,""2"":7,""3"":16}","{""1"":13,""2"":7,""3"":16}","{""1"":9,""2"":2,""3"":0}",18,58,4,1,0,13,7,16,13,7,16,9,2,0,¹LT丨PARIS,Class 1,0,22,0,22,1.67,1.6666666666666667,0,0,0
MAJOR GAMING LEAGUE TIER 1,Tier 1,6,SAYYID,UV54iNm4m2FaNnydcJiN,FEARLESS ULTIMATE,QXr3HX0HM3Rf35A0UKUN,4,17.4,17.391304347826086,13.67,13.666666666666666,2,3,23,"{""1"":0,""2"":4}","{""1"":18,""2"":12}","{""1"":18,""2"":12,""3"":11}","{""1"":2,""2"":16,""3"":5}",14,59,0,4,,18,12,,18,12,11,2,16,5,ƑW・SAYYID ঐ,Class 1,0,46,0,46,2,2,0,0,0
MAJOR GAMING LEAGUE TIER 1,Tier 1,6,KWEKU,S0nVxhtza8Lcoeyu4hwb,CIAO HUNTERS X,tm_twhkzzdmf,4,8.7,8.695652173913043,10.33,10.333333333333334,3,3,46,"{""1"":1,""2"":3,""3"":0}","{""1"":11,""2"":5,""3"":15}","{""1"":11,""2"":5,""3"":15}","{""1"":26,""2"":16,""3"":4}",10,60,1,3,0,11,5,15,11,5,15,26,16,4,KWEKU.CHX,Class 1,5,92,0,97,1.33,1.3333333333333333,0,0,0
MAJOR GAMING LEAGUE TIER 1,Tier 1,6,MIDEX,B1Kj8xeiYMbthFGnQbEJ,Kingpins,hVWczQAJ8Eqvzrp97sHO,3,33.3,33.33333333333333,9,9,3,3,9,"{""1"":0,""2"":1,""3"":2}","{""1"":7,""2"":16,""3"":4}","{""1"":7,""2"":16,""3"":4}","{""1"":3,""2"":3,""3"":3}",17,61,0,1,2,7,16,4,7,16,4,3,3,3,MŁD£X++・K几,Class 1,10,18,0,28,1,1,0,0,0
MAJOR GAMING LEAGUE TIER 1,Tier 1,6,DAVLIEN,B11aFzLHBG1YcrCZHV68,Marines Cartel,o7Dp7knjVTxhemRjJF7R,3,27.3,27.27272727272727,12,12,3,3,11,"{""1"":3,""2"":0,""3"":0}","{""1"":13,""2"":7,""3"":16}","{""1"":13,""2"":7,""3"":16}","{""1"":9,""2"":2,""3"":0}",18,62,3,0,0,13,7,16,13,7,16,9,2,0,DAVLIEN.IN.¹LT,Class 1,0,22,0,22,1,1,0,0,0
MAJOR GAMING LEAGUE TIER 1,Tier 1,6,UMBRELLA,ZbDtqKyjWc2uCQ1Iu3Xg,FAZE ICONS,62lUXdIP47pjzO65aTZm,3,13.6,13.636363636363635,13.67,13.666666666666666,3,3,22,"{""1"":2,""2"":1,""3"":0}","{""1"":14,""2"":14,""3"":13}","{""1"":14,""2"":14,""3"":13}","{""1"":7,""2"":15,""3"":0}",15,63,2,1,0,14,14,13,14,14,13,7,15,0,ҒZ UMBRELLA,Class 1,0,44,0,44,1,1,0,0,0
MAJOR GAMING LEAGUE TIER 1,Tier 1,6,LIONFACE,PMOZmTbjtV7Jea8FMW8Y,Marines Cartel,o7Dp7knjVTxhemRjJF7R,3,27.3,27.27272727272727,12,12,3,3,11,"{""1"":2,""2"":1,""3"":0}","{""1"":13,""2"":7,""3"":16}","{""1"":13,""2"":7,""3"":16}","{""1"":9,""2"":2,""3"":0}",18,64,2,1,0,13,7,16,13,7,16,9,2,0,¹LT丨DADYLION,Class 1,0,22,0,22,1,1,0,0,0
MAJOR GAMING LEAGUE TIER 1,Tier 1,6,RETIRED,e8Z8c5IjjbrnZ6ekVpAg,SCARRED LEGION,aOLRuUnFkOKgu9xAtqHy,3,10.7,10.714285714285714,11.33,11.333333333333334,3,3,28,"{""1"":0,""2"":3,""3"":0}","{""1"":16,""2"":4,""3"":14}","{""1"":16,""2"":4,""3"":14}","{""1"":4,""2"":20,""3"":4}",13,65,0,3,0,16,4,14,16,4,14,4,20,4,GENESISメ,Class 1,10,56,0,66,1,1,0,0,0
MAJOR GAMING LEAGUE TIER 1,Tier 1,6,21MS,OlvDP99EsWN3sJd3nOZC,SCARRED LEGION,aOLRuUnFkOKgu9xAtqHy,2,7.1,7.142857142857142,11.33,11.333333333333334,3,3,28,"{""1"":0,""2"":2,""3"":0}","{""1"":16,""2"":4,""3"":14}","{""1"":16,""2"":4,""3"":14}","{""1"":4,""2"":20,""3"":4}",13,66,0,2,0,16,4,14,16,4,14,4,20,4,IKUUU メ,Class 1,10,56,0,66,0.67,0.6666666666666666,0,0,0
MAJOR GAMING LEAGUE TIER 1,Tier 1,6,KENOBI,pELJbpvr5LDNa3FC6EzA,WICKED ENTITIES,tm_n96zqds0m,2,10.5,10.526315789473683,15.67,15.666666666666666,3,3,19,"{""1"":2,""2"":0,""3"":0}","{""1"":12,""2"":17,""3"":18}","{""1"":12,""2"":17,""3"":18}","{""1"":17,""2"":1,""3"":1}",16,67,2,0,0,12,17,18,12,17,18,17,1,1,ƐИ丨ALBOZ,Class 1,0,38,0,38,0.67,0.6666666666666666,0,0,0
MAJOR GAMING LEAGUE TIER 1,Tier 1,6,MOON,rS33lQiCN46PKYQTcxHR,Kingpins,hVWczQAJ8Eqvzrp97sHO,1,11.1,11.11111111111111,9,9,3,3,9,"{""1"":1,""2"":0,""3"":0}","{""1"":7,""2"":16,""3"":4}","{""1"":7,""2"":16,""3"":4}","{""1"":3,""2"":3,""3"":3}",17,68,1,0,0,7,16,4,7,16,4,3,3,3,K几 • SCARYDAD,Class 1,10,18,0,28,0.33,0.3333333333333333,0,0,0
MAJOR GAMING LEAGUE TIER 1,Tier 1,6,FAISAL,QVO0XqhdgPakgt3SBoto,FEARLESS ULTIMATE,QXr3HX0HM3Rf35A0UKUN,1,4.3,4.3478260869565215,13.67,13.666666666666666,1,3,23,"{""1"":1}","{""1"":18}","{""1"":18,""2"":12,""3"":11}","{""1"":2,""2"":16,""3"":5}",14,69,1,,,18,,,18,12,11,2,16,5,ƑW・道FAISAL,Class 1,0,46,0,46,1,1,0,0,0
MAJOR GAMING LEAGUE TIER 1,Tier 1,6,BIRA,FucAwO62qzLHAImEO0VV,Marines Cartel,o7Dp7knjVTxhemRjJF7R,0,0,0,12,12,2,3,11,"{""2"":0,""3"":0}","{""2"":7,""3"":16}","{""1"":13,""2"":7,""3"":16}","{""1"":9,""2"":2,""3"":0}",18,70,,0,0,,7,16,13,7,16,9,2,0,BIRAYT.IN.¹LT,Class 1,0,22,0,22,0,0,0,0,0
MAJOR GAMING LEAGUE TIER 1,Tier 1,6,KANAKI/HYBRID,obenQLUFr5yTVY0TzxuL,Kingpins,hVWczQAJ8Eqvzrp97sHO,0,0,0,9,9,2,3,9,"{""2"":0,""3"":0}","{""2"":16,""3"":4}","{""1"":7,""2"":16,""3"":4}","{""1"":3,""2"":3,""3"":3}",17,71,,0,0,,16,4,7,16,4,3,3,3,K几・,Class 1,10,18,0,28,0,0,0,0,0
MAJOR GAMING LEAGUE TIER 1,Tier 1,6,YUSUF,qKQQ85V7nwqlL2KDXoGl,ENVY 7 ONE,tm_ubz3oae5j,0,0,0,10.67,10.666666666666666,1,3,41,"{""3"":0}","{""3"":17}","{""1"":9,""2"":6,""3"":17}","{""1"":23,""2"":18,""3"":0}",12,72,,,0,,,17,9,6,17,23,18,0,YUSUF.SVN¹,Class 1,0,82,0,82,0,0,0,0,0